game_id,home_team,away_team,commence_time,bookmaker,home_odds,draw_odds,away_odds,market,home_prob,draw_prob,away_prob,home_prob_norm,draw_prob_norm,away_prob_norm
80d82d1113934bfbea4ce8daf37a2433,Mexico,South Africa,2026-06-11T19:00:00Z,sportsbet,1.4,4.4,8.5,h2h,0.7142857142857143,0.22727272727272727,0.11764705882352941,0.6743598990263253,0.2145690587811035,0.11107104219257123
80d82d1113934bfbea4ce8daf37a2433,Mexico,South Africa,2026-06-11T19:00:00Z,betmgm,1.44,4.33,7.5,h2h,0.6944444444444444,0.23094688221709006,0.13333333333333333,0.6559254456657416,0.21813686876643598,0.1259376855678224
80d82d1113934bfbea4ce8daf37a2433,Mexico,South Africa,2026-06-11T19:00:00Z,fanduel,1.4,4.5,9.0,h2h,0.7142857142857143,0.2222222222222222,0.1111111111111111,0.6818181818181818,0.2121212121212121,0.10606060606060605
80d82d1113934bfbea4ce8daf37a2433,Mexico,South Africa,2026-06-11T19:00:00Z,paddypower,1.36,4.33,8.5,h2h,0.7352941176470588,0.23094688221709006,0.11764705882352941,0.6783856614651876,0.2130726327003823,0.10854170583443004
80d82d1113934bfbea4ce8daf37a2433,Mexico,South Africa,2026-06-11T19:00:00Z,skybet,1.4,4.33,8.5,h2h,0.7142857142857143,0.23094688221709006,0.11764705882352941,0.6720287764529735,0.21728413095477203,0.11068709259225445
80d82d1113934bfbea4ce8daf37a2433,Mexico,South Africa,2026-06-11T19:00:00Z,marathonbet,1.42,4.55,9.3,h2h,0.7042253521126761,0.21978021978021978,0.1075268817204301,0.6826982027040109,0.21306185666806493,0.10423994062792423
80d82d1113934bfbea4ce8daf37a2433,Mexico,South Africa,2026-06-11T19:00:00Z,pinnacle,1.41,4.62,8.76,h2h,0.7092198581560284,0.21645021645021645,0.11415525114155252,0.6820567268314879,0.20816016987714242,0.10978310329136963
80d82d1113934bfbea4ce8daf37a2433,Mexico,South Africa,2026-06-11T19:00:00Z,grosvenor,1.34,4.7,9.5,h2h,0.7462686567164178,0.2127659574468085,0.10526315789473684,0.7011840824146487,0.19991205753949562,0.09890386004585572
80d82d1113934bfbea4ce8daf37a2433,Mexico,South Africa,2026-06-11T19:00:00Z,betfair_ex_au,1.44,4.7,10.0,h2h,0.6944444444444444,0.2127659574468085,0.1,0.6894730665414858,0.21124281187654034,0.09928412158197396
80d82d1113934bfbea4ce8daf37a2433,Mexico,South Africa,2026-06-11T19:00:00Z,betfair_ex_uk,1.44,4.7,10.0,h2h,0.6944444444444444,0.2127659574468085,0.1,0.6894730665414858,0.21124281187654034,0.09928412158197396
80d82d1113934bfbea4ce8daf37a2433,Mexico,South Africa,2026-06-11T19:00:00Z,betfair_ex_eu,1.44,4.7,10.0,h2h,0.6944444444444444,0.2127659574468085,0.1,0.6894730665414858,0.21124281187654034,0.09928412158197396
80d82d1113934bfbea4ce8daf37a2433,Mexico,South Africa,2026-06-11T19:00:00Z,everygame,1.4,4.5,8.5,h2h,0.7142857142857143,0.2222222222222222,0.11764705882352941,0.6775907883082374,0.21080602302922938,0.11160318866253321
80d82d1113934bfbea4ce8daf37a2433,Mexico,South Africa,2026-06-11T19:00:00Z,pointsbetau,1.4,4.3,8.0,h2h,0.7142857142857143,0.23255813953488372,0.125,0.6664083688492832,0.2169701666020922,0.11662146454862456
80d82d1113934bfbea4ce8daf37a2433,Mexico,South Africa,2026-06-11T19:00:00Z,unibet_fr,1.4,4.6,9.0,h2h,0.7142857142857143,0.2173913043478261,0.1111111111111111,0.684976836532098,0.20847121111846462,0.10655195234943744
80d82d1113934bfbea4ce8daf37a2433,Mexico,South Africa,2026-06-11T19:00:00Z,bovada,1.4,4.5,8.5,h2h,0.7142857142857143,0.2222222222222222,0.11764705882352941,0.6775907883082374,0.21080602302922938,0.11160318866253321
80d82d1113934bfbea4ce8daf37a2433,Mexico,South Africa,2026-06-11T19:00:00Z,tabtouch,1.34,4.7,9.0,h2h,0.7462686567164178,0.2127659574468085,0.1111111111111111,0.6973523690197501,0.19881961159286496,0.10382801938738502
80d82d1113934bfbea4ce8daf37a2433,Mexico,South Africa,2026-06-11T19:00:00Z,tab,1.42,4.25,8.5,h2h,0.7042253521126761,0.23529411764705882,0.11764705882352941,0.6661442006269593,0.2225705329153605,0.11128526645768025
80d82d1113934bfbea4ce8daf37a2433,Mexico,South Africa,2026-06-11T19:00:00Z,smarkets,1.44,4.7,10.0,h2h,0.6944444444444444,0.2127659574468085,0.1,0.6894730665414858,0.21124281187654034,0.09928412158197396
80d82d1113934bfbea4ce8daf37a2433,Mexico,South Africa,2026-06-11T19:00:00Z,casumo,1.35,4.8,9.5,h2h,0.7407407407407407,0.20833333333333334,0.10526315789473684,0.7025652877282181,0.19759648717356137,0.09983822509822048
80d82d1113934bfbea4ce8daf37a2433,Mexico,South Africa,2026-06-11T19:00:00Z,coolbet,1.45,4.6,9.0,h2h,0.6896551724137931,0.2173913043478261,0.1111111111111111,0.6773560209424083,0.21351439790575916,0.10912958115183244
80d82d1113934bfbea4ce8daf37a2433,Mexico,South Africa,2026-06-11T19:00:00Z,coral,1.44,4.33,7.5,h2h,0.6944444444444444,0.23094688221709006,0.13333333333333333,0.6559254456657416,0.21813686876643598,0.1259376855678224
80d82d1113934bfbea4ce8daf37a2433,Mexico,South Africa,2026-06-11T19:00:00Z,ladbrokes_uk,1.44,4.33,7.5,h2h,0.6944444444444444,0.23094688221709006,0.13333333333333333,0.6559254456657416,0.21813686876643598,0.1259376855678224
80d82d1113934bfbea4ce8daf37a2433,Mexico,South Africa,2026-06-11T19:00:00Z,betway,1.4,4.5,7.5,h2h,0.7142857142857143,0.2222222222222222,0.13333333333333333,0.6676557863501484,0.20771513353115725,0.12462908011869436
80d82d1113934bfbea4ce8daf37a2433,Mexico,South Africa,2026-06-11T19:00:00Z,sport888,1.4,4.0,8.0,h2h,0.7142857142857143,0.25,0.125,0.6557377049180327,0.22950819672131145,0.11475409836065573
80d82d1113934bfbea4ce8daf37a2433,Mexico,South Africa,2026-06-11T19:00:00Z,williamhill,1.4,4.2,8.0,h2h,0.7142857142857143,0.23809523809523808,0.125,0.6629834254143647,0.22099447513812154,0.11602209944751382
80d82d1113934bfbea4ce8daf37a2433,Mexico,South Africa,2026-06-11T19:00:00Z,unibet_uk,1.42,4.25,8.0,h2h,0.7042253521126761,0.23529411764705882,0.125,0.6615429516489931,0.22103317443331064,0.11742387391769628
80d82d1113934bfbea4ce8daf37a2433,Mexico,South Africa,2026-06-11T19:00:00Z,unibet_nl,1.36,4.9,10.0,h2h,0.7352941176470588,0.2040816326530612,0.1,0.7074382074382074,0.19635019635019635,0.09621159621159622
80d82d1113934bfbea4ce8daf37a2433,Mexico,South Africa,2026-06-11T19:00:00Z,livescorebet,1.34,4.7,9.0,h2h,0.7462686567164178,0.2127659574468085,0.1111111111111111,0.6973523690197501,0.19881961159286496,0.10382801938738502
80d82d1113934bfbea4ce8daf37a2433,Mexico,South Africa,2026-06-11T19:00:00Z,ladbrokes_au,1.42,4.25,8.0,h2h,0.7042253521126761,0.23529411764705882,0.125,0.6615429516489931,0.22103317443331064,0.11742387391769628
80d82d1113934bfbea4ce8daf37a2433,Mexico,South Africa,2026-06-11T19:00:00Z,leovegas,1.35,4.8,9.5,h2h,0.7407407407407407,0.20833333333333334,0.10526315789473684,0.7025652877282181,0.19759648717356137,0.09983822509822048
80d82d1113934bfbea4ce8daf37a2433,Mexico,South Africa,2026-06-11T19:00:00Z,leovegas_se,1.35,4.8,9.5,h2h,0.7407407407407407,0.20833333333333334,0.10526315789473684,0.7025652877282181,0.19759648717356137,0.09983822509822048
80d82d1113934bfbea4ce8daf37a2433,Mexico,South Africa,2026-06-11T19:00:00Z,virginbet,1.34,4.7,9.0,h2h,0.7462686567164178,0.2127659574468085,0.1111111111111111,0.6973523690197501,0.19881961159286496,0.10382801938738502
80d82d1113934bfbea4ce8daf37a2433,Mexico,South Africa,2026-06-11T19:00:00Z,neds,1.42,4.25,8.0,h2h,0.7042253521126761,0.23529411764705882,0.125,0.6615429516489931,0.22103317443331064,0.11742387391769628
80d82d1113934bfbea4ce8daf37a2433,Mexico,South Africa,2026-06-11T19:00:00Z,unibet_se,1.36,4.9,10.0,h2h,0.7352941176470588,0.2040816326530612,0.1,0.7074382074382074,0.19635019635019635,0.09621159621159622
80d82d1113934bfbea4ce8daf37a2433,Mexico,South Africa,2026-06-11T19:00:00Z,unibet,1.34,4.7,9.0,h2h,0.7462686567164178,0.2127659574468085,0.1111111111111111,0.6973523690197501,0.19881961159286496,0.10382801938738502
80d82d1113934bfbea4ce8daf37a2433,Mexico,South Africa,2026-06-11T19:00:00Z,betonlineag,1.42,4.65,8.75,h2h,0.7042253521126761,0.2150537634408602,0.11428571428571428,0.6813557619043632,0.20806993159230014,0.11057430650333665
80d82d1113934bfbea4ce8daf37a2433,Mexico,South Africa,2026-06-11T19:00:00Z,boylesports,1.4,4.2,8.0,h2h,0.7142857142857143,0.23809523809523808,0.125,0.6629834254143647,0.22099447513812154,0.11602209944751382
80d82d1113934bfbea4ce8daf37a2433,Mexico,South Africa,2026-06-11T19:00:00Z,pmu_fr,1.35,5.0,9.5,h2h,0.7407407407407407,0.2,0.10526315789473684,0.7081625046589639,0.1912038762579203,0.10063361908311592
80d82d1113934bfbea4ce8daf37a2433,Mexico,South Africa,2026-06-11T19:00:00Z,mybookieag,1.43,4.0,7.4,h2h,0.6993006993006994,0.25,0.13513513513513511,0.6448520761622588,0.2305346172280075,0.12461330660973376
80d82d1113934bfbea4ce8daf37a2433,Mexico,South Africa,2026-06-11T19:00:00Z,draftkings,1.43,4.5,8.0,h2h,0.6993006993006994,0.2222222222222222,0.125,0.6682134570765662,0.21234338747099768,0.1194431554524362
80d82d1113934bfbea4ce8daf37a2433,Mexico,South Africa,2026-06-11T19:00:00Z,winamax_fr,1.39,4.4,7.25,h2h,0.7194244604316548,0.22727272727272727,0.13793103448275862,0.663291297160739,0.20953975069396072,0.1271689521453003
80d82d1113934bfbea4ce8daf37a2433,Mexico,South Africa,2026-06-11T19:00:00Z,betclic_fr,1.4,4.6,8.5,h2h,0.7142857142857143,0.2173913043478261,0.11764705882352941,0.6807103064066853,0.20717270194986073,0.11211699164345404
80d82d1113934bfbea4ce8daf37a2433,Mexico,South Africa,2026-06-11T19:00:00Z,betr_au,1.42,4.1,8.5,h2h,0.7042253521126761,0.24390243902439027,0.11764705882352941,0.660763717720223,0.22884987296651627,0.11038640931326078
80d82d1113934bfbea4ce8daf37a2433,Mexico,South Africa,2026-06-11T19:00:00Z,betright,1.4,4.0,8.0,h2h,0.7142857142857143,0.25,0.125,0.6557377049180327,0.22950819672131145,0.11475409836065573
80d82d1113934bfbea4ce8daf37a2433,Mexico,South Africa,2026-06-11T19:00:00Z,betrivers,1.35,4.8,9.5,h2h,0.7407407407407407,0.20833333333333334,0.10526315789473684,0.7025652877282181,0.19759648717356137,0.09983822509822048
80d82d1113934bfbea4ce8daf37a2433,Mexico,South Africa,2026-06-11T19:00:00Z,betsson,1.43,4.3,9.3,h2h,0.6993006993006994,0.23255813953488372,0.1075268817204301,0.6728019112352368,0.22374575187590431,0.10345233688885898
80d82d1113934bfbea4ce8daf37a2433,Mexico,South Africa,2026-06-11T19:00:00Z,gtbets,1.47,4.37,8.34,h2h,0.6802721088435374,0.22883295194508008,0.11990407673860912,0.6610943324354475,0.22238184637988737,0.11652382118466521
80d82d1113934bfbea4ce8daf37a2433,Mexico,South Africa,2026-06-11T19:00:00Z,nordicbet,1.43,4.3,9.3,h2h,0.6993006993006994,0.23255813953488372,0.1075268817204301,0.6728019112352368,0.22374575187590431,0.10345233688885898
80d82d1113934bfbea4ce8daf37a2433,Mexico,South Africa,2026-06-11T19:00:00Z,betfred_uk,1.4,4.2,8.5,h2h,0.7142857142857143,0.23809523809523808,0.11764705882352941,0.6675392670157069,0.2225130890052356,0.1099476439790576
80d82d1113934bfbea4ce8daf37a2433,Mexico,South Africa,2026-06-11T19:00:00Z,betvictor,1.4,4.2,9.0,h2h,0.7142857142857143,0.23809523809523808,0.1111111111111111,0.6716417910447762,0.22388059701492535,0.1044776119402985
80d82d1113934bfbea4ce8daf37a2433,Mexico,South Africa,2026-06-11T19:00:00Z,onexbet,1.43,4.55,9.2,h2h,0.6993006993006994,0.21978021978021978,0.10869565217391305,0.6804014791336503,0.2138404648705758,0.10575805599577391
80d82d1113934bfbea4ce8daf37a2433,Mexico,South Africa,2026-06-11T19:00:00Z,matchbook,1.44,4.7,10.0,h2h,0.6944444444444444,0.2127659574468085,0.1,0.6894730665414858,0.21124281187654034,0.09928412158197396
80d82d1113934bfbea4ce8daf37a2433,Mexico,South Africa,2026-06-11T19:00:00Z,betanysports,1.38,4.7,9.0,h2h,0.7246376811594204,0.2127659574468085,0.1111111111111111,0.6911087148318793,0.20292128222723263,0.10597000294088814
80d82d1113934bfbea4ce8daf37a2433,Mexico,South Africa,2026-06-11T19:00:00Z,codere_it,1.42,4.4,8.2,h2h,0.7042253521126761,0.22727272727272727,0.12195121951219513,0.668494775068554,0.21574149559030606,0.11576372934113985
80d82d1113934bfbea4ce8daf37a2433,Mexico,South Africa,2026-06-11T19:00:00Z,winamax_de,1.41,4.5,7.5,h2h,0.7092198581560284,0.2222222222222222,0.13333333333333333,0.6660746003552398,0.20870337477797513,0.12522202486678508
80d82d1113934bfbea4ce8daf37a2433,Mexico,South Africa,2026-06-11T19:00:00Z,tipico_de,1.37,4.7,9.0,h2h,0.7299270072992701,0.2127659574468085,0.1111111111111111,0.692659123286774,0.2019027657240171,0.10543811098920892
384cbb5d76b535896a24fe65f93cfac8,South Korea,Czech Republic,2026-06-12T02:00:00Z,unibet,2.6,3.05,2.75,h2h,0.3846153846153846,0.3278688524590164,0.36363636363636365,0.3574091829125386,0.3046766805156067,0.3379141365718547
384cbb5d76b535896a24fe65f93cfac8,South Korea,Czech Republic,2026-06-12T02:00:00Z,marathonbet,2.67,3.16,2.93,h2h,0.37453183520599254,0.3164556962025316,0.341296928327645,0.3628184379543166,0.3065586168791219,0.33062294516656154
384cbb5d76b535896a24fe65f93cfac8,South Korea,Czech Republic,2026-06-12T02:00:00Z,unibet_uk,2.55,3.15,2.85,h2h,0.3921568627450981,0.31746031746031744,0.3508771929824561,0.36978683966635784,0.2993512511584801,0.33086190917516217
384cbb5d76b535896a24fe65f93cfac8,South Korea,Czech Republic,2026-06-12T02:00:00Z,casumo,2.65,3.1,2.85,h2h,0.37735849056603776,0.3225806451612903,0.3508771929824561,0.3591098465603089,0.30698099786607047,0.33390915557362055
384cbb5d76b535896a24fe65f93cfac8,South Korea,Czech Republic,2026-06-12T02:00:00Z,leovegas,2.65,3.1,2.85,h2h,0.37735849056603776,0.3225806451612903,0.3508771929824561,0.3591098465603089,0.30698099786607047,0.33390915557362055
384cbb5d76b535896a24fe65f93cfac8,South Korea,Czech Republic,2026-06-12T02:00:00Z,pointsbetau,2.65,3.1,2.85,h2h,0.37735849056603776,0.3225806451612903,0.3508771929824561,0.3591098465603089,0.30698099786607047,0.33390915557362055
384cbb5d76b535896a24fe65f93cfac8,South Korea,Czech Republic,2026-06-12T02:00:00Z,grosvenor,2.63,3.05,2.8,h2h,0.3802281368821293,0.3278688524590164,0.35714285714285715,0.3569413387390023,0.3077887609454348,0.33526990031556286
384cbb5d76b535896a24fe65f93cfac8,South Korea,Czech Republic,2026-06-12T02:00:00Z,tabtouch,2.6,3.05,2.75,h2h,0.3846153846153846,0.3278688524590164,0.36363636363636365,0.3574091829125386,0.3046766805156067,0.3379141365718547
384cbb5d76b535896a24fe65f93cfac8,South Korea,Czech Republic,2026-06-12T02:00:00Z,smarkets,2.74,3.25,2.98,h2h,0.36496350364963503,0.3076923076923077,0.33557046979865773,0.3619857074512618,0.30518179643583304,0.33283249611290516
384cbb5d76b535896a24fe65f93cfac8,South Korea,Czech Republic,2026-06-12T02:00:00Z,paddypower,2.62,3.0,2.8,h2h,0.38167938931297707,0.3333333333333333,0.35714285714285715,0.35599254110866246,0.3109001525682319,0.33310730632310565
384cbb5d76b535896a24fe65f93cfac8,South Korea,Czech Republic,2026-06-12T02:00:00Z,coolbet,2.72,3.14,2.97,h2h,0.3676470588235294,0.3184713375796178,0.33670033670033667,0.35944497976488726,0.3113663518982463,0.32918866833686644
384cbb5d76b535896a24fe65f93cfac8,South Korea,Czech Republic,2026-06-12T02:00:00Z,skybet,2.6,3.0,2.8,h2h,0.3846153846153846,0.3333333333333333,0.35714285714285715,0.3577512776831346,0.3100511073253833,0.33219761499148215
384cbb5d76b535896a24fe65f93cfac8,South Korea,Czech Republic,2026-06-12T02:00:00Z,fanduel,2.65,3.1,2.9,h2h,0.37735849056603776,0.3225806451612903,0.3448275862068966,0.3611892326235436,0.3087585375652872,0.33005222981116916
384cbb5d76b535896a24fe65f93cfac8,South Korea,Czech Republic,2026-06-12T02:00:00Z,sportsbet,2.62,3.1,2.87,h2h,0.38167938931297707,0.3225806451612903,0.3484320557491289,0.36257457698953477,0.30643399732663906,0.33099142568382617
384cbb5d76b535896a24fe65f93cfac8,South Korea,Czech Republic,2026-06-12T02:00:00Z,tab,2.6,3.1,2.8,h2h,0.3846153846153846,0.3225806451612903,0.35714285714285715,0.3613655287260616,0.30308076602830974,0.33555370524562866
384cbb5d76b535896a24fe65f93cfac8,South Korea,Czech Republic,2026-06-12T02:00:00Z,betfair_ex_uk,2.74,3.25,3.0,h2h,0.36496350364963503,0.3076923076923077,0.3333333333333333,0.3627906976744186,0.3058604651162791,0.3313488372093023
384cbb5d76b535896a24fe65f93cfac8,South Korea,Czech Republic,2026-06-12T02:00:00Z,betfair_ex_eu,2.74,3.25,3.0,h2h,0.36496350364963503,0.3076923076923077,0.3333333333333333,0.3627906976744186,0.3058604651162791,0.3313488372093023
384cbb5d76b535896a24fe65f93cfac8,South Korea,Czech Republic,2026-06-12T02:00:00Z,betfair_ex_au,2.74,3.25,3.0,h2h,0.36496350364963503,0.3076923076923077,0.3333333333333333,0.3627906976744186,0.3058604651162791,0.3313488372093023
384cbb5d76b535896a24fe65f93cfac8,South Korea,Czech Republic,2026-06-12T02:00:00Z,everygame,2.65,3.05,2.9,h2h,0.37735849056603776,0.3278688524590164,0.3448275862068966,0.35937023869984763,0.3122397155916709,0.32839004570848146
384cbb5d76b535896a24fe65f93cfac8,South Korea,Czech Republic,2026-06-12T02:00:00Z,coral,2.62,3.2,2.7,h2h,0.38167938931297707,0.3125,0.37037037037037035,0.358535978089468,0.29355133206075196,0.3479126898497801
384cbb5d76b535896a24fe65f93cfac8,South Korea,Czech Republic,2026-06-12T02:00:00Z,neds,2.65,3.2,2.7,h2h,0.37735849056603776,0.3125,0.37037037037037035,0.3559217301750773,0.2947476828012358,0.3493305870236869
384cbb5d76b535896a24fe65f93cfac8,South Korea,Czech Republic,2026-06-12T02:00:00Z,ladbrokes_au,2.65,3.2,2.7,h2h,0.37735849056603776,0.3125,0.37037037037037035,0.3559217301750773,0.2947476828012358,0.3493305870236869
384cbb5d76b535896a24fe65f93cfac8,South Korea,Czech Republic,2026-06-12T02:00:00Z,betmgm,2.65,3.2,2.7,h2h,0.37735849056603776,0.3125,0.37037037037037035,0.3559217301750773,0.2947476828012358,0.3493305870236869
384cbb5d76b535896a24fe65f93cfac8,South Korea,Czech Republic,2026-06-12T02:00:00Z,pinnacle,2.67,3.14,2.95,h2h,0.37453183520599254,0.3184713375796178,0.3389830508474576,0.36292328969999965,0.30860037691050923,0.32847633338949117
384cbb5d76b535896a24fe65f93cfac8,South Korea,Czech Republic,2026-06-12T02:00:00Z,betonlineag,2.7,3.11,2.91,h2h,0.37037037037037035,0.3215434083601286,0.3436426116838488,0.35765350279203767,0.3105030410091646,0.33184345619879785
384cbb5d76b535896a24fe65f93cfac8,South Korea,Czech Republic,2026-06-12T02:00:00Z,betway,2.6,3.0,2.8,h2h,0.3846153846153846,0.3333333333333333,0.35714285714285715,0.3577512776831346,0.3100511073253833,0.33219761499148215
384cbb5d76b535896a24fe65f93cfac8,South Korea,Czech Republic,2026-06-12T02:00:00Z,pmu_fr,2.65,3.1,2.85,h2h,0.37735849056603776,0.3225806451612903,0.3508771929824561,0.3591098465603089,0.30698099786607047,0.33390915557362055
384cbb5d76b535896a24fe65f93cfac8,South Korea,Czech Republic,2026-06-12T02:00:00Z,leovegas_se,2.65,3.1,2.85,h2h,0.37735849056603776,0.3225806451612903,0.3508771929824561,0.3591098465603089,0.30698099786607047,0.33390915557362055
384cbb5d76b535896a24fe65f93cfac8,South Korea,Czech Republic,2026-06-12T02:00:00Z,unibet_se,2.7,3.15,2.85,h2h,0.37037037037037035,0.31746031746031744,0.3508771929824561,0.35656836461126007,0.3056300268096515,0.33780160857908853
384cbb5d76b535896a24fe65f93cfac8,South Korea,Czech Republic,2026-06-12T02:00:00Z,bovada,2.7,3.15,2.85,h2h,0.37037037037037035,0.31746031746031744,0.3508771929824561,0.35656836461126007,0.3056300268096515,0.33780160857908853
384cbb5d76b535896a24fe65f93cfac8,South Korea,Czech Republic,2026-06-12T02:00:00Z,unibet_fr,2.55,3.2,2.9,h2h,0.3921568627450981,0.3125,0.3448275862068966,0.37366619689953695,0.29776525065431847,0.3285685524461445
384cbb5d76b535896a24fe65f93cfac8,South Korea,Czech Republic,2026-06-12T02:00:00Z,unibet_nl,2.7,3.15,2.88,h2h,0.37037037037037035,0.31746031746031744,0.3472222222222222,0.35782747603833864,0.30670926517571884,0.3354632587859425
384cbb5d76b535896a24fe65f93cfac8,South Korea,Czech Republic,2026-06-12T02:00:00Z,boylesports,2.6,3.0,2.8,h2h,0.3846153846153846,0.3333333333333333,0.35714285714285715,0.3577512776831346,0.3100511073253833,0.33219761499148215
384cbb5d76b535896a24fe65f93cfac8,South Korea,Czech Republic,2026-06-12T02:00:00Z,sport888,2.5,2.9,2.75,h2h,0.4,0.3448275862068966,0.36363636363636365,0.3608597285067873,0.31108597285067874,0.32805429864253394
384cbb5d76b535896a24fe65f93cfac8,South Korea,Czech Republic,2026-06-12T02:00:00Z,williamhill,2.6,3.0,2.8,h2h,0.3846153846153846,0.3333333333333333,0.35714285714285715,0.3577512776831346,0.3100511073253833,0.33219761499148215
384cbb5d76b535896a24fe65f93cfac8,South Korea,Czech Republic,2026-06-12T02:00:00Z,ladbrokes_uk,2.62,3.2,2.7,h2h,0.38167938931297707,0.3125,0.37037037037037035,0.358535978089468,0.29355133206075196,0.3479126898497801
384cbb5d76b535896a24fe65f93cfac8,South Korea,Czech Republic,2026-06-12T02:00:00Z,mybookieag,2.53,3.06,2.79,h2h,0.3952569169960475,0.32679738562091504,0.35842293906810035,0.3658169758204466,0.30245651922409467,0.3317265049554587
384cbb5d76b535896a24fe65f93cfac8,South Korea,Czech Republic,2026-06-12T02:00:00Z,draftkings,2.65,3.15,2.85,h2h,0.37735849056603776,0.31746031746031744,0.3508771929824561,0.3608682544467893,0.3035875791377751,0.33554416641543566
384cbb5d76b535896a24fe65f93cfac8,South Korea,Czech Republic,2026-06-12T02:00:00Z,winamax_fr,2.45,3.15,2.75,h2h,0.4081632653061224,0.31746031746031744,0.36363636363636365,0.37471612414837246,0.29144587433762303,0.3338380015140046
384cbb5d76b535896a24fe65f93cfac8,South Korea,Czech Republic,2026-06-12T02:00:00Z,betclic_fr,2.58,3.15,2.9,h2h,0.38759689922480617,0.31746031746031744,0.3448275862068966,0.36918040737148394,0.302376333656644,0.328443258971872
384cbb5d76b535896a24fe65f93cfac8,South Korea,Czech Republic,2026-06-12T02:00:00Z,betr_au,2.6,3.15,2.7,h2h,0.3846153846153846,0.31746031746031744,0.37037037037037035,0.35863377609108155,0.2960151802656546,0.34535104364326374
384cbb5d76b535896a24fe65f93cfac8,South Korea,Czech Republic,2026-06-12T02:00:00Z,betright,2.6,3.1,2.65,h2h,0.3846153846153846,0.3225806451612903,0.37735849056603776,0.3546298294841355,0.29743146988992014,0.34793870062594434
384cbb5d76b535896a24fe65f93cfac8,South Korea,Czech Republic,2026-06-12T02:00:00Z,betrivers,2.65,3.1,2.85,h2h,0.37735849056603776,0.3225806451612903,0.3508771929824561,0.3591098465603089,0.30698099786607047,0.33390915557362055
384cbb5d76b535896a24fe65f93cfac8,South Korea,Czech Republic,2026-06-12T02:00:00Z,betsson,2.68,3.2,2.88,h2h,0.3731343283582089,0.3125,0.3472222222222222,0.36126442548921217,0.30255895634721525,0.33617661816357247
384cbb5d76b535896a24fe65f93cfac8,South Korea,Czech Republic,2026-06-12T02:00:00Z,gtbets,2.65,3.25,2.77,h2h,0.37735849056603776,0.3076923076923077,0.36101083032490977,0.36074212097533614,0.2941435755645048,0.34511430346015914
384cbb5d76b535896a24fe65f93cfac8,South Korea,Czech Republic,2026-06-12T02:00:00Z,nordicbet,2.68,3.2,2.88,h2h,0.3731343283582089,0.3125,0.3472222222222222,0.36126442548921217,0.30255895634721525,0.33617661816357247
384cbb5d76b535896a24fe65f93cfac8,South Korea,Czech Republic,2026-06-12T02:00:00Z,betfred_uk,2.62,3.2,2.75,h2h,0.38167938931297707,0.3125,0.36363636363636365,0.3608184017384886,0.2954200664233876,0.34376153183812375
384cbb5d76b535896a24fe65f93cfac8,South Korea,Czech Republic,2026-06-12T02:00:00Z,betvictor,2.55,3.2,2.8,h2h,0.3921568627450981,0.3125,0.35714285714285715,0.3693322341302556,0.2943116240725474,0.33635614179719703
384cbb5d76b535896a24fe65f93cfac8,South Korea,Czech Republic,2026-06-12T02:00:00Z,onexbet,2.67,3.16,2.93,h2h,0.37453183520599254,0.3164556962025316,0.341296928327645,0.3628184379543166,0.3065586168791219,0.33062294516656154
384cbb5d76b535896a24fe65f93cfac8,South Korea,Czech Republic,2026-06-12T02:00:00Z,betanysports,2.68,3.13,2.86,h2h,0.3731343283582089,0.3194888178913738,0.3496503496503497,0.3580003999200159,0.3065306938612277,0.33546890621875625
384cbb5d76b535896a24fe65f93cfac8,South Korea,Czech Republic,2026-06-12T02:00:00Z,codere_it,2.6,3.15,2.85,h2h,0.3846153846153846,0.31746031746031744,0.3508771929824561,0.3652731156545621,0.301495270064083,0.3332316142813549
384cbb5d76b535896a24fe65f93cfac8,South Korea,Czech Republic,2026-06-12T02:00:00Z,winamax_de,2.5,3.2,2.8,h2h,0.4,0.3125,0.35714285714285715,0.3739565943238731,0.2921535893155259,0.333889816360601
384cbb5d76b535896a24fe65f93cfac8,South Korea,Czech Republic,2026-06-12T02:00:00Z,tipico_de,2.55,3.1,2.95,h2h,0.3921568627450981,0.3225806451612903,0.3389830508474576,0.372164004476549,0.306134906908129,0.321701088615322
d1f4f946c70a0b4e81f5d43e9d32361c,Canada,Bosnia & Herzegovina,2026-06-12T19:00:00Z,unibet,1.71,3.65,4.7,h2h,0.5847953216374269,0.273972602739726,0.2127659574468085,0.5457553247331668,0.25568263158731924,0.19856204367951388
d1f4f946c70a0b4e81f5d43e9d32361c,Canada,Bosnia & Herzegovina,2026-06-12T19:00:00Z,unibet_nl,1.75,3.8,4.9,h2h,0.5714285714285714,0.2631578947368421,0.2040816326530612,0.5501551189245089,0.2533609100310238,0.1964839710444674
d1f4f946c70a0b4e81f5d43e9d32361c,Canada,Bosnia & Herzegovina,2026-06-12T19:00:00Z,unibet_se,1.75,3.8,4.9,h2h,0.5714285714285714,0.2631578947368421,0.2040816326530612,0.5501551189245089,0.2533609100310238,0.1964839710444674
d1f4f946c70a0b4e81f5d43e9d32361c,Canada,Bosnia & Herzegovina,2026-06-12T19:00:00Z,leovegas,1.74,3.7,4.8,h2h,0.5747126436781609,0.27027027027027023,0.20833333333333334,0.5456221198156683,0.25658986175115206,0.19778801843317978
d1f4f946c70a0b4e81f5d43e9d32361c,Canada,Bosnia & Herzegovina,2026-06-12T19:00:00Z,tabtouch,1.71,3.65,4.7,h2h,0.5847953216374269,0.273972602739726,0.2127659574468085,0.5457553247331668,0.25568263158731924,0.19856204367951388
d1f4f946c70a0b4e81f5d43e9d32361c,Canada,Bosnia & Herzegovina,2026-06-12T19:00:00Z,casumo,1.74,3.7,4.8,h2h,0.5747126436781609,0.27027027027027023,0.20833333333333334,0.5456221198156683,0.25658986175115206,0.19778801843317978
d1f4f946c70a0b4e81f5d43e9d32361c,Canada,Bosnia & Herzegovina,2026-06-12T19:00:00Z,unibet_uk,1.8,3.6,4.5,h2h,0.5555555555555556,0.2777777777777778,0.2222222222222222,0.5263157894736842,0.2631578947368421,0.21052631578947367
d1f4f946c70a0b4e81f5d43e9d32361c,Canada,Bosnia & Herzegovina,2026-06-12T19:00:00Z,grosvenor,1.72,3.65,4.7,h2h,0.5813953488372093,0.273972602739726,0.2127659574468085,0.5443094203128471,0.256496493955643,0.19919408573150998
d1f4f946c70a0b4e81f5d43e9d32361c,Canada,Bosnia & Herzegovina,2026-06-12T19:00:00Z,leovegas_se,1.74,3.7,4.8,h2h,0.5747126436781609,0.27027027027027023,0.20833333333333334,0.5456221198156683,0.25658986175115206,0.19778801843317978
d1f4f946c70a0b4e81f5d43e9d32361c,Canada,Bosnia & Herzegovina,2026-06-12T19:00:00Z,coolbet,1.85,3.75,4.65,h2h,0.5405405405405405,0.26666666666666666,0.2150537634408602,0.528769615647032,0.2608596770525358,0.21037070730043209
d1f4f946c70a0b4e81f5d43e9d32361c,Canada,Bosnia & Herzegovina,2026-06-12T19:00:00Z,sportsbet,1.8,3.5,4.6,h2h,0.5555555555555556,0.2857142857142857,0.2173913043478261,0.5247718383311604,0.26988265971316816,0.20534550195567147
d1f4f946c70a0b4e81f5d43e9d32361c,Canada,Bosnia & Herzegovina,2026-06-12T19:00:00Z,paddypower,1.75,3.5,4.5,h2h,0.5714285714285714,0.2857142857142857,0.2222222222222222,0.5294117647058824,0.2647058823529412,0.20588235294117646
d1f4f946c70a0b4e81f5d43e9d32361c,Canada,Bosnia & Herzegovina,2026-06-12T19:00:00Z,fanduel,1.8,3.6,4.7,h2h,0.5555555555555556,0.2777777777777778,0.2127659574468085,0.5310734463276836,0.2655367231638418,0.2033898305084746
d1f4f946c70a0b4e81f5d43e9d32361c,Canada,Bosnia & Herzegovina,2026-06-12T19:00:00Z,skybet,1.8,3.5,4.5,h2h,0.5555555555555556,0.2857142857142857,0.2222222222222222,0.5223880597014926,0.26865671641791045,0.208955223880597
d1f4f946c70a0b4e81f5d43e9d32361c,Canada,Bosnia & Herzegovina,2026-06-12T19:00:00Z,smarkets,1.86,3.75,4.9,h2h,0.5376344086021505,0.26666666666666666,0.2040816326530612,0.5331650417827298,0.264449860724234,0.2023850974930362
d1f4f946c70a0b4e81f5d43e9d32361c,Canada,Bosnia & Herzegovina,2026-06-12T19:00:00Z,marathonbet,1.83,3.78,4.55,h2h,0.5464480874316939,0.2645502645502646,0.21978021978021978,0.5301314000906208,0.2566509159168879,0.21321768399249144
d1f4f946c70a0b4e81f5d43e9d32361c,Canada,Bosnia & Herzegovina,2026-06-12T19:00:00Z,pointsbetau,1.8,3.5,4.5,h2h,0.5555555555555556,0.2857142857142857,0.2222222222222222,0.5223880597014926,0.26865671641791045,0.208955223880597
d1f4f946c70a0b4e81f5d43e9d32361c,Canada,Bosnia & Herzegovina,2026-06-12T19:00:00Z,tab,1.8,3.4,4.5,h2h,0.5555555555555556,0.29411764705882354,0.2222222222222222,0.5182926829268292,0.274390243902439,0.20731707317073167
d1f4f946c70a0b4e81f5d43e9d32361c,Canada,Bosnia & Herzegovina,2026-06-12T19:00:00Z,betfair_ex_uk,1.87,3.75,4.9,h2h,0.53475935828877,0.26666666666666666,0.2040816326530612,0.531830219533726,0.26520600280748474,0.2029637776587893
d1f4f946c70a0b4e81f5d43e9d32361c,Canada,Bosnia & Herzegovina,2026-06-12T19:00:00Z,betfair_ex_eu,1.87,3.75,4.9,h2h,0.53475935828877,0.26666666666666666,0.2040816326530612,0.531830219533726,0.26520600280748474,0.2029637776587893
d1f4f946c70a0b4e81f5d43e9d32361c,Canada,Bosnia & Herzegovina,2026-06-12T19:00:00Z,betfair_ex_au,1.87,3.75,4.9,h2h,0.53475935828877,0.26666666666666666,0.2040816326530612,0.531830219533726,0.26520600280748474,0.2029637776587893
d1f4f946c70a0b4e81f5d43e9d32361c,Canada,Bosnia & Herzegovina,2026-06-12T19:00:00Z,everygame,1.8,3.75,4.5,h2h,0.5555555555555556,0.26666666666666666,0.2222222222222222,0.5319148936170214,0.25531914893617025,0.21276595744680854
d1f4f946c70a0b4e81f5d43e9d32361c,Canada,Bosnia & Herzegovina,2026-06-12T19:00:00Z,coral,1.83,3.5,4.4,h2h,0.5464480874316939,0.2857142857142857,0.22727272727272727,0.5157919415882373,0.2696855008875641,0.21452255752419871
d1f4f946c70a0b4e81f5d43e9d32361c,Canada,Bosnia & Herzegovina,2026-06-12T19:00:00Z,neds,1.8,3.5,4.4,h2h,0.5555555555555556,0.2857142857142857,0.22727272727272727,0.5199189736664417,0.2673869007427414,0.21269412559081702
d1f4f946c70a0b4e81f5d43e9d32361c,Canada,Bosnia & Herzegovina,2026-06-12T19:00:00Z,ladbrokes_au,1.8,3.5,4.4,h2h,0.5555555555555556,0.2857142857142857,0.22727272727272727,0.5199189736664417,0.2673869007427414,0.21269412559081702
d1f4f946c70a0b4e81f5d43e9d32361c,Canada,Bosnia & Herzegovina,2026-06-12T19:00:00Z,betmgm,1.83,3.5,4.4,h2h,0.5464480874316939,0.2857142857142857,0.22727272727272727,0.5157919415882373,0.2696855008875641,0.21452255752419871
d1f4f946c70a0b4e81f5d43e9d32361c,Canada,Bosnia & Herzegovina,2026-06-12T19:00:00Z,ladbrokes_uk,1.8,3.5,4.4,h2h,0.5555555555555556,0.2857142857142857,0.22727272727272727,0.5199189736664417,0.2673869007427414,0.21269412559081702
d1f4f946c70a0b4e81f5d43e9d32361c,Canada,Bosnia & Herzegovina,2026-06-12T19:00:00Z,pinnacle,1.82,3.72,4.58,h2h,0.5494505494505494,0.26881720430107525,0.2183406113537118,0.5300464167050362,0.25932378451698007,0.21062979877798382
d1f4f946c70a0b4e81f5d43e9d32361c,Canada,Bosnia & Herzegovina,2026-06-12T19:00:00Z,betonlineag,1.81,3.65,4.84,h2h,0.5524861878453039,0.273972602739726,0.2066115702479339,0.5348001537860738,0.26520226804186126,0.19999757817206482
d1f4f946c70a0b4e81f5d43e9d32361c,Canada,Bosnia & Herzegovina,2026-06-12T19:00:00Z,bovada,1.82,3.65,4.5,h2h,0.5494505494505494,0.273972602739726,0.2222222222222222,0.5254654808369057,0.262012924691279,0.21252159447181523
d1f4f946c70a0b4e81f5d43e9d32361c,Canada,Bosnia & Herzegovina,2026-06-12T19:00:00Z,betway,1.75,3.6,4.33,h2h,0.5714285714285714,0.2777777777777778,0.23094688221709006,0.5290254704654596,0.2571651592540429,0.21380937028049754
d1f4f946c70a0b4e81f5d43e9d32361c,Canada,Bosnia & Herzegovina,2026-06-12T19:00:00Z,pmu_fr,1.74,3.7,4.8,h2h,0.5747126436781609,0.27027027027027023,0.20833333333333334,0.5456221198156683,0.25658986175115206,0.19778801843317978
d1f4f946c70a0b4e81f5d43e9d32361c,Canada,Bosnia & Herzegovina,2026-06-12T19:00:00Z,unibet_fr,1.78,3.7,4.6,h2h,0.5617977528089888,0.27027027027027023,0.2173913043478261,0.5353211297729131,0.2575328678366987,0.20714600239038813
d1f4f946c70a0b4e81f5d43e9d32361c,Canada,Bosnia & Herzegovina,2026-06-12T19:00:00Z,boylesports,1.75,3.5,4.5,h2h,0.5714285714285714,0.2857142857142857,0.2222222222222222,0.5294117647058824,0.2647058823529412,0.20588235294117646
d1f4f946c70a0b4e81f5d43e9d32361c,Canada,Bosnia & Herzegovina,2026-06-12T19:00:00Z,sport888,1.75,3.5,4.2,h2h,0.5714285714285714,0.2857142857142857,0.23809523809523808,0.5217391304347826,0.2608695652173913,0.2173913043478261
d1f4f946c70a0b4e81f5d43e9d32361c,Canada,Bosnia & Herzegovina,2026-06-12T19:00:00Z,williamhill,1.8,3.5,4.33,h2h,0.5555555555555556,0.2857142857142857,0.23094688221709006,0.5181373722178536,0.26647064856918184,0.21539197921296455
d1f4f946c70a0b4e81f5d43e9d32361c,Canada,Bosnia & Herzegovina,2026-06-12T19:00:00Z,mybookieag,1.8,3.44,4.3,h2h,0.5555555555555556,0.29069767441860467,0.23255813953488372,0.5149700598802395,0.2694610778443114,0.21556886227544908
d1f4f946c70a0b4e81f5d43e9d32361c,Canada,Bosnia & Herzegovina,2026-06-12T19:00:00Z,draftkings,1.8,3.7,4.5,h2h,0.5555555555555556,0.27027027027027023,0.2222222222222222,0.530085959885387,0.25787965616045844,0.21203438395415475
d1f4f946c70a0b4e81f5d43e9d32361c,Canada,Bosnia & Herzegovina,2026-06-12T19:00:00Z,winamax_fr,1.76,3.7,4.1,h2h,0.5681818181818182,0.27027027027027023,0.24390243902439027,0.5249498235171984,0.24970586199737002,0.22534431448543152
d1f4f946c70a0b4e81f5d43e9d32361c,Canada,Bosnia & Herzegovina,2026-06-12T19:00:00Z,betclic_fr,1.79,3.7,4.55,h2h,0.5586592178770949,0.27027027027027023,0.21978021978021978,0.5327110196978087,0.2577169527727236,0.20957202752946757
d1f4f946c70a0b4e81f5d43e9d32361c,Canada,Bosnia & Herzegovina,2026-06-12T19:00:00Z,betr_au,1.8,3.4,4.5,h2h,0.5555555555555556,0.29411764705882354,0.2222222222222222,0.5182926829268292,0.274390243902439,0.20731707317073167
d1f4f946c70a0b4e81f5d43e9d32361c,Canada,Bosnia & Herzegovina,2026-06-12T19:00:00Z,betright,1.78,3.35,4.4,h2h,0.5617977528089888,0.29850746268656714,0.22727272727272727,0.5165586122305941,0.2744699491852111,0.20897143858419484
d1f4f946c70a0b4e81f5d43e9d32361c,Canada,Bosnia & Herzegovina,2026-06-12T19:00:00Z,betrivers,1.74,3.7,4.8,h2h,0.5747126436781609,0.27027027027027023,0.20833333333333334,0.5456221198156683,0.25658986175115206,0.19778801843317978
d1f4f946c70a0b4e81f5d43e9d32361c,Canada,Bosnia & Herzegovina,2026-06-12T19:00:00Z,betsson,1.85,3.5,4.85,h2h,0.5405405405405405,0.2857142857142857,0.2061855670103093,0.5235561724111343,0.27673683398874244,0.19970699360012342
d1f4f946c70a0b4e81f5d43e9d32361c,Canada,Bosnia & Herzegovina,2026-06-12T19:00:00Z,gtbets,1.83,3.58,4.41,h2h,0.5464480874316939,0.27932960893854747,0.22675736961451246,0.5191732846643319,0.2653874611552311,0.21543925418043702
d1f4f946c70a0b4e81f5d43e9d32361c,Canada,Bosnia & Herzegovina,2026-06-12T19:00:00Z,nordicbet,1.85,3.5,4.85,h2h,0.5405405405405405,0.2857142857142857,0.2061855670103093,0.5235561724111343,0.27673683398874244,0.19970699360012342
d1f4f946c70a0b4e81f5d43e9d32361c,Canada,Bosnia & Herzegovina,2026-06-12T19:00:00Z,betfred_uk,1.8,3.5,4.5,h2h,0.5555555555555556,0.2857142857142857,0.2222222222222222,0.5223880597014926,0.26865671641791045,0.208955223880597
d1f4f946c70a0b4e81f5d43e9d32361c,Canada,Bosnia & Herzegovina,2026-06-12T19:00:00Z,betvictor,1.8,3.4,4.6,h2h,0.5555555555555556,0.29411764705882354,0.2173913043478261,0.5206391478029294,0.2756324900133155,0.20372836218375498
d1f4f946c70a0b4e81f5d43e9d32361c,Canada,Bosnia & Herzegovina,2026-06-12T19:00:00Z,codere_it,1.81,3.6,4.5,h2h,0.5524861878453039,0.2777777777777778,0.2222222222222222,0.5249343832020998,0.26392534266550016,0.2111402741324001
d1f4f946c70a0b4e81f5d43e9d32361c,Canada,Bosnia & Herzegovina,2026-06-12T19:00:00Z,onexbet,1.85,3.78,4.49,h2h,0.5405405405405405,0.2645502645502646,0.22271714922048996,0.5259158953510351,0.2573927001056654,0.21669140454329955
d1f4f946c70a0b4e81f5d43e9d32361c,Canada,Bosnia & Herzegovina,2026-06-12T19:00:00Z,tipico_de,1.83,3.6,4.3,h2h,0.5464480874316939,0.2777777777777778,0.23255813953488372,0.5170858803487323,0.26285198917727226,0.2200621304739954
d1f4f946c70a0b4e81f5d43e9d32361c,Canada,Bosnia & Herzegovina,2026-06-12T19:00:00Z,betanysports,1.77,3.75,4.6,h2h,0.5649717514124294,0.26666666666666666,0.2173913043478261,0.538566009460029,0.25420315646513364,0.20723083407483725
d1f4f946c70a0b4e81f5d43e9d32361c,Canada,Bosnia & Herzegovina,2026-06-12T19:00:00Z,winamax_de,1.78,3.75,4.2,h2h,0.5617977528089888,0.26666666666666666,0.23809523809523808,0.526738236179392,0.2500250827731514,0.2232366810474566
c12986f447a515fbe641addd786dbb24,USA,Paraguay,2026-06-13T01:00:00Z,sportsbet,1.95,3.4,4.0,h2h,0.5128205128205129,0.29411764705882354,0.25,0.48519443453442745,0.27827327863003926,0.23653228683553335
c12986f447a515fbe641addd786dbb24,USA,Paraguay,2026-06-13T01:00:00Z,betmgm,1.98,3.3,3.8,h2h,0.5050505050505051,0.30303030303030304,0.2631578947368421,0.47146401985111663,0.28287841191067,0.2456575682382134
c12986f447a515fbe641addd786dbb24,USA,Paraguay,2026-06-13T01:00:00Z,fanduel,1.95,3.4,4.1,h2h,0.5128205128205129,0.29411764705882354,0.24390243902439027,0.4880098022054963,0.27988797479432875,0.23210222300017505
c12986f447a515fbe641addd786dbb24,USA,Paraguay,2026-06-13T01:00:00Z,paddypower,1.91,3.3,4.0,h2h,0.5235602094240838,0.30303030303030304,0.25,0.48631322993036874,0.2814722027778801,0.23221456729175108
c12986f447a515fbe641addd786dbb24,USA,Paraguay,2026-06-13T01:00:00Z,skybet,1.91,3.3,4.0,h2h,0.5235602094240838,0.30303030303030304,0.25,0.48631322993036874,0.2814722027778801,0.23221456729175108
c12986f447a515fbe641addd786dbb24,USA,Paraguay,2026-06-13T01:00:00Z,marathonbet,2.01,3.52,4.0,h2h,0.49751243781094534,0.2840909090909091,0.25,0.48227105825615174,0.2753877349701321,0.2423412067737162
c12986f447a515fbe641addd786dbb24,USA,Paraguay,2026-06-13T01:00:00Z,pinnacle,1.99,3.54,4.01,h2h,0.5025125628140703,0.2824858757062147,0.24937655860349128,0.4858127508992159,0.2730981283303502,0.24108912077043385
c12986f447a515fbe641addd786dbb24,USA,Paraguay,2026-06-13T01:00:00Z,grosvenor,1.93,3.35,4.0,h2h,0.5181347150259068,0.29850746268656714,0.25,0.4857624476627214,0.27985717134001553,0.23438038099726305
c12986f447a515fbe641addd786dbb24,USA,Paraguay,2026-06-13T01:00:00Z,betfair_ex_eu,2.02,3.55,4.3,h2h,0.49504950495049505,0.28169014084507044,0.23255813953488372,0.490489043120622,0.27909517383201593,0.230415783047362
c12986f447a515fbe641addd786dbb24,USA,Paraguay,2026-06-13T01:00:00Z,betfair_ex_au,2.02,3.55,4.3,h2h,0.49504950495049505,0.28169014084507044,0.23255813953488372,0.490489043120622,0.27909517383201593,0.230415783047362
c12986f447a515fbe641addd786dbb24,USA,Paraguay,2026-06-13T01:00:00Z,betfair_ex_uk,2.02,3.55,4.3,h2h,0.49504950495049505,0.28169014084507044,0.23255813953488372,0.490489043120622,0.27909517383201593,0.230415783047362
c12986f447a515fbe641addd786dbb24,USA,Paraguay,2026-06-13T01:00:00Z,everygame,1.95,3.45,3.9,h2h,0.5128205128205129,0.2898550724637681,0.25641025641025644,0.4842105263157895,0.27368421052631575,0.24210526315789474
c12986f447a515fbe641addd786dbb24,USA,Paraguay,2026-06-13T01:00:00Z,pointsbetau,1.95,3.4,4.0,h2h,0.5128205128205129,0.29411764705882354,0.25,0.48519443453442745,0.27827327863003926,0.23653228683553335
c12986f447a515fbe641addd786dbb24,USA,Paraguay,2026-06-13T01:00:00Z,bovada,1.96,3.45,3.9,h2h,0.5102040816326531,0.2898550724637681,0.25641025641025644,0.48293313233552276,0.27436201141380423,0.242704856250673
c12986f447a515fbe641addd786dbb24,USA,Paraguay,2026-06-13T01:00:00Z,tabtouch,1.92,3.35,4.0,h2h,0.5208333333333334,0.29850746268656714,0.25,0.4870601919162547,0.2791509159639429,0.23378889211980225
c12986f447a515fbe641addd786dbb24,USA,Paraguay,2026-06-13T01:00:00Z,tab,2.0,3.2,3.9,h2h,0.5,0.3125,0.25641025641025644,0.46776611694152925,0.29235382308845576,0.23988005997001502
c12986f447a515fbe641addd786dbb24,USA,Paraguay,2026-06-13T01:00:00Z,smarkets,2.02,3.5,4.2,h2h,0.49504950495049505,0.2857142857142857,0.23809523809523808,0.48588616381304955,0.2804257288292457,0.23368810735770476
c12986f447a515fbe641addd786dbb24,USA,Paraguay,2026-06-13T01:00:00Z,casumo,1.94,3.45,4.1,h2h,0.5154639175257733,0.2898550724637681,0.24390243902439027,0.4912823006390664,0.2762572936926924,0.23246040566824117
c12986f447a515fbe641addd786dbb24,USA,Paraguay,2026-06-13T01:00:00Z,coolbet,2.05,3.4,4.0,h2h,0.48780487804878053,0.29411764705882354,0.25,0.47271463329857494,0.28501911713590544,0.24226624956551962
c12986f447a515fbe641addd786dbb24,USA,Paraguay,2026-06-13T01:00:00Z,coral,2.0,3.4,3.8,h2h,0.5,0.29411764705882354,0.2631578947368421,0.47291361639824303,0.2781844802342606,0.24890190336749632
c12986f447a515fbe641addd786dbb24,USA,Paraguay,2026-06-13T01:00:00Z,ladbrokes_uk,2.0,3.3,3.8,h2h,0.5,0.30303030303030304,0.2631578947368421,0.4689603590127151,0.2842183994016455,0.2468212415856395
c12986f447a515fbe641addd786dbb24,USA,Paraguay,2026-06-13T01:00:00Z,betway,1.95,3.4,3.8,h2h,0.5128205128205129,0.29411764705882354,0.2631578947368421,0.47922848664688433,0.27485163204747776,0.245919881305638
c12986f447a515fbe641addd786dbb24,USA,Paraguay,2026-06-13T01:00:00Z,sport888,1.95,3.2,3.7,h2h,0.5128205128205129,0.3125,0.27027027027027023,0.46807669499901167,0.28523423601502274,0.24668906898596554
c12986f447a515fbe641addd786dbb24,USA,Paraguay,2026-06-13T01:00:00Z,williamhill,1.95,3.25,3.8,h2h,0.5128205128205129,0.3076923076923077,0.2631578947368421,0.47322540473225405,0.2839352428393524,0.2428393524283935
c12986f447a515fbe641addd786dbb24,USA,Paraguay,2026-06-13T01:00:00Z,unibet_nl,1.96,3.5,4.2,h2h,0.5102040816326531,0.2857142857142857,0.23809523809523808,0.4934210526315789,0.2763157894736842,0.2302631578947368
c12986f447a515fbe641addd786dbb24,USA,Paraguay,2026-06-13T01:00:00Z,unibet_uk,1.98,3.4,3.9,h2h,0.5050505050505051,0.29411764705882354,0.25641025641025644,0.47845854080969913,0.27863173847153067,0.24290972071877034
c12986f447a515fbe641addd786dbb24,USA,Paraguay,2026-06-13T01:00:00Z,unibet_fr,1.94,3.5,4.0,h2h,0.5154639175257733,0.2857142857142857,0.25,0.49036777583187396,0.27180385288966724,0.23782837127845882
c12986f447a515fbe641addd786dbb24,USA,Paraguay,2026-06-13T01:00:00Z,leovegas_se,1.94,3.45,4.1,h2h,0.5154639175257733,0.2898550724637681,0.24390243902439027,0.4912823006390664,0.2762572936926924,0.23246040566824117
c12986f447a515fbe641addd786dbb24,USA,Paraguay,2026-06-13T01:00:00Z,ladbrokes_au,2.0,3.3,3.8,h2h,0.5,0.30303030303030304,0.2631578947368421,0.4689603590127151,0.2842183994016455,0.2468212415856395
c12986f447a515fbe641addd786dbb24,USA,Paraguay,2026-06-13T01:00:00Z,leovegas,1.94,3.45,4.1,h2h,0.5154639175257733,0.2898550724637681,0.24390243902439027,0.4912823006390664,0.2762572936926924,0.23246040566824117
c12986f447a515fbe641addd786dbb24,USA,Paraguay,2026-06-13T01:00:00Z,neds,2.0,3.3,3.8,h2h,0.5,0.30303030303030304,0.2631578947368421,0.4689603590127151,0.2842183994016455,0.2468212415856395
c12986f447a515fbe641addd786dbb24,USA,Paraguay,2026-06-13T01:00:00Z,unibet_se,1.95,3.45,4.1,h2h,0.5128205128205129,0.2898550724637681,0.24390243902439027,0.4899974019225773,0.27695505326058717,0.23304754481683554
c12986f447a515fbe641addd786dbb24,USA,Paraguay,2026-06-13T01:00:00Z,unibet,1.92,3.35,4.0,h2h,0.5208333333333334,0.29850746268656714,0.25,0.4870601919162547,0.2791509159639429,0.23378889211980225
c12986f447a515fbe641addd786dbb24,USA,Paraguay,2026-06-13T01:00:00Z,betonlineag,1.95,3.57,4.1,h2h,0.5128205128205129,0.2801120448179272,0.24390243902439027,0.49460185513710786,0.27016067717573117,0.23523746768716103
c12986f447a515fbe641addd786dbb24,USA,Paraguay,2026-06-13T01:00:00Z,pmu_fr,1.94,3.45,4.1,h2h,0.5154639175257733,0.2898550724637681,0.24390243902439027,0.4912823006390664,0.2762572936926924,0.23246040566824117
c12986f447a515fbe641addd786dbb24,USA,Paraguay,2026-06-13T01:00:00Z,boylesports,1.95,3.3,3.8,h2h,0.5128205128205129,0.30303030303030304,0.2631578947368421,0.4752700397953383,0.2808413871517908,0.24388857305287093
c12986f447a515fbe641addd786dbb24,USA,Paraguay,2026-06-13T01:00:00Z,mybookieag,2.0,3.22,3.7,h2h,0.5,0.3105590062111801,0.27027027027027023,0.46260775025238804,0.2873340063679429,0.2500582433796692
c12986f447a515fbe641addd786dbb24,USA,Paraguay,2026-06-13T01:00:00Z,draftkings,1.95,3.45,3.95,h2h,0.5128205128205129,0.2898550724637681,0.2531645569620253,0.48569901095963647,0.27452552793370755,0.2397754611066559
c12986f447a515fbe641addd786dbb24,USA,Paraguay,2026-06-13T01:00:00Z,winamax_fr,1.94,3.35,3.65,h2h,0.5154639175257733,0.29850746268656714,0.273972602739726,0.47379637702218347,0.2743776034098614,0.25182601956795503
c12986f447a515fbe641addd786dbb24,USA,Paraguay,2026-06-13T01:00:00Z,winamax_de,1.96,3.45,3.75,h2h,0.5102040816326531,0.2898550724637681,0.26666666666666666,0.47828980202961235,0.2717240614429102,0.2499861365274774
c12986f447a515fbe641addd786dbb24,USA,Paraguay,2026-06-13T01:00:00Z,betclic_fr,1.95,3.45,4.05,h2h,0.5128205128205129,0.2898550724637681,0.2469135802469136,0.4885916601101495,0.27616050354051924,0.23524783634933122
c12986f447a515fbe641addd786dbb24,USA,Paraguay,2026-06-13T01:00:00Z,betr_au,2.0,3.25,3.8,h2h,0.5,0.3076923076923077,0.2631578947368421,0.4669187145557656,0.28733459357277885,0.24574669187145556
c12986f447a515fbe641addd786dbb24,USA,Paraguay,2026-06-13T01:00:00Z,betright,1.96,3.25,3.85,h2h,0.5102040816326531,0.3076923076923077,0.2597402597402597,0.47344722553304197,0.285525096013773,0.24102767845318498
c12986f447a515fbe641addd786dbb24,USA,Paraguay,2026-06-13T01:00:00Z,betrivers,1.94,3.45,4.1,h2h,0.5154639175257733,0.2898550724637681,0.24390243902439027,0.4912823006390664,0.2762572936926924,0.23246040566824117
c12986f447a515fbe641addd786dbb24,USA,Paraguay,2026-06-13T01:00:00Z,betsson,2.02,3.35,4.1,h2h,0.49504950495049505,0.29850746268656714,0.24390243902439027,0.47717481934408007,0.2877292940522512,0.23509588660366873
c12986f447a515fbe641addd786dbb24,USA,Paraguay,2026-06-13T01:00:00Z,gtbets,2.02,3.47,3.97,h2h,0.49504950495049505,0.2881844380403458,0.2518891687657431,0.47825181307217224,0.2784059545838006,0.2433422323440272
c12986f447a515fbe641addd786dbb24,USA,Paraguay,2026-06-13T01:00:00Z,tipico_de,1.9,3.5,4.1,h2h,0.5263157894736842,0.2857142857142857,0.24390243902439027,0.49843695727683224,0.2705800625217089,0.23098298020145888
c12986f447a515fbe641addd786dbb24,USA,Paraguay,2026-06-13T01:00:00Z,nordicbet,2.02,3.35,4.1,h2h,0.49504950495049505,0.29850746268656714,0.24390243902439027,0.47717481934408007,0.2877292940522512,0.23509588660366873
c12986f447a515fbe641addd786dbb24,USA,Paraguay,2026-06-13T01:00:00Z,betfred_uk,2.0,3.25,4.0,h2h,0.5,0.3076923076923077,0.25,0.4727272727272727,0.2909090909090909,0.23636363636363636
c12986f447a515fbe641addd786dbb24,USA,Paraguay,2026-06-13T01:00:00Z,betvictor,1.95,3.3,4.0,h2h,0.5128205128205129,0.30303030303030304,0.25,0.4811372334609076,0.2843083652268999,0.23455440131219243
c12986f447a515fbe641addd786dbb24,USA,Paraguay,2026-06-13T01:00:00Z,onexbet,2.03,3.52,3.96,h2h,0.4926108374384237,0.2840909090909091,0.25252525252525254,0.47862214836077954,0.27602356851488136,0.245354283124339
c12986f447a515fbe641addd786dbb24,USA,Paraguay,2026-06-13T01:00:00Z,betanysports,1.96,3.45,3.9,h2h,0.5102040816326531,0.2898550724637681,0.25641025641025644,0.48293313233552276,0.27436201141380423,0.242704856250673
c12986f447a515fbe641addd786dbb24,USA,Paraguay,2026-06-13T01:00:00Z,codere_it,2.01,3.4,3.9,h2h,0.49751243781094534,0.29411764705882354,0.25641025641025644,0.4747073354097305,0.2806358071098701,0.24465685748039956
26634922d3f78c146440816023e40de8,Qatar,Switzerland,2026-06-13T19:00:00Z,unibet,13.0,6.1,1.2,h2h,0.07692307692307693,0.1639344262295082,0.8333333333333334,0.07161025239679124,0.15261201330463706,0.7757777342985717
26634922d3f78c146440816023e40de8,Qatar,Switzerland,2026-06-13T19:00:00Z,tabtouch,13.0,6.1,1.2,h2h,0.07692307692307693,0.1639344262295082,0.8333333333333334,0.07161025239679124,0.15261201330463706,0.7757777342985717
26634922d3f78c146440816023e40de8,Qatar,Switzerland,2026-06-13T19:00:00Z,casumo,14.0,6.4,1.22,h2h,0.07142857142857142,0.15625,0.819672131147541,0.06819928726154706,0.1491859408846342,0.7826147718538188
26634922d3f78c146440816023e40de8,Qatar,Switzerland,2026-06-13T19:00:00Z,leovegas,14.0,6.4,1.22,h2h,0.07142857142857142,0.15625,0.819672131147541,0.06819928726154706,0.1491859408846342,0.7826147718538188
26634922d3f78c146440816023e40de8,Qatar,Switzerland,2026-06-13T19:00:00Z,unibet_se,15.0,6.5,1.22,h2h,0.06666666666666667,0.15384615384615385,0.819672131147541,0.06409116624909075,0.1479026913440556,0.7880061424068535
26634922d3f78c146440816023e40de8,Qatar,Switzerland,2026-06-13T19:00:00Z,grosvenor,13.0,6.25,1.21,h2h,0.07692307692307693,0.16,0.8264462809917356,0.07233900088480762,0.15046512184039984,0.7771958772747926
26634922d3f78c146440816023e40de8,Qatar,Switzerland,2026-06-13T19:00:00Z,leovegas_se,14.0,6.4,1.22,h2h,0.07142857142857142,0.15625,0.819672131147541,0.06819928726154706,0.1491859408846342,0.7826147718538188
26634922d3f78c146440816023e40de8,Qatar,Switzerland,2026-06-13T19:00:00Z,unibet_nl,15.0,6.5,1.23,h2h,0.06666666666666667,0.15384615384615385,0.8130081300813008,0.06450441728185888,0.1488563475735205,0.7866392351446205
26634922d3f78c146440816023e40de8,Qatar,Switzerland,2026-06-13T19:00:00Z,pmu_fr,14.0,6.4,1.22,h2h,0.07142857142857142,0.15625,0.819672131147541,0.06819928726154706,0.1491859408846342,0.7826147718538188
26634922d3f78c146440816023e40de8,Qatar,Switzerland,2026-06-13T19:00:00Z,betonlineag,12.85,6.8,1.24,h2h,0.07782101167315175,0.14705882352941177,0.8064516129032259,0.07545683961842034,0.14259123369069138,0.7819519266908883
26634922d3f78c146440816023e40de8,Qatar,Switzerland,2026-06-13T19:00:00Z,unibet_fr,14.0,6.6,1.21,h2h,0.07142857142857142,0.15151515151515152,0.8264462809917356,0.06806675417213576,0.1443840240015001,0.7875492218263642
26634922d3f78c146440816023e40de8,Qatar,Switzerland,2026-06-13T19:00:00Z,unibet_uk,13.0,6.0,1.23,h2h,0.07692307692307693,0.16666666666666666,0.8130081300813008,0.07280260432080497,0.15773897602841078,0.7694584196507842
26634922d3f78c146440816023e40de8,Qatar,Switzerland,2026-06-13T19:00:00Z,smarkets,15.5,7.0,1.24,h2h,0.06451612903225806,0.14285714285714285,0.8064516129032259,0.06363636363636363,0.1409090909090909,0.7954545454545455
26634922d3f78c146440816023e40de8,Qatar,Switzerland,2026-06-13T19:00:00Z,betfair_ex_au,16.0,7.2,1.24,h2h,0.0625,0.1388888888888889,0.8064516129032259,0.0620137808401867,0.13780840186708157,0.8001778172927316
26634922d3f78c146440816023e40de8,Qatar,Switzerland,2026-06-13T19:00:00Z,williamhill,13.0,6.0,1.22,h2h,0.07692307692307693,0.16666666666666666,0.819672131147541,0.07234631350069183,0.15675034591816564,0.7709033405811425
26634922d3f78c146440816023e40de8,Qatar,Switzerland,2026-06-13T19:00:00Z,betfair_ex_uk,16.0,7.2,1.24,h2h,0.0625,0.1388888888888889,0.8064516129032259,0.0620137808401867,0.13780840186708157,0.8001778172927316
26634922d3f78c146440816023e40de8,Qatar,Switzerland,2026-06-13T19:00:00Z,marathonbet,15.75,6.7,1.22,h2h,0.06349206349206349,0.14925373134328357,0.819672131147541,0.061498412507335565,0.14456716372993061,0.7939344237627338
26634922d3f78c146440816023e40de8,Qatar,Switzerland,2026-06-13T19:00:00Z,ladbrokes_au,12.0,6.25,1.22,h2h,0.08333333333333333,0.16,0.819672131147541,0.07839407803423636,0.1505166298257338,0.7710892921400297
26634922d3f78c146440816023e40de8,Qatar,Switzerland,2026-06-13T19:00:00Z,neds,12.0,6.25,1.22,h2h,0.08333333333333333,0.16,0.819672131147541,0.07839407803423636,0.1505166298257338,0.7710892921400297
26634922d3f78c146440816023e40de8,Qatar,Switzerland,2026-06-13T19:00:00Z,betway,9.0,6.0,1.22,h2h,0.1111111111111111,0.16666666666666666,0.819672131147541,0.1012448132780083,0.15186721991701246,0.7468879668049794
26634922d3f78c146440816023e40de8,Qatar,Switzerland,2026-06-13T19:00:00Z,skybet,11.0,6.5,1.2,h2h,0.09090909090909091,0.15384615384615385,0.8333333333333334,0.08432432432432432,0.14270270270270272,0.7729729729729731
26634922d3f78c146440816023e40de8,Qatar,Switzerland,2026-06-13T19:00:00Z,everygame,12.0,6.5,1.22,h2h,0.08333333333333333,0.15384615384615385,0.819672131147541,0.07885055185442974,0.14557024957740877,0.7755791985681615
26634922d3f78c146440816023e40de8,Qatar,Switzerland,2026-06-13T19:00:00Z,betmgm,13.0,6.25,1.22,h2h,0.07692307692307693,0.16,0.819672131147541,0.07280278798873346,0.1514297990165656,0.7757674129947009
26634922d3f78c146440816023e40de8,Qatar,Switzerland,2026-06-13T19:00:00Z,ladbrokes_uk,13.0,6.5,1.22,h2h,0.07692307692307693,0.15384615384615385,0.819672131147541,0.07322929171668667,0.14645858343337334,0.78031212484994
26634922d3f78c146440816023e40de8,Qatar,Switzerland,2026-06-13T19:00:00Z,pinnacle,12.48,6.84,1.23,h2h,0.08012820512820512,0.14619883040935672,0.8130081300813008,0.07709563553590869,0.1406657209777983,0.7822386434862931
26634922d3f78c146440816023e40de8,Qatar,Switzerland,2026-06-13T19:00:00Z,betfair_ex_eu,16.0,7.2,1.24,h2h,0.0625,0.1388888888888889,0.8064516129032259,0.0620137808401867,0.13780840186708157,0.8001778172927316
26634922d3f78c146440816023e40de8,Qatar,Switzerland,2026-06-13T19:00:00Z,sport888,12.0,5.75,1.2,h2h,0.08333333333333333,0.17391304347826086,0.8333333333333334,0.07641196013289037,0.15946843853820597,0.7641196013289037
26634922d3f78c146440816023e40de8,Qatar,Switzerland,2026-06-13T19:00:00Z,paddypower,14.0,6.5,1.18,h2h,0.07142857142857142,0.15384615384615385,0.8474576271186441,0.06658564111468009,0.14341522701623405,0.7899991318690859
26634922d3f78c146440816023e40de8,Qatar,Switzerland,2026-06-13T19:00:00Z,coolbet,14.0,6.25,1.24,h2h,0.07142857142857142,0.16,0.8064516129032259,0.06882159666104253,0.15416037652073528,0.7770180268182222
26634922d3f78c146440816023e40de8,Qatar,Switzerland,2026-06-13T19:00:00Z,coral,13.0,6.5,1.22,h2h,0.07692307692307693,0.15384615384615385,0.819672131147541,0.07322929171668667,0.14645858343337334,0.78031212484994
26634922d3f78c146440816023e40de8,Qatar,Switzerland,2026-06-13T19:00:00Z,sportsbet,14.0,6.5,1.2,h2h,0.07142857142857142,0.15384615384615385,0.8333333333333334,0.06747404844290657,0.1453287197231834,0.7871972318339101
26634922d3f78c146440816023e40de8,Qatar,Switzerland,2026-06-13T19:00:00Z,pointsbetau,13.0,6.0,1.22,h2h,0.07692307692307693,0.16666666666666666,0.819672131147541,0.07234631350069183,0.15675034591816564,0.7709033405811425
26634922d3f78c146440816023e40de8,Qatar,Switzerland,2026-06-13T19:00:00Z,tab,13.0,5.5,1.22,h2h,0.07692307692307693,0.18181818181818182,0.819672131147541,0.07132986074200064,0.1685978526629106,0.7600722865950887
26634922d3f78c146440816023e40de8,Qatar,Switzerland,2026-06-13T19:00:00Z,fanduel,14.0,6.5,1.2,h2h,0.07142857142857142,0.15384615384615385,0.8333333333333334,0.06747404844290657,0.1453287197231834,0.7871972318339101
26634922d3f78c146440816023e40de8,Qatar,Switzerland,2026-06-13T19:00:00Z,bovada,11.0,6.5,1.22,h2h,0.09090909090909091,0.15384615384615385,0.819672131147541,0.08540656973613354,0.14453419493807215,0.7700592353257942
26634922d3f78c146440816023e40de8,Qatar,Switzerland,2026-06-13T19:00:00Z,boylesports,13.0,6.0,1.22,h2h,0.07692307692307693,0.16666666666666666,0.819672131147541,0.07234631350069183,0.15675034591816564,0.7709033405811425
26634922d3f78c146440816023e40de8,Qatar,Switzerland,2026-06-13T19:00:00Z,mybookieag,12.0,6.0,1.21,h2h,0.08333333333333333,0.16666666666666666,0.8264462809917356,0.07741522712731926,0.1548304542546385,0.7677543186180423
26634922d3f78c146440816023e40de8,Qatar,Switzerland,2026-06-13T19:00:00Z,draftkings,12.0,6.5,1.22,h2h,0.08333333333333333,0.15384615384615385,0.819672131147541,0.07885055185442974,0.14557024957740877,0.7755791985681615
26634922d3f78c146440816023e40de8,Qatar,Switzerland,2026-06-13T19:00:00Z,winamax_fr,10.5,6.25,1.2,h2h,0.09523809523809523,0.16,0.8333333333333334,0.08748906386701662,0.14698162729658792,0.7655293088363955
26634922d3f78c146440816023e40de8,Qatar,Switzerland,2026-06-13T19:00:00Z,winamax_de,11.0,6.5,1.21,h2h,0.09090909090909091,0.15384615384615385,0.8264462809917356,0.08486646884272998,0.14362017804154303,0.7715133531157271
26634922d3f78c146440816023e40de8,Qatar,Switzerland,2026-06-13T19:00:00Z,betclic_fr,12.75,6.4,1.21,h2h,0.0784313725490196,0.15625,0.8264462809917356,0.0739132302200503,0.14724901332900645,0.7788377564509432
26634922d3f78c146440816023e40de8,Qatar,Switzerland,2026-06-13T19:00:00Z,betr_au,12.5,5.75,1.23,h2h,0.08,0.17391304347826086,0.8130081300813008,0.0749821092528294,0.1630045853322378,0.7620133054149328
26634922d3f78c146440816023e40de8,Qatar,Switzerland,2026-06-13T19:00:00Z,betright,12.0,5.5,1.21,h2h,0.08333333333333333,0.18181818181818182,0.8264462809917356,0.07634069400630915,0.16656151419558363,0.7570977917981073
26634922d3f78c146440816023e40de8,Qatar,Switzerland,2026-06-13T19:00:00Z,betrivers,14.0,6.4,1.22,h2h,0.07142857142857142,0.15625,0.819672131147541,0.06819928726154706,0.1491859408846342,0.7826147718538188
26634922d3f78c146440816023e40de8,Qatar,Switzerland,2026-06-13T19:00:00Z,betsson,14.5,5.65,1.26,h2h,0.06896551724137931,0.17699115044247787,0.7936507936507936,0.06633803604375943,0.17024805710345342,0.7634139068527871
26634922d3f78c146440816023e40de8,Qatar,Switzerland,2026-06-13T19:00:00Z,gtbets,14.66,6.02,1.24,h2h,0.06821282401091405,0.16611295681063123,0.8064516129032259,0.06554026290558788,0.15960469338802633,0.7748550437063859
26634922d3f78c146440816023e40de8,Qatar,Switzerland,2026-06-13T19:00:00Z,tipico_de,14.0,6.7,1.2,h2h,0.07142857142857142,0.14925373134328357,0.8333333333333334,0.06776803776129467,0.1416048550236008,0.7906271072151044
26634922d3f78c146440816023e40de8,Qatar,Switzerland,2026-06-13T19:00:00Z,nordicbet,14.5,5.65,1.26,h2h,0.06896551724137931,0.17699115044247787,0.7936507936507936,0.06633803604375943,0.17024805710345342,0.7634139068527871
26634922d3f78c146440816023e40de8,Qatar,Switzerland,2026-06-13T19:00:00Z,betfred_uk,13.0,6.0,1.22,h2h,0.07692307692307693,0.16666666666666666,0.819672131147541,0.07234631350069183,0.15675034591816564,0.7709033405811425
26634922d3f78c146440816023e40de8,Qatar,Switzerland,2026-06-13T19:00:00Z,betvictor,15.0,6.5,1.18,h2h,0.06666666666666667,0.15384615384615385,0.8474576271186441,0.06242369984536501,0.14405469195084236,0.7935216082037927
26634922d3f78c146440816023e40de8,Qatar,Switzerland,2026-06-13T19:00:00Z,onexbet,15.0,6.7,1.23,h2h,0.06666666666666667,0.14925373134328357,0.8130081300813008,0.06479232021133571,0.14505743330896054,0.7901502464797038
26634922d3f78c146440816023e40de8,Qatar,Switzerland,2026-06-13T19:00:00Z,betanysports,11.0,6.5,1.22,h2h,0.09090909090909091,0.15384615384615385,0.819672131147541,0.08540656973613354,0.14453419493807215,0.7700592353257942
26634922d3f78c146440816023e40de8,Qatar,Switzerland,2026-06-13T19:00:00Z,codere_it,13.0,6.4,1.22,h2h,0.07692307692307693,0.15625,0.819672131147541,0.07306209529513044,0.1484073810682337,0.7785305236366359
f6c8748a16516e0998f95de14235432a,Brazil,Morocco,2026-06-13T22:00:00Z,sportsbet,1.61,3.8,5.5,h2h,0.6211180124223602,0.2631578947368421,0.18181818181818182,0.58261087726145,0.24684302957656173,0.17054609316198813
f6c8748a16516e0998f95de14235432a,Brazil,Morocco,2026-06-13T22:00:00Z,betmgm,1.62,3.9,5.25,h2h,0.6172839506172839,0.25641025641025644,0.19047619047619047,0.5800611932687404,0.24094849566547683,0.17899031106578275
f6c8748a16516e0998f95de14235432a,Brazil,Morocco,2026-06-13T22:00:00Z,fanduel,1.65,3.9,5.6,h2h,0.6060606060606061,0.25641025641025644,0.17857142857142858,0.5821671331467413,0.2463014794082367,0.17153138744502197
f6c8748a16516e0998f95de14235432a,Brazil,Morocco,2026-06-13T22:00:00Z,paddypower,1.62,3.8,5.5,h2h,0.6172839506172839,0.2631578947368421,0.18181818181818182,0.5811043763554468,0.24773397097258518,0.17116165267196795
f6c8748a16516e0998f95de14235432a,Brazil,Morocco,2026-06-13T22:00:00Z,skybet,1.62,3.75,5.25,h2h,0.6172839506172839,0.26666666666666666,0.19047619047619047,0.5745239658568614,0.24819435325016415,0.17728168089297439
f6c8748a16516e0998f95de14235432a,Brazil,Morocco,2026-06-13T22:00:00Z,marathonbet,1.68,3.8,5.75,h2h,0.5952380952380952,0.2631578947368421,0.17391304347826086,0.5766084340528844,0.25492162347601205,0.1684699424711036
f6c8748a16516e0998f95de14235432a,Brazil,Morocco,2026-06-13T22:00:00Z,pinnacle,1.68,3.76,5.63,h2h,0.5952380952380952,0.26595744680851063,0.17761989342806395,0.5729969683845821,0.256019922044175,0.170983109571243
f6c8748a16516e0998f95de14235432a,Brazil,Morocco,2026-06-13T22:00:00Z,grosvenor,1.65,3.7,5.3,h2h,0.6060606060606061,0.27027027027027023,0.18867924528301888,0.5690655832849681,0.25377248984329653,0.17716192687173535
f6c8748a16516e0998f95de14235432a,Brazil,Morocco,2026-06-13T22:00:00Z,betfair_ex_uk,1.72,4.0,5.8,h2h,0.5813953488372093,0.25,0.1724137931034483,0.579189135210705,0.24905132814060316,0.17175953664869184
f6c8748a16516e0998f95de14235432a,Brazil,Morocco,2026-06-13T22:00:00Z,betfair_ex_eu,1.72,4.0,5.8,h2h,0.5813953488372093,0.25,0.1724137931034483,0.579189135210705,0.24905132814060316,0.17175953664869184
f6c8748a16516e0998f95de14235432a,Brazil,Morocco,2026-06-13T22:00:00Z,betfair_ex_au,1.72,4.0,5.8,h2h,0.5813953488372093,0.25,0.1724137931034483,0.579189135210705,0.24905132814060316,0.17175953664869184
f6c8748a16516e0998f95de14235432a,Brazil,Morocco,2026-06-13T22:00:00Z,everygame,1.67,3.65,5.5,h2h,0.5988023952095809,0.273972602739726,0.18181818181818182,0.567804160597361,0.25978984882125833,0.17240599058138054
f6c8748a16516e0998f95de14235432a,Brazil,Morocco,2026-06-13T22:00:00Z,pointsbetau,1.67,3.8,5.5,h2h,0.5988023952095809,0.2631578947368421,0.18181818181818182,0.5736872443797865,0.2521204468721693,0.17419230874804426
f6c8748a16516e0998f95de14235432a,Brazil,Morocco,2026-06-13T22:00:00Z,unibet_fr,1.68,3.9,5.5,h2h,0.5952380952380952,0.25641025641025644,0.18181818181818182,0.5759626228451747,0.24810697599484452,0.17593040115998065
f6c8748a16516e0998f95de14235432a,Brazil,Morocco,2026-06-13T22:00:00Z,bovada,1.67,3.7,5.5,h2h,0.5988023952095809,0.27027027027027023,0.18181818181818182,0.5698045584364675,0.2571820574564596,0.17301338410707287
f6c8748a16516e0998f95de14235432a,Brazil,Morocco,2026-06-13T22:00:00Z,tabtouch,1.64,3.7,5.3,h2h,0.6097560975609756,0.27027027027027023,0.18867924528301888,0.5705557171952284,0.2528949665405877,0.1765493162641839
f6c8748a16516e0998f95de14235432a,Brazil,Morocco,2026-06-13T22:00:00Z,tab,1.68,3.7,5.0,h2h,0.5952380952380952,0.27027027027027023,0.2,0.5586423481096751,0.25365382292547406,0.18770382896485086
f6c8748a16516e0998f95de14235432a,Brazil,Morocco,2026-06-13T22:00:00Z,smarkets,1.72,4.0,5.8,h2h,0.5813953488372093,0.25,0.1724137931034483,0.579189135210705,0.24905132814060316,0.17175953664869184
f6c8748a16516e0998f95de14235432a,Brazil,Morocco,2026-06-13T22:00:00Z,casumo,1.66,3.8,5.5,h2h,0.6024096385542169,0.2631578947368421,0.18181818181818182,0.5751554846166547,0.2512521327535912,0.17359238262975396
f6c8748a16516e0998f95de14235432a,Brazil,Morocco,2026-06-13T22:00:00Z,coolbet,1.67,3.85,5.75,h2h,0.5988023952095809,0.2597402597402597,0.17391304347826086,0.5799787788679444,0.2515752105738875,0.16844601055816816
f6c8748a16516e0998f95de14235432a,Brazil,Morocco,2026-06-13T22:00:00Z,coral,1.65,3.9,5.25,h2h,0.6060606060606061,0.25641025641025644,0.19047619047619047,0.5755850727387729,0.24351676154332702,0.18089816571790004
f6c8748a16516e0998f95de14235432a,Brazil,Morocco,2026-06-13T22:00:00Z,ladbrokes_uk,1.61,3.9,5.25,h2h,0.6211180124223602,0.25641025641025644,0.19047619047619047,0.5815687444079928,0.24008350730688938,0.1783477482851178
f6c8748a16516e0998f95de14235432a,Brazil,Morocco,2026-06-13T22:00:00Z,betway,1.61,3.75,5.25,h2h,0.6211180124223602,0.26666666666666666,0.19047619047619047,0.576036866359447,0.24731182795698925,0.17665130568356374
f6c8748a16516e0998f95de14235432a,Brazil,Morocco,2026-06-13T22:00:00Z,sport888,1.57,3.9,5.0,h2h,0.6369426751592356,0.25641025641025644,0.2,0.5825590774654199,0.23451737221043828,0.18292355032414184
f6c8748a16516e0998f95de14235432a,Brazil,Morocco,2026-06-13T22:00:00Z,williamhill,1.6,3.9,5.0,h2h,0.625,0.25641025641025644,0.2,0.5779490219324245,0.2371072910491998,0.18494368701837582
f6c8748a16516e0998f95de14235432a,Brazil,Morocco,2026-06-13T22:00:00Z,unibet_nl,1.68,3.85,5.6,h2h,0.5952380952380952,0.2597402597402597,0.17857142857142858,0.5759162303664921,0.2513089005235602,0.17277486910994766
f6c8748a16516e0998f95de14235432a,Brazil,Morocco,2026-06-13T22:00:00Z,unibet_uk,1.65,3.8,5.5,h2h,0.6060606060606061,0.2631578947368421,0.18181818181818182,0.5766312594840667,0.25037936267071315,0.17298937784522
f6c8748a16516e0998f95de14235432a,Brazil,Morocco,2026-06-13T22:00:00Z,ladbrokes_au,1.62,3.9,5.25,h2h,0.6172839506172839,0.25641025641025644,0.19047619047619047,0.5800611932687404,0.24094849566547683,0.17899031106578275
f6c8748a16516e0998f95de14235432a,Brazil,Morocco,2026-06-13T22:00:00Z,leovegas,1.66,3.8,5.5,h2h,0.6024096385542169,0.2631578947368421,0.18181818181818182,0.5751554846166547,0.2512521327535912,0.17359238262975396
f6c8748a16516e0998f95de14235432a,Brazil,Morocco,2026-06-13T22:00:00Z,leovegas_se,1.66,3.8,5.5,h2h,0.6024096385542169,0.2631578947368421,0.18181818181818182,0.5751554846166547,0.2512521327535912,0.17359238262975396
f6c8748a16516e0998f95de14235432a,Brazil,Morocco,2026-06-13T22:00:00Z,neds,1.62,3.9,5.25,h2h,0.6172839506172839,0.25641025641025644,0.19047619047619047,0.5800611932687404,0.24094849566547683,0.17899031106578275
f6c8748a16516e0998f95de14235432a,Brazil,Morocco,2026-06-13T22:00:00Z,unibet_se,1.67,3.85,5.6,h2h,0.5988023952095809,0.2597402597402597,0.17857142857142858,0.5773736995032337,0.2504452151091949,0.1721810853875715
f6c8748a16516e0998f95de14235432a,Brazil,Morocco,2026-06-13T22:00:00Z,unibet,1.64,3.7,5.3,h2h,0.6097560975609756,0.27027027027027023,0.18867924528301888,0.5705557171952284,0.2528949665405877,0.1765493162641839
f6c8748a16516e0998f95de14235432a,Brazil,Morocco,2026-06-13T22:00:00Z,betonlineag,1.68,3.9,5.5,h2h,0.5952380952380952,0.25641025641025644,0.18181818181818182,0.5759626228451747,0.24810697599484452,0.17593040115998065
f6c8748a16516e0998f95de14235432a,Brazil,Morocco,2026-06-13T22:00:00Z,pmu_fr,1.68,3.9,5.5,h2h,0.5952380952380952,0.25641025641025644,0.18181818181818182,0.5759626228451747,0.24810697599484452,0.17593040115998065
f6c8748a16516e0998f95de14235432a,Brazil,Morocco,2026-06-13T22:00:00Z,boylesports,1.62,3.6,5.0,h2h,0.6172839506172839,0.2777777777777778,0.2,0.5636978579481398,0.25366403607666294,0.1826381059751973
f6c8748a16516e0998f95de14235432a,Brazil,Morocco,2026-06-13T22:00:00Z,mybookieag,1.61,3.7,5.3,h2h,0.6211180124223602,0.27027027027027023,0.18867924528301888,0.5750733137829912,0.2502346041055718,0.17469208211143697
f6c8748a16516e0998f95de14235432a,Brazil,Morocco,2026-06-13T22:00:00Z,draftkings,1.67,3.8,5.5,h2h,0.5988023952095809,0.2631578947368421,0.18181818181818182,0.5736872443797865,0.2521204468721693,0.17419230874804426
f6c8748a16516e0998f95de14235432a,Brazil,Morocco,2026-06-13T22:00:00Z,winamax_fr,1.6,3.7,5.2,h2h,0.625,0.27027027027027023,0.1923076923076923,0.5746714456391876,0.24850657108721624,0.1768219832735962
f6c8748a16516e0998f95de14235432a,Brazil,Morocco,2026-06-13T22:00:00Z,winamax_de,1.62,3.8,5.4,h2h,0.6172839506172839,0.2631578947368421,0.18518518518518517,0.5792682926829268,0.24695121951219512,0.17378048780487804
f6c8748a16516e0998f95de14235432a,Brazil,Morocco,2026-06-13T22:00:00Z,betclic_fr,1.63,3.83,5.5,h2h,0.6134969325153374,0.2610966057441253,0.18181818181818182,0.5807365829586275,0.24715421154636102,0.17210920549501144
f6c8748a16516e0998f95de14235432a,Brazil,Morocco,2026-06-13T22:00:00Z,betr_au,1.65,3.7,5.25,h2h,0.6060606060606061,0.27027027027027023,0.19047619047619047,0.5681070410177671,0.2533450318052204,0.17854792717701248
f6c8748a16516e0998f95de14235432a,Brazil,Morocco,2026-06-13T22:00:00Z,betright,1.61,3.65,5.25,h2h,0.6211180124223602,0.273972602739726,0.19047619047619047,0.5721601003239628,0.252377468910022,0.17546243076601528
f6c8748a16516e0998f95de14235432a,Brazil,Morocco,2026-06-13T22:00:00Z,betrivers,1.66,3.8,5.5,h2h,0.6024096385542169,0.2631578947368421,0.18181818181818182,0.5751554846166547,0.2512521327535912,0.17359238262975396
f6c8748a16516e0998f95de14235432a,Brazil,Morocco,2026-06-13T22:00:00Z,betsson,1.7,3.85,5.25,h2h,0.5882352941176471,0.2597402597402597,0.19047619047619047,0.5664541441883276,0.25012260912211864,0.1834232466895537
f6c8748a16516e0998f95de14235432a,Brazil,Morocco,2026-06-13T22:00:00Z,gtbets,1.61,3.86,5.47,h2h,0.6211180124223602,0.2590673575129534,0.18281535648994515,0.5843062915969061,0.2437132459769479,0.17198046242614604
f6c8748a16516e0998f95de14235432a,Brazil,Morocco,2026-06-13T22:00:00Z,tipico_de,1.62,3.9,5.5,h2h,0.6172839506172839,0.25641025641025644,0.18181818181818182,0.5848192376901684,0.24292491411745462,0.17225584819237688
f6c8748a16516e0998f95de14235432a,Brazil,Morocco,2026-06-13T22:00:00Z,nordicbet,1.7,3.85,5.25,h2h,0.5882352941176471,0.2597402597402597,0.19047619047619047,0.5664541441883276,0.25012260912211864,0.1834232466895537
f6c8748a16516e0998f95de14235432a,Brazil,Morocco,2026-06-13T22:00:00Z,betfred_uk,1.62,3.75,5.5,h2h,0.6172839506172839,0.26666666666666666,0.18181818181818182,0.5791912384161751,0.2502106149957877,0.17059814658803707
f6c8748a16516e0998f95de14235432a,Brazil,Morocco,2026-06-13T22:00:00Z,betvictor,1.65,3.75,5.25,h2h,0.6060606060606061,0.26666666666666666,0.19047619047619047,0.5700325732899023,0.250814332247557,0.17915309446254069
f6c8748a16516e0998f95de14235432a,Brazil,Morocco,2026-06-13T22:00:00Z,onexbet,1.7,3.8,5.6,h2h,0.5882352941176471,0.2631578947368421,0.17857142857142858,0.5711218464841653,0.25550187869028446,0.17337627482555018
f6c8748a16516e0998f95de14235432a,Brazil,Morocco,2026-06-13T22:00:00Z,betanysports,1.67,3.7,5.5,h2h,0.5988023952095809,0.27027027027027023,0.18181818181818182,0.5698045584364675,0.2571820574564596,0.17301338410707287
f6c8748a16516e0998f95de14235432a,Brazil,Morocco,2026-06-13T22:00:00Z,codere_it,1.65,3.85,5.4,h2h,0.6060606060606061,0.2597402597402597,0.18518518518518517,0.5766590389016019,0.24713958810068648,0.17620137299771169
5ae41a06735c926eeb7f74006933adce,Haiti,Scotland,2026-06-14T01:00:00Z,sportsbet,6.0,4.33,1.5,h2h,0.16666666666666666,0.23094688221709006,0.6666666666666666,0.1566003616636528,0.21699819168173598,0.6264014466546112
5ae41a06735c926eeb7f74006933adce,Haiti,Scotland,2026-06-14T01:00:00Z,betmgm,6.25,4.33,1.5,h2h,0.16,0.23094688221709006,0.6666666666666666,0.15128399231351541,0.21836603971350377,0.6303499679729809
5ae41a06735c926eeb7f74006933adce,Haiti,Scotland,2026-06-14T01:00:00Z,fanduel,6.0,4.4,1.51,h2h,0.16666666666666666,0.22727272727272727,0.6622516556291391,0.15779973399201977,0.21518145544366332,0.6270188105643171
5ae41a06735c926eeb7f74006933adce,Haiti,Scotland,2026-06-14T01:00:00Z,paddypower,6.0,4.33,1.5,h2h,0.16666666666666666,0.23094688221709006,0.6666666666666666,0.1566003616636528,0.21699819168173598,0.6264014466546112
5ae41a06735c926eeb7f74006933adce,Haiti,Scotland,2026-06-14T01:00:00Z,skybet,6.0,4.2,1.5,h2h,0.16666666666666666,0.23809523809523808,0.6666666666666666,0.15555555555555556,0.2222222222222222,0.6222222222222222
5ae41a06735c926eeb7f74006933adce,Haiti,Scotland,2026-06-14T01:00:00Z,marathonbet,6.25,4.4,1.55,h2h,0.16,0.22727272727272727,0.6451612903225806,0.1549735840481736,0.22013293188661023,0.6248934840652162
5ae41a06735c926eeb7f74006933adce,Haiti,Scotland,2026-06-14T01:00:00Z,pinnacle,6.3,4.35,1.54,h2h,0.15873015873015872,0.2298850574712644,0.6493506493506493,0.15292425695110257,0.2214765100671141,0.6255992329817833
5ae41a06735c926eeb7f74006933adce,Haiti,Scotland,2026-06-14T01:00:00Z,grosvenor,6.1,4.2,1.5,h2h,0.1639344262295082,0.23809523809523808,0.6666666666666666,0.15339663988312638,0.22279035792549304,0.6238130021913805
5ae41a06735c926eeb7f74006933adce,Haiti,Scotland,2026-06-14T01:00:00Z,betfair_ex_au,6.8,4.6,1.56,h2h,0.14705882352941177,0.2173913043478261,0.641025641025641,0.1462579488015653,0.216207402576227,0.6375346486222077
5ae41a06735c926eeb7f74006933adce,Haiti,Scotland,2026-06-14T01:00:00Z,betfair_ex_uk,6.8,4.6,1.56,h2h,0.14705882352941177,0.2173913043478261,0.641025641025641,0.1462579488015653,0.216207402576227,0.6375346486222077
5ae41a06735c926eeb7f74006933adce,Haiti,Scotland,2026-06-14T01:00:00Z,betfair_ex_eu,6.8,4.6,1.56,h2h,0.14705882352941177,0.2173913043478261,0.641025641025641,0.1462579488015653,0.216207402576227,0.6375346486222077
5ae41a06735c926eeb7f74006933adce,Haiti,Scotland,2026-06-14T01:00:00Z,everygame,6.25,4.4,1.5,h2h,0.16,0.22727272727272727,0.6666666666666666,0.15181138585393905,0.21564117308798159,0.6325474410580794
5ae41a06735c926eeb7f74006933adce,Haiti,Scotland,2026-06-14T01:00:00Z,pointsbetau,6.0,4.3,1.5,h2h,0.16666666666666666,0.23255813953488372,0.6666666666666666,0.15636363636363637,0.2181818181818182,0.6254545454545455
5ae41a06735c926eeb7f74006933adce,Haiti,Scotland,2026-06-14T01:00:00Z,bovada,6.0,4.25,1.52,h2h,0.16666666666666666,0.23529411764705882,0.6578947368421053,0.1572541382667965,0.22200584225900682,0.6207400194741968
5ae41a06735c926eeb7f74006933adce,Haiti,Scotland,2026-06-14T01:00:00Z,tabtouch,6.1,4.1,1.5,h2h,0.1639344262295082,0.24390243902439027,0.6666666666666666,0.15256760109154058,0.2269908211361945,0.6204415777722649
5ae41a06735c926eeb7f74006933adce,Haiti,Scotland,2026-06-14T01:00:00Z,tab,6.0,4.25,1.52,h2h,0.16666666666666666,0.23529411764705882,0.6578947368421053,0.1572541382667965,0.22200584225900682,0.6207400194741968
5ae41a06735c926eeb7f74006933adce,Haiti,Scotland,2026-06-14T01:00:00Z,casumo,6.25,4.25,1.51,h2h,0.16,0.23529411764705882,0.6622516556291391,0.15129368774680263,0.22249071727470973,0.6262155949784877
5ae41a06735c926eeb7f74006933adce,Haiti,Scotland,2026-06-14T01:00:00Z,coolbet,7.0,4.3,1.53,h2h,0.14285714285714285,0.23255813953488372,0.6535947712418301,0.1388296862141003,0.22600181476714004,0.6351684990187596
5ae41a06735c926eeb7f74006933adce,Haiti,Scotland,2026-06-14T01:00:00Z,coral,6.0,4.4,1.5,h2h,0.16666666666666666,0.22727272727272727,0.6666666666666666,0.15714285714285714,0.2142857142857143,0.6285714285714286
5ae41a06735c926eeb7f74006933adce,Haiti,Scotland,2026-06-14T01:00:00Z,ladbrokes_uk,6.0,4.33,1.5,h2h,0.16666666666666666,0.23094688221709006,0.6666666666666666,0.1566003616636528,0.21699819168173598,0.6264014466546112
5ae41a06735c926eeb7f74006933adce,Haiti,Scotland,2026-06-14T01:00:00Z,betway,6.0,4.2,1.45,h2h,0.16666666666666666,0.23809523809523808,0.6896551724137931,0.1522880720180045,0.2175543885971493,0.6301575393848463
5ae41a06735c926eeb7f74006933adce,Haiti,Scotland,2026-06-14T01:00:00Z,sport888,6.0,4.2,1.44,h2h,0.16666666666666666,0.23809523809523808,0.6944444444444444,0.15162454873646208,0.21660649819494582,0.6317689530685919
5ae41a06735c926eeb7f74006933adce,Haiti,Scotland,2026-06-14T01:00:00Z,williamhill,6.0,4.2,1.44,h2h,0.16666666666666666,0.23809523809523808,0.6944444444444444,0.15162454873646208,0.21660649819494582,0.6317689530685919
5ae41a06735c926eeb7f74006933adce,Haiti,Scotland,2026-06-14T01:00:00Z,unibet_nl,6.5,4.35,1.53,h2h,0.15384615384615385,0.2298850574712644,0.6535947712418301,0.14831032523314505,0.22161312965872249,0.6300765451081325
5ae41a06735c926eeb7f74006933adce,Haiti,Scotland,2026-06-14T01:00:00Z,unibet_uk,6.0,4.25,1.5,h2h,0.16666666666666666,0.23529411764705882,0.6666666666666666,0.15596330275229356,0.22018348623853212,0.6238532110091742
5ae41a06735c926eeb7f74006933adce,Haiti,Scotland,2026-06-14T01:00:00Z,unibet_fr,6.5,4.45,1.49,h2h,0.15384615384615385,0.2247191011235955,0.6711409395973155,0.14656115648589207,0.21407809374343786,0.6393607497706701
5ae41a06735c926eeb7f74006933adce,Haiti,Scotland,2026-06-14T01:00:00Z,leovegas_se,6.25,4.25,1.51,h2h,0.16,0.23529411764705882,0.6622516556291391,0.15129368774680263,0.22249071727470973,0.6262155949784877
5ae41a06735c926eeb7f74006933adce,Haiti,Scotland,2026-06-14T01:00:00Z,ladbrokes_au,6.0,4.4,1.5,h2h,0.16666666666666666,0.22727272727272727,0.6666666666666666,0.15714285714285714,0.2142857142857143,0.6285714285714286
5ae41a06735c926eeb7f74006933adce,Haiti,Scotland,2026-06-14T01:00:00Z,leovegas,6.25,4.25,1.51,h2h,0.16,0.23529411764705882,0.6622516556291391,0.15129368774680263,0.22249071727470973,0.6262155949784877
5ae41a06735c926eeb7f74006933adce,Haiti,Scotland,2026-06-14T01:00:00Z,neds,6.0,4.4,1.5,h2h,0.16666666666666666,0.22727272727272727,0.6666666666666666,0.15714285714285714,0.2142857142857143,0.6285714285714286
5ae41a06735c926eeb7f74006933adce,Haiti,Scotland,2026-06-14T01:00:00Z,unibet_se,6.5,4.3,1.53,h2h,0.15384615384615385,0.23255813953488372,0.6535947712418301,0.14792912713045825,0.2236137968251113,0.6284570760444305
5ae41a06735c926eeb7f74006933adce,Haiti,Scotland,2026-06-14T01:00:00Z,unibet,6.1,4.1,1.5,h2h,0.1639344262295082,0.24390243902439027,0.6666666666666666,0.15256760109154058,0.2269908211361945,0.6204415777722649
5ae41a06735c926eeb7f74006933adce,Haiti,Scotland,2026-06-14T01:00:00Z,betonlineag,6.85,4.5,1.5,h2h,0.14598540145985403,0.2222222222222222,0.6666666666666666,0.14106583072100315,0.2147335423197492,0.6442006269592476
5ae41a06735c926eeb7f74006933adce,Haiti,Scotland,2026-06-14T01:00:00Z,smarkets,6.8,4.5,1.56,h2h,0.14705882352941177,0.2222222222222222,0.641025641025641,0.1455585966658373,0.21995521273948743,0.6344861905946753
5ae41a06735c926eeb7f74006933adce,Haiti,Scotland,2026-06-14T01:00:00Z,pmu_fr,6.25,4.25,1.51,h2h,0.16,0.23529411764705882,0.6622516556291391,0.15129368774680263,0.22249071727470973,0.6262155949784877
5ae41a06735c926eeb7f74006933adce,Haiti,Scotland,2026-06-14T01:00:00Z,boylesports,6.0,4.0,1.5,h2h,0.16666666666666666,0.25,0.6666666666666666,0.15384615384615385,0.23076923076923078,0.6153846153846154
5ae41a06735c926eeb7f74006933adce,Haiti,Scotland,2026-06-14T01:00:00Z,mybookieag,6.0,4.2,1.49,h2h,0.16666666666666666,0.23809523809523808,0.6711409395973155,0.15490865884449723,0.2212980840635675,0.6237932570919352
5ae41a06735c926eeb7f74006933adce,Haiti,Scotland,2026-06-14T01:00:00Z,draftkings,6.5,4.4,1.51,h2h,0.15384615384615385,0.22727272727272727,0.6622516556291391,0.14745111964313456,0.2178255176546306,0.634723362702235
5ae41a06735c926eeb7f74006933adce,Haiti,Scotland,2026-06-14T01:00:00Z,winamax_fr,5.7,4.4,1.46,h2h,0.17543859649122806,0.22727272727272727,0.684931506849315,0.16130166223070355,0.2089589715261387,0.6297393662431577
5ae41a06735c926eeb7f74006933adce,Haiti,Scotland,2026-06-14T01:00:00Z,winamax_de,5.9,4.5,1.48,h2h,0.1694915254237288,0.2222222222222222,0.6756756756756757,0.15879071098183206,0.20819226550951314,0.6330170235086549
5ae41a06735c926eeb7f74006933adce,Haiti,Scotland,2026-06-14T01:00:00Z,betclic_fr,6.25,4.35,1.49,h2h,0.16,0.2298850574712644,0.6711409395973155,0.15079743610623175,0.21666298291125255,0.6325395809825157
5ae41a06735c926eeb7f74006933adce,Haiti,Scotland,2026-06-14T01:00:00Z,betr_au,6.5,4.1,1.48,h2h,0.15384615384615385,0.24390243902439027,0.6756756756756757,0.1433227833152251,0.22721904671925935,0.6294581699655156
5ae41a06735c926eeb7f74006933adce,Haiti,Scotland,2026-06-14T01:00:00Z,betright,6.5,3.95,1.47,h2h,0.15384615384615385,0.2531645569620253,0.6802721088435374,0.14149598528139584,0.23284149476685387,0.6256625199517503
5ae41a06735c926eeb7f74006933adce,Haiti,Scotland,2026-06-14T01:00:00Z,betrivers,6.25,4.25,1.51,h2h,0.16,0.23529411764705882,0.6622516556291391,0.15129368774680263,0.22249071727470973,0.6262155949784877
5ae41a06735c926eeb7f74006933adce,Haiti,Scotland,2026-06-14T01:00:00Z,betsson,6.5,4.3,1.52,h2h,0.15384615384615385,0.23255813953488372,0.6578947368421053,0.1473200198350088,0.2226930532389668,0.6299869269260245
5ae41a06735c926eeb7f74006933adce,Haiti,Scotland,2026-06-14T01:00:00Z,gtbets,6.29,4.45,1.46,h2h,0.1589825119236884,0.2247191011235955,0.684931506849315,0.14877183662347238,0.2102864836767733,0.6409416796997542
5ae41a06735c926eeb7f74006933adce,Haiti,Scotland,2026-06-14T01:00:00Z,tipico_de,6.2,4.4,1.5,h2h,0.16129032258064516,0.22727272727272727,0.6666666666666666,0.15284854099119963,0.21537748957850858,0.6317739694302918
5ae41a06735c926eeb7f74006933adce,Haiti,Scotland,2026-06-14T01:00:00Z,nordicbet,6.5,4.3,1.52,h2h,0.15384615384615385,0.23255813953488372,0.6578947368421053,0.1473200198350088,0.2226930532389668,0.6299869269260245
5ae41a06735c926eeb7f74006933adce,Haiti,Scotland,2026-06-14T01:00:00Z,betfred_uk,6.0,4.33,1.44,h2h,0.16666666666666666,0.23094688221709006,0.6944444444444444,0.1526170475239382,0.21147858779298598,0.6359043646830759
5ae41a06735c926eeb7f74006933adce,Haiti,Scotland,2026-06-14T01:00:00Z,betvictor,6.5,4.1,1.5,h2h,0.15384615384615385,0.24390243902439027,0.6666666666666666,0.1445358401880141,0.22914218566392483,0.6263219741480611
5ae41a06735c926eeb7f74006933adce,Haiti,Scotland,2026-06-14T01:00:00Z,onexbet,6.05,4.4,1.57,h2h,0.1652892561983471,0.22727272727272727,0.6369426751592356,0.16055221781925094,0.22075929950147002,0.618688482679279
5ae41a06735c926eeb7f74006933adce,Haiti,Scotland,2026-06-14T01:00:00Z,betanysports,6.0,4.25,1.52,h2h,0.16666666666666666,0.23529411764705882,0.6578947368421053,0.1572541382667965,0.22200584225900682,0.6207400194741968
5ae41a06735c926eeb7f74006933adce,Haiti,Scotland,2026-06-14T01:00:00Z,codere_it,6.4,4.3,1.51,h2h,0.15625,0.23255813953488372,0.6622516556291391,0.1486594775282185,0.22126061771641825,0.6300799047553632
564084f52cc9f1abcc18187c168a7cdc,Australia,Turkey,2026-06-14T04:00:00Z,unibet,5.1,3.65,1.67,h2h,0.19607843137254904,0.273972602739726,0.5988023952095809,0.18344744563990673,0.2563238281543902,0.5602287262057032
564084f52cc9f1abcc18187c168a7cdc,Australia,Turkey,2026-06-14T04:00:00Z,casumo,5.25,3.7,1.7,h2h,0.19047619047619047,0.27027027027027023,0.5882352941176471,0.18158198614318705,0.2576501154734411,0.5607678983833718
564084f52cc9f1abcc18187c168a7cdc,Australia,Turkey,2026-06-14T04:00:00Z,leovegas,5.25,3.7,1.7,h2h,0.19047619047619047,0.27027027027027023,0.5882352941176471,0.18158198614318705,0.2576501154734411,0.5607678983833718
564084f52cc9f1abcc18187c168a7cdc,Australia,Turkey,2026-06-14T04:00:00Z,unibet_uk,5.0,3.75,1.7,h2h,0.2,0.26666666666666666,0.5882352941176471,0.1895910780669145,0.2527881040892193,0.5576208178438662
564084f52cc9f1abcc18187c168a7cdc,Australia,Turkey,2026-06-14T04:00:00Z,pointsbetau,5.0,3.6,1.71,h2h,0.2,0.2777777777777778,0.5847953216374269,0.18822234452394057,0.26141992294991745,0.550357732526142
564084f52cc9f1abcc18187c168a7cdc,Australia,Turkey,2026-06-14T04:00:00Z,coolbet,5.0,3.85,1.75,h2h,0.2,0.2597402597402597,0.5714285714285714,0.1939546599496222,0.251889168765743,0.5541561712846347
564084f52cc9f1abcc18187c168a7cdc,Australia,Turkey,2026-06-14T04:00:00Z,paddypower,5.0,3.6,1.67,h2h,0.2,0.2777777777777778,0.5988023952095809,0.18577343798281934,0.25801866386502686,0.5562078981521538
564084f52cc9f1abcc18187c168a7cdc,Australia,Turkey,2026-06-14T04:00:00Z,smarkets,5.3,3.8,1.77,h2h,0.18867924528301888,0.2631578947368421,0.5649717514124294,0.18556018429111376,0.25880762545865865,0.5556321902502276
564084f52cc9f1abcc18187c168a7cdc,Australia,Turkey,2026-06-14T04:00:00Z,grosvenor,5.1,3.65,1.68,h2h,0.19607843137254904,0.273972602739726,0.5952380952380952,0.1840612336785232,0.25718144979738855,0.5587573165240882
564084f52cc9f1abcc18187c168a7cdc,Australia,Turkey,2026-06-14T04:00:00Z,tabtouch,5.1,3.65,1.67,h2h,0.19607843137254904,0.273972602739726,0.5988023952095809,0.18344744563990673,0.2563238281543902,0.5602287262057032
564084f52cc9f1abcc18187c168a7cdc,Australia,Turkey,2026-06-14T04:00:00Z,marathonbet,5.25,3.85,1.72,h2h,0.19047619047619047,0.2597402597402597,0.5813953488372093,0.18463940665560652,0.25178100907582707,0.5635795842685665
564084f52cc9f1abcc18187c168a7cdc,Australia,Turkey,2026-06-14T04:00:00Z,skybet,5.0,3.6,1.67,h2h,0.2,0.2777777777777778,0.5988023952095809,0.18577343798281934,0.25801866386502686,0.5562078981521538
564084f52cc9f1abcc18187c168a7cdc,Australia,Turkey,2026-06-14T04:00:00Z,fanduel,5.4,3.7,1.69,h2h,0.18518518518518517,0.27027027027027023,0.591715976331361,0.1768432365168698,0.25809553437597216,0.5650612291071581
564084f52cc9f1abcc18187c168a7cdc,Australia,Turkey,2026-06-14T04:00:00Z,sportsbet,5.5,3.6,1.65,h2h,0.18181818181818182,0.2777777777777778,0.6060606060606061,0.17061611374407581,0.2606635071090047,0.5687203791469194
564084f52cc9f1abcc18187c168a7cdc,Australia,Turkey,2026-06-14T04:00:00Z,betfair_ex_uk,5.7,3.9,1.75,h2h,0.17543859649122806,0.25641025641025644,0.5714285714285714,0.1748654880860876,0.2555726364335127,0.5695618754803996
564084f52cc9f1abcc18187c168a7cdc,Australia,Turkey,2026-06-14T04:00:00Z,betfair_ex_eu,5.7,3.9,1.75,h2h,0.17543859649122806,0.25641025641025644,0.5714285714285714,0.1748654880860876,0.2555726364335127,0.5695618754803996
564084f52cc9f1abcc18187c168a7cdc,Australia,Turkey,2026-06-14T04:00:00Z,betfair_ex_au,5.7,3.9,1.75,h2h,0.17543859649122806,0.25641025641025644,0.5714285714285714,0.1748654880860876,0.2555726364335127,0.5695618754803996
564084f52cc9f1abcc18187c168a7cdc,Australia,Turkey,2026-06-14T04:00:00Z,everygame,5.0,3.85,1.7,h2h,0.2,0.2597402597402597,0.5882352941176471,0.1908441463770229,0.24784954074938037,0.5613063128735968
564084f52cc9f1abcc18187c168a7cdc,Australia,Turkey,2026-06-14T04:00:00Z,ladbrokes_uk,4.6,3.6,1.75,h2h,0.2173913043478261,0.2777777777777778,0.5714285714285714,0.2038175347783889,0.2604335166612747,0.5357489485603365
564084f52cc9f1abcc18187c168a7cdc,Australia,Turkey,2026-06-14T04:00:00Z,coral,4.8,3.6,1.75,h2h,0.20833333333333334,0.2777777777777778,0.5714285714285714,0.19699812382739212,0.2626641651031895,0.5403377110694183
564084f52cc9f1abcc18187c168a7cdc,Australia,Turkey,2026-06-14T04:00:00Z,neds,5.0,3.6,1.72,h2h,0.2,0.2777777777777778,0.5813953488372093,0.18882654305928276,0.2622590875823372,0.5489143693583801
564084f52cc9f1abcc18187c168a7cdc,Australia,Turkey,2026-06-14T04:00:00Z,ladbrokes_au,5.0,3.6,1.72,h2h,0.2,0.2777777777777778,0.5813953488372093,0.18882654305928276,0.2622590875823372,0.5489143693583801
564084f52cc9f1abcc18187c168a7cdc,Australia,Turkey,2026-06-14T04:00:00Z,betonlineag,5.1,3.65,1.77,h2h,0.19607843137254904,0.273972602739726,0.5649717514124294,0.1894435891796789,0.2647020013195513,0.5458544095007697
564084f52cc9f1abcc18187c168a7cdc,Australia,Turkey,2026-06-14T04:00:00Z,betway,4.5,3.6,1.7,h2h,0.2222222222222222,0.2777777777777778,0.5882352941176471,0.20420420420420418,0.2552552552552552,0.5405405405405405
564084f52cc9f1abcc18187c168a7cdc,Australia,Turkey,2026-06-14T04:00:00Z,pmu_fr,5.25,3.7,1.7,h2h,0.19047619047619047,0.27027027027027023,0.5882352941176471,0.18158198614318705,0.2576501154734411,0.5607678983833718
564084f52cc9f1abcc18187c168a7cdc,Australia,Turkey,2026-06-14T04:00:00Z,unibet_fr,5.1,3.8,1.69,h2h,0.19607843137254904,0.2631578947368421,0.591715976331361,0.18657215072194303,0.25039946544260766,0.5630283838354493
564084f52cc9f1abcc18187c168a7cdc,Australia,Turkey,2026-06-14T04:00:00Z,leovegas_se,5.25,3.7,1.7,h2h,0.19047619047619047,0.27027027027027023,0.5882352941176471,0.18158198614318705,0.2576501154734411,0.5607678983833718
564084f52cc9f1abcc18187c168a7cdc,Australia,Turkey,2026-06-14T04:00:00Z,unibet_se,5.4,3.75,1.7,h2h,0.18518518518518517,0.26666666666666666,0.5882352941176471,0.17804775869291997,0.2563887725178048,0.5655634687892752
564084f52cc9f1abcc18187c168a7cdc,Australia,Turkey,2026-06-14T04:00:00Z,pinnacle,5.2,3.87,1.7,h2h,0.1923076923076923,0.25839793281653745,0.5882352941176471,0.1850997383451031,0.2487128267169344,0.5661874349379625
564084f52cc9f1abcc18187c168a7cdc,Australia,Turkey,2026-06-14T04:00:00Z,tab,5.5,3.5,1.7,h2h,0.18181818181818182,0.2857142857142857,0.5882352941176471,0.17221418234442837,0.27062228654124454,0.557163531114327
564084f52cc9f1abcc18187c168a7cdc,Australia,Turkey,2026-06-14T04:00:00Z,bovada,5.05,3.8,1.69,h2h,0.19801980198019803,0.2631578947368421,0.591715976331361,0.1880719839515031,0.24993776814607643,0.5619902479024205
564084f52cc9f1abcc18187c168a7cdc,Australia,Turkey,2026-06-14T04:00:00Z,unibet_nl,5.4,3.8,1.71,h2h,0.18518518518518517,0.2631578947368421,0.5847953216374269,0.1792452830188679,0.25471698113207547,0.5660377358490566
564084f52cc9f1abcc18187c168a7cdc,Australia,Turkey,2026-06-14T04:00:00Z,boylesports,4.75,3.6,1.67,h2h,0.21052631578947367,0.2777777777777778,0.5988023952095809,0.19365749166519028,0.2555203015026817,0.5508222068321281
564084f52cc9f1abcc18187c168a7cdc,Australia,Turkey,2026-06-14T04:00:00Z,sport888,4.75,3.5,1.67,h2h,0.21052631578947367,0.2857142857142857,0.5988023952095809,0.1922539264863087,0.2609160430885618,0.5468300304251296
564084f52cc9f1abcc18187c168a7cdc,Australia,Turkey,2026-06-14T04:00:00Z,williamhill,4.8,3.6,1.7,h2h,0.20833333333333334,0.2777777777777778,0.5882352941176471,0.1939163498098859,0.2585551330798479,0.5475285171102661
564084f52cc9f1abcc18187c168a7cdc,Australia,Turkey,2026-06-14T04:00:00Z,mybookieag,4.8,3.6,1.68,h2h,0.20833333333333334,0.2777777777777778,0.5952380952380952,0.19266055045871558,0.2568807339449541,0.5504587155963302
564084f52cc9f1abcc18187c168a7cdc,Australia,Turkey,2026-06-14T04:00:00Z,draftkings,5.0,3.8,1.71,h2h,0.2,0.2631578947368421,0.5847953216374269,0.19084821428571433,0.25111607142857145,0.5580357142857143
564084f52cc9f1abcc18187c168a7cdc,Australia,Turkey,2026-06-14T04:00:00Z,winamax_fr,4.6,3.7,1.66,h2h,0.2173913043478261,0.27027027027027023,0.6024096385542169,0.19942853432041044,0.24793817780375346,0.5526332878758362
564084f52cc9f1abcc18187c168a7cdc,Australia,Turkey,2026-06-14T04:00:00Z,betclic_fr,4.95,3.7,1.7,h2h,0.20202020202020202,0.27027027027027023,0.5882352941176471,0.19049061175045426,0.2548455481526347,0.5546638400969109
564084f52cc9f1abcc18187c168a7cdc,Australia,Turkey,2026-06-14T04:00:00Z,betr_au,4.75,3.6,1.72,h2h,0.21052631578947367,0.2777777777777778,0.5813953488372093,0.19680884876994467,0.25967834212701035,0.543512809103045
564084f52cc9f1abcc18187c168a7cdc,Australia,Turkey,2026-06-14T04:00:00Z,betright,4.6,3.55,1.7,h2h,0.2173913043478261,0.28169014084507044,0.5882352941176471,0.1999337419247971,0.259069074043399,0.5409971840318039
564084f52cc9f1abcc18187c168a7cdc,Australia,Turkey,2026-06-14T04:00:00Z,betsson,5.15,3.7,1.75,h2h,0.1941747572815534,0.27027027027027023,0.5714285714285714,0.1874502424549468,0.2609104726062097,0.5516392849388434
564084f52cc9f1abcc18187c168a7cdc,Australia,Turkey,2026-06-14T04:00:00Z,gtbets,4.72,3.57,1.78,h2h,0.21186440677966104,0.2801120448179272,0.5617977528089888,0.20105294463814521,0.26581789879329,0.5331291565685649
564084f52cc9f1abcc18187c168a7cdc,Australia,Turkey,2026-06-14T04:00:00Z,nordicbet,5.15,3.7,1.75,h2h,0.1941747572815534,0.27027027027027023,0.5714285714285714,0.1874502424549468,0.2609104726062097,0.5516392849388434
564084f52cc9f1abcc18187c168a7cdc,Australia,Turkey,2026-06-14T04:00:00Z,betfred_uk,5.0,3.6,1.73,h2h,0.2,0.2777777777777778,0.5780346820809249,0.1894275807530872,0.26309386215706554,0.5474785570898474
564084f52cc9f1abcc18187c168a7cdc,Australia,Turkey,2026-06-14T04:00:00Z,betvictor,5.0,3.7,1.67,h2h,0.2,0.27027027027027023,0.5988023952095809,0.18707802234400076,0.25280813830270366,0.5601138393532957
564084f52cc9f1abcc18187c168a7cdc,Australia,Turkey,2026-06-14T04:00:00Z,onexbet,5.15,3.85,1.74,h2h,0.1941747572815534,0.2597402597402597,0.5747126436781609,0.18877069390630505,0.25251144769284956,0.5587178584008453
564084f52cc9f1abcc18187c168a7cdc,Australia,Turkey,2026-06-14T04:00:00Z,betrivers,5.25,3.7,1.7,h2h,0.19047619047619047,0.27027027027027023,0.5882352941176471,0.18158198614318705,0.2576501154734411,0.5607678983833718
564084f52cc9f1abcc18187c168a7cdc,Australia,Turkey,2026-06-14T04:00:00Z,betmgm,4.6,3.6,1.74,h2h,0.2173913043478261,0.2777777777777778,0.5747126436781609,0.20319190346438307,0.2596340988711561,0.5371739976644608
564084f52cc9f1abcc18187c168a7cdc,Australia,Turkey,2026-06-14T04:00:00Z,betanysports,5.05,3.8,1.69,h2h,0.19801980198019803,0.2631578947368421,0.591715976331361,0.1880719839515031,0.24993776814607643,0.5619902479024205
564084f52cc9f1abcc18187c168a7cdc,Australia,Turkey,2026-06-14T04:00:00Z,codere_it,5.0,3.75,1.71,h2h,0.2,0.26666666666666666,0.5847953216374269,0.1902113459399333,0.25361512791991103,0.5561735261401558
564084f52cc9f1abcc18187c168a7cdc,Australia,Turkey,2026-06-14T04:00:00Z,winamax_de,4.7,3.8,1.68,h2h,0.2127659574468085,0.2631578947368421,0.5952380952380952,0.19863098942128188,0.2456751711263223,0.5556938394523957
564084f52cc9f1abcc18187c168a7cdc,Australia,Turkey,2026-06-14T04:00:00Z,tipico_de,5.3,3.7,1.67,h2h,0.18867924528301888,0.27027027027027023,0.5988023952095809,0.17837759815242493,0.2555138568129329,0.566108545034642
d79edbd6aaeb578d33e313446b18d333,Germany,Curaçao,2026-06-14T17:00:00Z,sportsbet,1.04,18.0,41.0,h2h,0.9615384615384615,0.05555555555555555,0.024390243902439025,0.9232385908726981,0.05334267413931145,0.023418734987990394
d79edbd6aaeb578d33e313446b18d333,Germany,Curaçao,2026-06-14T17:00:00Z,betmgm,1.05,15.5,46.0,h2h,0.9523809523809523,0.06451612903225806,0.021739130434782608,0.9169533485515866,0.06211619457930103,0.020930456869112303
d79edbd6aaeb578d33e313446b18d333,Germany,Curaçao,2026-06-14T17:00:00Z,fanduel,1.05,18.0,41.0,h2h,0.9523809523809523,0.05555555555555555,0.024390243902439025,0.9225576598537408,0.05381586349146821,0.023626476654790927
d79edbd6aaeb578d33e313446b18d333,Germany,Curaçao,2026-06-14T17:00:00Z,paddypower,1.04,18.0,36.0,h2h,0.9615384615384615,0.05555555555555555,0.027777777777777776,0.9202453987730062,0.05316973415132925,0.026584867075664625
d79edbd6aaeb578d33e313446b18d333,Germany,Curaçao,2026-06-14T17:00:00Z,skybet,1.03,17.0,26.0,h2h,0.970873786407767,0.058823529411764705,0.038461538461538464,0.9089226593185136,0.055070019946945235,0.03600732073454112
d79edbd6aaeb578d33e313446b18d333,Germany,Curaçao,2026-06-14T17:00:00Z,marathonbet,1.05,16.25,56.0,h2h,0.9523809523809523,0.06153846153846154,0.017857142857142856,0.9230496139167481,0.05964320582231296,0.017307180260939026
d79edbd6aaeb578d33e313446b18d333,Germany,Curaçao,2026-06-14T17:00:00Z,grosvenor,1.02,19.0,46.0,h2h,0.9803921568627451,0.05263157894736842,0.021739130434782608,0.9294905881101775,0.049898968414335845,0.020610443475486545
d79edbd6aaeb578d33e313446b18d333,Germany,Curaçao,2026-06-14T17:00:00Z,betfair_ex_uk,1.06,22.0,50.0,h2h,0.9433962264150942,0.045454545454545456,0.02,0.9351196953210013,0.0450557671381937,0.019824537540805227
d79edbd6aaeb578d33e313446b18d333,Germany,Curaçao,2026-06-14T17:00:00Z,betfair_ex_eu,1.06,22.0,48.0,h2h,0.9433962264150942,0.045454545454545456,0.020833333333333332,0.9343479030260131,0.045018580782162455,0.020633516191824457
d79edbd6aaeb578d33e313446b18d333,Germany,Curaçao,2026-06-14T17:00:00Z,betfair_ex_au,1.06,22.0,50.0,h2h,0.9433962264150942,0.045454545454545456,0.02,0.9351196953210013,0.0450557671381937,0.019824537540805227
d79edbd6aaeb578d33e313446b18d333,Germany,Curaçao,2026-06-14T17:00:00Z,everygame,1.04,17.0,41.0,h2h,0.9615384615384615,0.058823529411764705,0.024390243902439025,0.920350710399831,0.05630380816563672,0.0233454814345323
d79edbd6aaeb578d33e313446b18d333,Germany,Curaçao,2026-06-14T17:00:00Z,pointsbetau,1.04,16.0,46.0,h2h,0.9615384615384615,0.0625,0.021739130434782608,0.9194483310013991,0.05976414151509094,0.020787527483509892
d79edbd6aaeb578d33e313446b18d333,Germany,Curaçao,2026-06-14T17:00:00Z,unibet_fr,1.02,22.0,51.0,h2h,0.9803921568627451,0.045454545454545456,0.0196078431372549,0.9377664109121909,0.04347826086956522,0.01875532821824382
d79edbd6aaeb578d33e313446b18d333,Germany,Curaçao,2026-06-14T17:00:00Z,tabtouch,1.02,18.0,41.0,h2h,0.9803921568627451,0.05555555555555555,0.024390243902439025,0.9246034729008494,0.0523941967977148,0.02300233030143577
d79edbd6aaeb578d33e313446b18d333,Germany,Curaçao,2026-06-14T17:00:00Z,tab,1.03,17.0,41.0,h2h,0.970873786407767,0.058823529411764705,0.024390243902439025,0.9210561090995586,0.05580516425720855,0.023138726643232813
d79edbd6aaeb578d33e313446b18d333,Germany,Curaçao,2026-06-14T17:00:00Z,casumo,1.03,20.0,46.0,h2h,0.970873786407767,0.05,0.021739130434782608,0.9311929391283224,0.0479564363651086,0.020850624506568955
d79edbd6aaeb578d33e313446b18d333,Germany,Curaçao,2026-06-14T17:00:00Z,coolbet,1.06,16.0,45.0,h2h,0.9433962264150942,0.0625,0.022222222222222223,0.9175948818596591,0.06079066092320242,0.02161445721713864
d79edbd6aaeb578d33e313446b18d333,Germany,Curaçao,2026-06-14T17:00:00Z,coral,1.05,15.0,41.0,h2h,0.9523809523809523,0.06666666666666667,0.024390243902439025,0.9127337488869101,0.06389136242208371,0.023374888691006235
d79edbd6aaeb578d33e313446b18d333,Germany,Curaçao,2026-06-14T17:00:00Z,ladbrokes_uk,1.05,15.0,41.0,h2h,0.9523809523809523,0.06666666666666667,0.024390243902439025,0.9127337488869101,0.06389136242208371,0.023374888691006235
d79edbd6aaeb578d33e313446b18d333,Germany,Curaçao,2026-06-14T17:00:00Z,betway,1.03,19.0,41.0,h2h,0.970873786407767,0.05263157894736842,0.024390243902439025,0.9264985727878211,0.050225975261655564,0.023275451950523312
d79edbd6aaeb578d33e313446b18d333,Germany,Curaçao,2026-06-14T17:00:00Z,sport888,1.04,13.0,51.0,h2h,0.9615384615384615,0.07692307692307693,0.0196078431372549,0.9087669280114042,0.07270135424091236,0.01853171774768354
d79edbd6aaeb578d33e313446b18d333,Germany,Curaçao,2026-06-14T17:00:00Z,williamhill,1.05,15.0,51.0,h2h,0.9523809523809523,0.06666666666666667,0.0196078431372549,0.9169363538295577,0.06418554476806905,0.01887810140237325
d79edbd6aaeb578d33e313446b18d333,Germany,Curaçao,2026-06-14T17:00:00Z,unibet_nl,1.04,25.0,46.0,h2h,0.9615384615384615,0.04,0.021739130434782608,0.939665315727546,0.03909007713426592,0.021244607138187998
d79edbd6aaeb578d33e313446b18d333,Germany,Curaçao,2026-06-14T17:00:00Z,unibet_uk,1.03,13.0,46.0,h2h,0.970873786407767,0.07692307692307693,0.021739130434782608,0.9077523263050837,0.07192191508417202,0.020325758610744264
d79edbd6aaeb578d33e313446b18d333,Germany,Curaçao,2026-06-14T17:00:00Z,ladbrokes_au,1.04,14.0,31.0,h2h,0.9615384615384615,0.07142857142857142,0.03225806451612903,0.9026622296173046,0.0670549084858569,0.030282861896838605
d79edbd6aaeb578d33e313446b18d333,Germany,Curaçao,2026-06-14T17:00:00Z,leovegas,1.03,20.0,46.0,h2h,0.970873786407767,0.05,0.021739130434782608,0.9311929391283224,0.0479564363651086,0.020850624506568955
d79edbd6aaeb578d33e313446b18d333,Germany,Curaçao,2026-06-14T17:00:00Z,leovegas_se,1.03,20.0,46.0,h2h,0.970873786407767,0.05,0.021739130434782608,0.9311929391283224,0.0479564363651086,0.020850624506568955
d79edbd6aaeb578d33e313446b18d333,Germany,Curaçao,2026-06-14T17:00:00Z,neds,1.04,14.0,31.0,h2h,0.9615384615384615,0.07142857142857142,0.03225806451612903,0.9026622296173046,0.0670549084858569,0.030282861896838605
d79edbd6aaeb578d33e313446b18d333,Germany,Curaçao,2026-06-14T17:00:00Z,unibet_se,1.03,21.0,46.0,h2h,0.970873786407767,0.047619047619047616,0.021739130434782608,0.9333243157070945,0.0457773354846813,0.02089834880822407
d79edbd6aaeb578d33e313446b18d333,Germany,Curaçao,2026-06-14T17:00:00Z,unibet,1.02,18.0,41.0,h2h,0.9803921568627451,0.05555555555555555,0.024390243902439025,0.9246034729008494,0.0523941967977148,0.02300233030143577
d79edbd6aaeb578d33e313446b18d333,Germany,Curaçao,2026-06-14T17:00:00Z,betonlineag,1.04,19.0,41.0,h2h,0.9615384615384615,0.05263157894736842,0.024390243902439025,0.925837889232232,0.050677442357974806,0.023484668409793207
d79edbd6aaeb578d33e313446b18d333,Germany,Curaçao,2026-06-14T17:00:00Z,smarkets,1.06,21.01,48.08,h2h,0.9433962264150942,0.047596382674916705,0.02079866888519135,0.9324020150707562,0.04704170090314144,0.020556284026102368
d79edbd6aaeb578d33e313446b18d333,Germany,Curaçao,2026-06-14T17:00:00Z,pmu_fr,1.03,20.0,46.0,h2h,0.970873786407767,0.05,0.021739130434782608,0.9311929391283224,0.0479564363651086,0.020850624506568955
d79edbd6aaeb578d33e313446b18d333,Germany,Curaçao,2026-06-14T17:00:00Z,boylesports,1.0,21.0,29.0,h2h,1.0,0.047619047619047616,0.034482758620689655,0.9241274658573595,0.044006069802731404,0.03186646433990895
d79edbd6aaeb578d33e313446b18d333,Germany,Curaçao,2026-06-14T17:00:00Z,draftkings,1.02,17.0,31.0,h2h,0.9803921568627451,0.058823529411764705,0.03225806451612903,0.9149940968122787,0.05489964580873673,0.030106257378984657
d79edbd6aaeb578d33e313446b18d333,Germany,Curaçao,2026-06-14T17:00:00Z,winamax_fr,1.03,15.0,35.0,h2h,0.970873786407767,0.06666666666666667,0.02857142857142857,0.9106678230702516,0.06253252385082395,0.026799653078924547
d79edbd6aaeb578d33e313446b18d333,Germany,Curaçao,2026-06-14T17:00:00Z,betclic_fr,1.02,18.0,43.0,h2h,0.9803921568627451,0.05555555555555555,0.023255813953488372,0.9255937432733014,0.05245031211882041,0.02195594460787831
d79edbd6aaeb578d33e313446b18d333,Germany,Curaçao,2026-06-14T17:00:00Z,betr_au,1.04,13.0,31.0,h2h,0.9615384615384615,0.07692307692307693,0.03225806451612903,0.8980301274623407,0.07184241019698727,0.030127462340672078
d79edbd6aaeb578d33e313446b18d333,Germany,Curaçao,2026-06-14T17:00:00Z,betright,1.04,11.0,26.0,h2h,0.9615384615384615,0.09090909090909091,0.038461538461538464,0.8814102564102564,0.08333333333333334,0.03525641025641026
d79edbd6aaeb578d33e313446b18d333,Germany,Curaçao,2026-06-14T17:00:00Z,betrivers,1.03,20.0,46.0,h2h,0.970873786407767,0.05,0.021739130434782608,0.9311929391283224,0.0479564363651086,0.020850624506568955
d79edbd6aaeb578d33e313446b18d333,Germany,Curaçao,2026-06-14T17:00:00Z,betsson,1.04,18.0,85.0,h2h,0.9615384615384615,0.05555555555555555,0.011764705882352941,0.9345680218921032,0.0539972634870993,0.011434714620797499
d79edbd6aaeb578d33e313446b18d333,Germany,Curaçao,2026-06-14T17:00:00Z,nordicbet,1.04,18.0,85.0,h2h,0.9615384615384615,0.05555555555555555,0.011764705882352941,0.9345680218921032,0.0539972634870993,0.011434714620797499
d79edbd6aaeb578d33e313446b18d333,Germany,Curaçao,2026-06-14T17:00:00Z,betfred_uk,1.05,13.0,34.0,h2h,0.9523809523809523,0.07692307692307693,0.029411764705882353,0.8995624300396867,0.07265696550320547,0.027780604457107973
d79edbd6aaeb578d33e313446b18d333,Germany,Curaçao,2026-06-14T17:00:00Z,betvictor,1.03,13.0,56.0,h2h,0.970873786407767,0.07692307692307693,0.017857142857142856,0.9110591062109703,0.07218391379979226,0.01675697998923749
d79edbd6aaeb578d33e313446b18d333,Germany,Curaçao,2026-06-14T17:00:00Z,onexbet,1.05,16.0,55.0,h2h,0.9523809523809523,0.0625,0.01818181818181818,0.921900371902991,0.06049971190613379,0.017599916190875284
d79edbd6aaeb578d33e313446b18d333,Germany,Curaçao,2026-06-14T17:00:00Z,winamax_de,1.03,15.0,35.0,h2h,0.970873786407767,0.06666666666666667,0.02857142857142857,0.9106678230702516,0.06253252385082395,0.026799653078924547
d79edbd6aaeb578d33e313446b18d333,Germany,Curaçao,2026-06-14T17:00:00Z,tipico_de,1.05,19.0,40.0,h2h,0.9523809523809523,0.05263157894736842,0.025,0.9246304519739644,0.05109799866171909,0.02427154936431657
d79edbd6aaeb578d33e313446b18d333,Germany,Curaçao,2026-06-14T17:00:00Z,codere_it,1.02,19.0,45.0,h2h,0.9803921568627451,0.05263157894736842,0.022222222222222223,0.929065067153475,0.04987612465771287,0.021058808188812103
32ec06abda2398ac41501c86eb9aa376,Netherlands,Japan,2026-06-14T20:00:00Z,sportsbet,2.0,3.5,3.6,h2h,0.5,0.2857142857142857,0.2777777777777778,0.4701492537313433,0.26865671641791045,0.2611940298507463
32ec06abda2398ac41501c86eb9aa376,Netherlands,Japan,2026-06-14T20:00:00Z,betmgm,2.0,3.5,3.5,h2h,0.5,0.2857142857142857,0.2857142857142857,0.4666666666666667,0.26666666666666666,0.26666666666666666
32ec06abda2398ac41501c86eb9aa376,Netherlands,Japan,2026-06-14T20:00:00Z,fanduel,2.05,3.5,3.6,h2h,0.48780487804878053,0.2857142857142857,0.2777777777777778,0.46400294605045106,0.27177315411526415,0.2642238998342846
32ec06abda2398ac41501c86eb9aa376,Netherlands,Japan,2026-06-14T20:00:00Z,paddypower,2.0,3.5,3.6,h2h,0.5,0.2857142857142857,0.2777777777777778,0.4701492537313433,0.26865671641791045,0.2611940298507463
32ec06abda2398ac41501c86eb9aa376,Netherlands,Japan,2026-06-14T20:00:00Z,skybet,2.0,3.4,3.5,h2h,0.5,0.29411764705882354,0.2857142857142857,0.4630350194552528,0.2723735408560311,0.2645914396887159
32ec06abda2398ac41501c86eb9aa376,Netherlands,Japan,2026-06-14T20:00:00Z,marathonbet,2.01,3.62,3.88,h2h,0.49751243781094534,0.27624309392265195,0.2577319587628866,0.4823252268153816,0.26781041599417593,0.2498643571904425
32ec06abda2398ac41501c86eb9aa376,Netherlands,Japan,2026-06-14T20:00:00Z,pinnacle,2.07,3.58,3.69,h2h,0.48309178743961356,0.27932960893854747,0.2710027100271003,0.4674671167871589,0.2702952323322399,0.26223765088060136
32ec06abda2398ac41501c86eb9aa376,Netherlands,Japan,2026-06-14T20:00:00Z,grosvenor,2.02,3.4,3.65,h2h,0.49504950495049505,0.29411764705882354,0.273972602739726,0.4656485685340137,0.27665003189373755,0.2577013995722487
32ec06abda2398ac41501c86eb9aa376,Netherlands,Japan,2026-06-14T20:00:00Z,betfair_ex_eu,2.12,3.7,3.8,h2h,0.4716981132075471,0.27027027027027023,0.2631578947368421,0.4692923898531375,0.2688918558077436,0.2618157543391188
32ec06abda2398ac41501c86eb9aa376,Netherlands,Japan,2026-06-14T20:00:00Z,betfair_ex_uk,2.12,3.7,3.8,h2h,0.4716981132075471,0.27027027027027023,0.2631578947368421,0.4692923898531375,0.2688918558077436,0.2618157543391188
32ec06abda2398ac41501c86eb9aa376,Netherlands,Japan,2026-06-14T20:00:00Z,betfair_ex_au,2.12,3.7,3.8,h2h,0.4716981132075471,0.27027027027027023,0.2631578947368421,0.4692923898531375,0.2688918558077436,0.2618157543391188
32ec06abda2398ac41501c86eb9aa376,Netherlands,Japan,2026-06-14T20:00:00Z,everygame,2.0,3.5,3.65,h2h,0.5,0.2857142857142857,0.273972602739726,0.47183748845798706,0.2696214219759926,0.2585410895660203
32ec06abda2398ac41501c86eb9aa376,Netherlands,Japan,2026-06-14T20:00:00Z,pointsbetau,1.95,3.5,3.6,h2h,0.5128205128205129,0.2857142857142857,0.2777777777777778,0.47646057855927393,0.2654566080544526,0.25808281338627337
32ec06abda2398ac41501c86eb9aa376,Netherlands,Japan,2026-06-14T20:00:00Z,unibet_fr,1.97,3.65,3.7,h2h,0.5076142131979695,0.273972602739726,0.27027027027027023,0.48258857581875686,0.2604656148939592,0.25694580928728405
32ec06abda2398ac41501c86eb9aa376,Netherlands,Japan,2026-06-14T20:00:00Z,bovada,2.03,3.5,3.6,h2h,0.4926108374384237,0.2857142857142857,0.2777777777777778,0.46644208344130605,0.2705364083959575,0.26302150816273645
32ec06abda2398ac41501c86eb9aa376,Netherlands,Japan,2026-06-14T20:00:00Z,tabtouch,2.0,3.4,3.6,h2h,0.5,0.29411764705882354,0.2777777777777778,0.46646341463414626,0.274390243902439,0.2591463414634146
32ec06abda2398ac41501c86eb9aa376,Netherlands,Japan,2026-06-14T20:00:00Z,tab,2.05,3.4,3.4,h2h,0.48780487804878053,0.29411764705882354,0.29411764705882354,0.4533333333333333,0.2733333333333333,0.2733333333333333
32ec06abda2398ac41501c86eb9aa376,Netherlands,Japan,2026-06-14T20:00:00Z,casumo,2.04,3.45,3.7,h2h,0.49019607843137253,0.2898550724637681,0.27027027027027023,0.4667105407480531,0.275967971920588,0.257321487331359
32ec06abda2398ac41501c86eb9aa376,Netherlands,Japan,2026-06-14T20:00:00Z,coolbet,2.03,3.7,3.8,h2h,0.4926108374384237,0.27027027027027023,0.2631578947368421,0.48010927095782835,0.26341130271470037,0.2564794263274714
32ec06abda2398ac41501c86eb9aa376,Netherlands,Japan,2026-06-14T20:00:00Z,coral,2.05,3.5,3.6,h2h,0.48780487804878053,0.2857142857142857,0.2777777777777778,0.46400294605045106,0.27177315411526415,0.2642238998342846
32ec06abda2398ac41501c86eb9aa376,Netherlands,Japan,2026-06-14T20:00:00Z,ladbrokes_uk,2.0,3.5,3.5,h2h,0.5,0.2857142857142857,0.2857142857142857,0.4666666666666667,0.26666666666666666,0.26666666666666666
32ec06abda2398ac41501c86eb9aa376,Netherlands,Japan,2026-06-14T20:00:00Z,betway,1.95,3.5,3.5,h2h,0.5128205128205129,0.2857142857142857,0.2857142857142857,0.47297297297297297,0.2635135135135135,0.2635135135135135
32ec06abda2398ac41501c86eb9aa376,Netherlands,Japan,2026-06-14T20:00:00Z,sport888,1.95,3.3,3.5,h2h,0.5128205128205129,0.30303030303030304,0.2857142857142857,0.46553808948004843,0.2750906892382104,0.2593712212817412
32ec06abda2398ac41501c86eb9aa376,Netherlands,Japan,2026-06-14T20:00:00Z,williamhill,2.0,3.4,3.6,h2h,0.5,0.29411764705882354,0.2777777777777778,0.46646341463414626,0.274390243902439,0.2591463414634146
32ec06abda2398ac41501c86eb9aa376,Netherlands,Japan,2026-06-14T20:00:00Z,unibet_nl,2.05,3.55,3.75,h2h,0.48780487804878053,0.28169014084507044,0.26666666666666666,0.4707806559985855,0.2718592520555212,0.2573600919458934
32ec06abda2398ac41501c86eb9aa376,Netherlands,Japan,2026-06-14T20:00:00Z,unibet_uk,1.98,3.5,3.6,h2h,0.5050505050505051,0.2857142857142857,0.2777777777777778,0.47265361242403786,0.2673869007427414,0.25995948683322084
32ec06abda2398ac41501c86eb9aa376,Netherlands,Japan,2026-06-14T20:00:00Z,ladbrokes_au,2.0,3.5,3.5,h2h,0.5,0.2857142857142857,0.2857142857142857,0.4666666666666667,0.26666666666666666,0.26666666666666666
32ec06abda2398ac41501c86eb9aa376,Netherlands,Japan,2026-06-14T20:00:00Z,leovegas,2.04,3.45,3.7,h2h,0.49019607843137253,0.2898550724637681,0.27027027027027023,0.4667105407480531,0.275967971920588,0.257321487331359
32ec06abda2398ac41501c86eb9aa376,Netherlands,Japan,2026-06-14T20:00:00Z,leovegas_se,2.04,3.45,3.7,h2h,0.49019607843137253,0.2898550724637681,0.27027027027027023,0.4667105407480531,0.275967971920588,0.257321487331359
32ec06abda2398ac41501c86eb9aa376,Netherlands,Japan,2026-06-14T20:00:00Z,neds,2.0,3.5,3.5,h2h,0.5,0.2857142857142857,0.2857142857142857,0.4666666666666667,0.26666666666666666,0.26666666666666666
32ec06abda2398ac41501c86eb9aa376,Netherlands,Japan,2026-06-14T20:00:00Z,unibet_se,2.04,3.5,3.75,h2h,0.49019607843137253,0.2857142857142857,0.26666666666666666,0.4701773240193445,0.27404621171413224,0.2557764642665234
32ec06abda2398ac41501c86eb9aa376,Netherlands,Japan,2026-06-14T20:00:00Z,unibet,2.0,3.4,3.6,h2h,0.5,0.29411764705882354,0.2777777777777778,0.46646341463414626,0.274390243902439,0.2591463414634146
32ec06abda2398ac41501c86eb9aa376,Netherlands,Japan,2026-06-14T20:00:00Z,betonlineag,2.02,3.68,3.73,h2h,0.49504950495049505,0.2717391304347826,0.2680965147453083,0.47836178235626214,0.26257902183686127,0.25905919580687653
32ec06abda2398ac41501c86eb9aa376,Netherlands,Japan,2026-06-14T20:00:00Z,smarkets,2.1,3.7,3.75,h2h,0.47619047619047616,0.27027027027027023,0.26666666666666666,0.47002032520325204,0.2667682926829268,0.26321138211382117
32ec06abda2398ac41501c86eb9aa376,Netherlands,Japan,2026-06-14T20:00:00Z,pmu_fr,2.04,3.45,3.7,h2h,0.49019607843137253,0.2898550724637681,0.27027027027027023,0.4667105407480531,0.275967971920588,0.257321487331359
32ec06abda2398ac41501c86eb9aa376,Netherlands,Japan,2026-06-14T20:00:00Z,boylesports,1.91,3.5,3.75,h2h,0.5235602094240838,0.2857142857142857,0.26666666666666666,0.4866067290759107,0.26554824358142554,0.24784502734266384
32ec06abda2398ac41501c86eb9aa376,Netherlands,Japan,2026-06-14T20:00:00Z,mybookieag,1.96,3.48,3.5,h2h,0.5102040816326531,0.28735632183908044,0.2857142857142857,0.470983109571243,0.265266349068861,0.26375054135989606
32ec06abda2398ac41501c86eb9aa376,Netherlands,Japan,2026-06-14T20:00:00Z,draftkings,2.0,3.5,3.55,h2h,0.5,0.2857142857142857,0.28169014084507044,0.46842601319509897,0.26767200754005654,0.2639019792648445
32ec06abda2398ac41501c86eb9aa376,Netherlands,Japan,2026-06-14T20:00:00Z,winamax_fr,1.94,3.6,3.4,h2h,0.5154639175257733,0.2777777777777778,0.29411764705882354,0.4740511231603408,0.25546088303640585,0.2704879938032533
32ec06abda2398ac41501c86eb9aa376,Netherlands,Japan,2026-06-14T20:00:00Z,betclic_fr,1.98,3.65,3.55,h2h,0.5050505050505051,0.273972602739726,0.28169014084507044,0.47614235581604725,0.2582909217851434,0.2655667223988094
32ec06abda2398ac41501c86eb9aa376,Netherlands,Japan,2026-06-14T20:00:00Z,betr_au,1.95,3.5,3.6,h2h,0.5128205128205129,0.2857142857142857,0.2777777777777778,0.47646057855927393,0.2654566080544526,0.25808281338627337
32ec06abda2398ac41501c86eb9aa376,Netherlands,Japan,2026-06-14T20:00:00Z,betright,1.95,3.4,3.55,h2h,0.5128205128205129,0.29411764705882354,0.28169014084507044,0.47107034832666606,0.27017269977558783,0.2587569518977461
32ec06abda2398ac41501c86eb9aa376,Netherlands,Japan,2026-06-14T20:00:00Z,betrivers,2.04,3.45,3.7,h2h,0.49019607843137253,0.2898550724637681,0.27027027027027023,0.4667105407480531,0.275967971920588,0.257321487331359
32ec06abda2398ac41501c86eb9aa376,Netherlands,Japan,2026-06-14T20:00:00Z,betsson,2.08,3.6,3.65,h2h,0.4807692307692307,0.2777777777777778,0.273972602739726,0.4656272147413182,0.269029057406095,0.2653437278525868
32ec06abda2398ac41501c86eb9aa376,Netherlands,Japan,2026-06-14T20:00:00Z,gtbets,2.0,3.59,3.68,h2h,0.5,0.2785515320334262,0.2717391304347826,0.4760586929574217,0.2652137565222405,0.25872755052033786
32ec06abda2398ac41501c86eb9aa376,Netherlands,Japan,2026-06-14T20:00:00Z,nordicbet,2.08,3.6,3.65,h2h,0.4807692307692307,0.2777777777777778,0.273972602739726,0.4656272147413182,0.269029057406095,0.2653437278525868
32ec06abda2398ac41501c86eb9aa376,Netherlands,Japan,2026-06-14T20:00:00Z,betfred_uk,2.0,3.5,3.6,h2h,0.5,0.2857142857142857,0.2777777777777778,0.4701492537313433,0.26865671641791045,0.2611940298507463
32ec06abda2398ac41501c86eb9aa376,Netherlands,Japan,2026-06-14T20:00:00Z,betvictor,2.0,3.5,3.6,h2h,0.5,0.2857142857142857,0.2777777777777778,0.4701492537313433,0.26865671641791045,0.2611940298507463
32ec06abda2398ac41501c86eb9aa376,Netherlands,Japan,2026-06-14T20:00:00Z,onexbet,2.03,3.62,3.84,h2h,0.4926108374384237,0.27624309392265195,0.2604166666666667,0.47860187435874485,0.2683872389359812,0.25301088670527394
32ec06abda2398ac41501c86eb9aa376,Netherlands,Japan,2026-06-14T20:00:00Z,betanysports,2.03,3.5,3.6,h2h,0.4926108374384237,0.2857142857142857,0.2777777777777778,0.46644208344130605,0.2705364083959575,0.26302150816273645
32ec06abda2398ac41501c86eb9aa376,Netherlands,Japan,2026-06-14T20:00:00Z,winamax_de,1.96,3.7,3.5,h2h,0.5102040816326531,0.27027027027027023,0.2857142857142857,0.47853078116916703,0.25349198137609924,0.2679772374547335
32ec06abda2398ac41501c86eb9aa376,Netherlands,Japan,2026-06-14T20:00:00Z,tipico_de,2.0,3.6,3.6,h2h,0.5,0.2777777777777778,0.2777777777777778,0.47368421052631576,0.2631578947368421,0.2631578947368421
05752bb341e197001387b64f3a06b9b2,Ivory Coast,Ecuador,2026-06-14T23:00:00Z,sportsbet,3.5,2.8,2.45,h2h,0.2857142857142857,0.35714285714285715,0.4081632653061224,0.27184466019417475,0.33980582524271846,0.3883495145631068
05752bb341e197001387b64f3a06b9b2,Ivory Coast,Ecuador,2026-06-14T23:00:00Z,fanduel,3.5,2.8,2.45,h2h,0.2857142857142857,0.35714285714285715,0.4081632653061224,0.27184466019417475,0.33980582524271846,0.3883495145631068
05752bb341e197001387b64f3a06b9b2,Ivory Coast,Ecuador,2026-06-14T23:00:00Z,betmgm,3.5,2.85,2.3,h2h,0.2857142857142857,0.3508771929824561,0.4347826086956522,0.266680227827502,0.32750203417412527,0.4058177379983727
05752bb341e197001387b64f3a06b9b2,Ivory Coast,Ecuador,2026-06-14T23:00:00Z,paddypower,3.5,2.75,2.4,h2h,0.2857142857142857,0.36363636363636365,0.4166666666666667,0.2680203045685279,0.3411167512690355,0.39086294416243655
05752bb341e197001387b64f3a06b9b2,Ivory Coast,Ecuador,2026-06-14T23:00:00Z,skybet,3.4,2.75,2.4,h2h,0.29411764705882354,0.36363636363636365,0.4166666666666667,0.2737453338863542,0.33844877644131066,0.38780588967233515
05752bb341e197001387b64f3a06b9b2,Ivory Coast,Ecuador,2026-06-14T23:00:00Z,betfair_ex_uk,3.65,2.92,2.56,h2h,0.273972602739726,0.3424657534246575,0.390625,0.2720510095642933,0.3400637619553666,0.38788522848034007
05752bb341e197001387b64f3a06b9b2,Ivory Coast,Ecuador,2026-06-14T23:00:00Z,pinnacle,3.65,2.82,2.47,h2h,0.273972602739726,0.3546099290780142,0.4048582995951417,0.26510719763719887,0.3431352026155234,0.3917575997472777
05752bb341e197001387b64f3a06b9b2,Ivory Coast,Ecuador,2026-06-14T23:00:00Z,betfair_ex_eu,3.65,2.92,2.56,h2h,0.273972602739726,0.3424657534246575,0.390625,0.2720510095642933,0.3400637619553666,0.38788522848034007
05752bb341e197001387b64f3a06b9b2,Ivory Coast,Ecuador,2026-06-14T23:00:00Z,betfair_ex_au,3.65,2.92,2.56,h2h,0.273972602739726,0.3424657534246575,0.390625,0.2720510095642933,0.3400637619553666,0.38788522848034007
05752bb341e197001387b64f3a06b9b2,Ivory Coast,Ecuador,2026-06-14T23:00:00Z,grosvenor,3.5,2.75,2.4,h2h,0.2857142857142857,0.36363636363636365,0.4166666666666667,0.2680203045685279,0.3411167512690355,0.39086294416243655
05752bb341e197001387b64f3a06b9b2,Ivory Coast,Ecuador,2026-06-14T23:00:00Z,everygame,3.65,2.75,2.4,h2h,0.273972602739726,0.36363636363636365,0.4166666666666667,0.2598680972536667,0.34491583817304855,0.3952160645732848
05752bb341e197001387b64f3a06b9b2,Ivory Coast,Ecuador,2026-06-14T23:00:00Z,pointsbetau,3.5,2.75,2.4,h2h,0.2857142857142857,0.36363636363636365,0.4166666666666667,0.2680203045685279,0.3411167512690355,0.39086294416243655
05752bb341e197001387b64f3a06b9b2,Ivory Coast,Ecuador,2026-06-14T23:00:00Z,marathonbet,3.65,2.83,2.47,h2h,0.273972602739726,0.35335689045936397,0.4048582995951417,0.2654290281791221,0.342337792527843,0.39223317929303475
05752bb341e197001387b64f3a06b9b2,Ivory Coast,Ecuador,2026-06-14T23:00:00Z,bovada,3.55,2.76,2.43,h2h,0.28169014084507044,0.3623188405797102,0.4115226337448559,0.26687039667665424,0.3432572131167111,0.3898723902066347
05752bb341e197001387b64f3a06b9b2,Ivory Coast,Ecuador,2026-06-14T23:00:00Z,tabtouch,3.5,2.75,2.38,h2h,0.2857142857142857,0.36363636363636365,0.42016806722689076,0.2671428571428571,0.33999999999999997,0.39285714285714285
05752bb341e197001387b64f3a06b9b2,Ivory Coast,Ecuador,2026-06-14T23:00:00Z,smarkets,3.6,2.92,2.54,h2h,0.2777777777777778,0.3424657534246575,0.39370078740157477,0.27395762536568075,0.33775597647823646,0.38828639815608285
05752bb341e197001387b64f3a06b9b2,Ivory Coast,Ecuador,2026-06-14T23:00:00Z,casumo,3.55,2.8,2.43,h2h,0.28169014084507044,0.35714285714285715,0.4115226337448559,0.26818549102303857,0.34002089040420963,0.39179361857275175
05752bb341e197001387b64f3a06b9b2,Ivory Coast,Ecuador,2026-06-14T23:00:00Z,coolbet,3.6,3.0,2.4,h2h,0.2777777777777778,0.3333333333333333,0.4166666666666667,0.27027027027027023,0.3243243243243243,0.4054054054054054
05752bb341e197001387b64f3a06b9b2,Ivory Coast,Ecuador,2026-06-14T23:00:00Z,coral,3.6,2.87,2.3,h2h,0.2777777777777778,0.3484320557491289,0.4347826086956522,0.2618093840479118,0.3284020148336176,0.4097886011184707
05752bb341e197001387b64f3a06b9b2,Ivory Coast,Ecuador,2026-06-14T23:00:00Z,ladbrokes_uk,3.5,2.87,2.3,h2h,0.2857142857142857,0.3484320557491289,0.4347826086956522,0.2672902494331066,0.3259637188208617,0.40674603174603186
05752bb341e197001387b64f3a06b9b2,Ivory Coast,Ecuador,2026-06-14T23:00:00Z,betway,3.4,2.75,2.3,h2h,0.29411764705882354,0.36363636363636365,0.4347826086956522,0.26920621408810386,0.33283677378165566,0.3979570121302405
05752bb341e197001387b64f3a06b9b2,Ivory Coast,Ecuador,2026-06-14T23:00:00Z,sport888,3.25,2.9,2.3,h2h,0.3076923076923077,0.3448275862068966,0.4347826086956522,0.28298684768773863,0.3171404327535002,0.3998727195587611
05752bb341e197001387b64f3a06b9b2,Ivory Coast,Ecuador,2026-06-14T23:00:00Z,williamhill,3.3,2.9,2.3,h2h,0.30303030303030304,0.3448275862068966,0.4347826086956522,0.2798992866135124,0.3185060847671003,0.40159462861938733
05752bb341e197001387b64f3a06b9b2,Ivory Coast,Ecuador,2026-06-14T23:00:00Z,unibet_uk,3.6,2.8,2.3,h2h,0.2777777777777778,0.35714285714285715,0.4347826086956522,0.2596774193548387,0.3338709677419355,0.4064516129032258
05752bb341e197001387b64f3a06b9b2,Ivory Coast,Ecuador,2026-06-14T23:00:00Z,unibet_fr,3.65,2.95,2.3,h2h,0.273972602739726,0.3389830508474576,0.4347826086956522,0.2614895461990558,0.323537913093747,0.4149725407071973
05752bb341e197001387b64f3a06b9b2,Ivory Coast,Ecuador,2026-06-14T23:00:00Z,unibet_nl,3.6,2.85,2.45,h2h,0.2777777777777778,0.3508771929824561,0.4081632653061224,0.2679136690647482,0.33841726618705037,0.39366906474820146
05752bb341e197001387b64f3a06b9b2,Ivory Coast,Ecuador,2026-06-14T23:00:00Z,ladbrokes_au,3.5,2.9,2.3,h2h,0.2857142857142857,0.3448275862068966,0.4347826086956522,0.268194611982308,0.3236831523924407,0.40812223562525135
05752bb341e197001387b64f3a06b9b2,Ivory Coast,Ecuador,2026-06-14T23:00:00Z,leovegas,3.55,2.8,2.43,h2h,0.28169014084507044,0.35714285714285715,0.4115226337448559,0.26818549102303857,0.34002089040420963,0.39179361857275175
05752bb341e197001387b64f3a06b9b2,Ivory Coast,Ecuador,2026-06-14T23:00:00Z,leovegas_se,3.55,2.8,2.43,h2h,0.28169014084507044,0.35714285714285715,0.4115226337448559,0.26818549102303857,0.34002089040420963,0.39179361857275175
05752bb341e197001387b64f3a06b9b2,Ivory Coast,Ecuador,2026-06-14T23:00:00Z,neds,3.5,2.9,2.3,h2h,0.2857142857142857,0.3448275862068966,0.4347826086956522,0.268194611982308,0.3236831523924407,0.40812223562525135
05752bb341e197001387b64f3a06b9b2,Ivory Coast,Ecuador,2026-06-14T23:00:00Z,unibet_se,3.6,2.8,2.45,h2h,0.2777777777777778,0.35714285714285715,0.4081632653061224,0.266304347826087,0.3423913043478261,0.3913043478260869
05752bb341e197001387b64f3a06b9b2,Ivory Coast,Ecuador,2026-06-14T23:00:00Z,unibet,3.5,2.75,2.38,h2h,0.2857142857142857,0.36363636363636365,0.42016806722689076,0.2671428571428571,0.33999999999999997,0.39285714285714285
05752bb341e197001387b64f3a06b9b2,Ivory Coast,Ecuador,2026-06-14T23:00:00Z,betonlineag,3.62,2.84,2.46,h2h,0.27624309392265195,0.35211267605633806,0.4065040650406504,0.26693769008573914,0.340251562714921,0.39281074719933967
05752bb341e197001387b64f3a06b9b2,Ivory Coast,Ecuador,2026-06-14T23:00:00Z,tab,3.4,2.8,2.4,h2h,0.29411764705882354,0.35714285714285715,0.4166666666666667,0.2754098360655738,0.3344262295081967,0.39016393442622954
05752bb341e197001387b64f3a06b9b2,Ivory Coast,Ecuador,2026-06-14T23:00:00Z,pmu_fr,3.55,2.8,2.43,h2h,0.28169014084507044,0.35714285714285715,0.4115226337448559,0.26818549102303857,0.34002089040420963,0.39179361857275175
05752bb341e197001387b64f3a06b9b2,Ivory Coast,Ecuador,2026-06-14T23:00:00Z,boylesports,3.5,2.75,2.38,h2h,0.2857142857142857,0.36363636363636365,0.42016806722689076,0.2671428571428571,0.33999999999999997,0.39285714285714285
05752bb341e197001387b64f3a06b9b2,Ivory Coast,Ecuador,2026-06-14T23:00:00Z,mybookieag,3.55,2.86,2.24,h2h,0.28169014084507044,0.3496503496503497,0.4464285714285714,0.26136409996980997,0.32442047373875016,0.41421542629143987
05752bb341e197001387b64f3a06b9b2,Ivory Coast,Ecuador,2026-06-14T23:00:00Z,draftkings,3.6,2.8,2.4,h2h,0.2777777777777778,0.35714285714285715,0.4166666666666667,0.2641509433962264,0.33962264150943394,0.39622641509433965
05752bb341e197001387b64f3a06b9b2,Ivory Coast,Ecuador,2026-06-14T23:00:00Z,winamax_fr,3.5,2.75,2.25,h2h,0.2857142857142857,0.36363636363636365,0.4444444444444444,0.2612137203166227,0.3324538258575198,0.40633245382585753
05752bb341e197001387b64f3a06b9b2,Ivory Coast,Ecuador,2026-06-14T23:00:00Z,betr_au,3.4,2.9,2.3,h2h,0.29411764705882354,0.3448275862068966,0.4347826086956522,0.2739219712525667,0.32114989733059546,0.40492813141683776
05752bb341e197001387b64f3a06b9b2,Ivory Coast,Ecuador,2026-06-14T23:00:00Z,betright,3.3,2.85,2.3,h2h,0.30303030303030304,0.3508771929824561,0.4347826086956522,0.278343949044586,0.3222929936305732,0.3993630573248408
05752bb341e197001387b64f3a06b9b2,Ivory Coast,Ecuador,2026-06-14T23:00:00Z,betrivers,3.55,2.8,2.43,h2h,0.28169014084507044,0.35714285714285715,0.4115226337448559,0.26818549102303857,0.34002089040420963,0.39179361857275175
05752bb341e197001387b64f3a06b9b2,Ivory Coast,Ecuador,2026-06-14T23:00:00Z,betsson,3.6,2.85,2.45,h2h,0.2777777777777778,0.3508771929824561,0.4081632653061224,0.2679136690647482,0.33841726618705037,0.39366906474820146
05752bb341e197001387b64f3a06b9b2,Ivory Coast,Ecuador,2026-06-14T23:00:00Z,gtbets,3.63,2.85,2.33,h2h,0.27548209366391185,0.3508771929824561,0.4291845493562232,0.26098593376015466,0.3324136629997759,0.4066004032400693
05752bb341e197001387b64f3a06b9b2,Ivory Coast,Ecuador,2026-06-14T23:00:00Z,nordicbet,3.6,2.85,2.45,h2h,0.2777777777777778,0.3508771929824561,0.4081632653061224,0.2679136690647482,0.33841726618705037,0.39366906474820146
05752bb341e197001387b64f3a06b9b2,Ivory Coast,Ecuador,2026-06-14T23:00:00Z,betclic_fr,3.65,2.8,2.33,h2h,0.273972602739726,0.35714285714285715,0.4291845493562232,0.25839158761906644,0.3368318910034259,0.4047765213775076
05752bb341e197001387b64f3a06b9b2,Ivory Coast,Ecuador,2026-06-14T23:00:00Z,betfred_uk,3.4,2.88,2.38,h2h,0.29411764705882354,0.3472222222222222,0.42016806722689076,0.27707531610775155,0.32710280373831774,0.3958218801539307
05752bb341e197001387b64f3a06b9b2,Ivory Coast,Ecuador,2026-06-14T23:00:00Z,betvictor,3.3,2.9,2.38,h2h,0.30303030303030304,0.3448275862068966,0.42016806722689076,0.28372934308969827,0.3228644248951739,0.39340623201512787
05752bb341e197001387b64f3a06b9b2,Ivory Coast,Ecuador,2026-06-14T23:00:00Z,onexbet,3.64,2.83,2.49,h2h,0.2747252747252747,0.35335689045936397,0.4016064257028112,0.2668042330045624,0.3431686954546316,0.39002707154080607
05752bb341e197001387b64f3a06b9b2,Ivory Coast,Ecuador,2026-06-14T23:00:00Z,betanysports,3.55,2.76,2.43,h2h,0.28169014084507044,0.3623188405797102,0.4115226337448559,0.26687039667665424,0.3432572131167111,0.3898723902066347
05752bb341e197001387b64f3a06b9b2,Ivory Coast,Ecuador,2026-06-14T23:00:00Z,codere_it,3.65,2.95,2.3,h2h,0.273972602739726,0.3389830508474576,0.4347826086956522,0.2614895461990558,0.323537913093747,0.4149725407071973
05752bb341e197001387b64f3a06b9b2,Ivory Coast,Ecuador,2026-06-14T23:00:00Z,winamax_de,3.55,2.8,2.3,h2h,0.28169014084507044,0.35714285714285715,0.4347826086956522,0.26237522917091055,0.33265430841311877,0.4049704624159707
05752bb341e197001387b64f3a06b9b2,Ivory Coast,Ecuador,2026-06-14T23:00:00Z,tipico_de,3.5,2.75,2.45,h2h,0.2857142857142857,0.36363636363636365,0.4081632653061224,0.27017543859649124,0.34385964912280703,0.38596491228070173
b55f9569de3f4d731bc5537ff5ff43e4,Sweden,Tunisia,2026-06-15T02:00:00Z,unibet,1.9,3.25,4.2,h2h,0.5263157894736842,0.3076923076923077,0.23809523809523808,0.4909188994785111,0.2869987412335911,0.22208235928789785
b55f9569de3f4d731bc5537ff5ff43e4,Sweden,Tunisia,2026-06-15T02:00:00Z,leovegas,1.93,3.35,4.25,h2h,0.5181347150259068,0.29850746268656714,0.23529411764705882,0.4925533203023646,0.2837695248309145,0.22367715486672085
b55f9569de3f4d731bc5537ff5ff43e4,Sweden,Tunisia,2026-06-15T02:00:00Z,marathonbet,1.93,3.52,4.35,h2h,0.5181347150259068,0.2840909090909091,0.2298850574712644,0.5020146814377187,0.2752523679473855,0.22273295061489587
b55f9569de3f4d731bc5537ff5ff43e4,Sweden,Tunisia,2026-06-15T02:00:00Z,casumo,1.93,3.35,4.25,h2h,0.5181347150259068,0.29850746268656714,0.23529411764705882,0.4925533203023646,0.2837695248309145,0.22367715486672085
b55f9569de3f4d731bc5537ff5ff43e4,Sweden,Tunisia,2026-06-15T02:00:00Z,tabtouch,1.89,3.25,4.2,h2h,0.5291005291005292,0.3076923076923077,0.23809523809523808,0.49223778871639534,0.2862552063612268,0.22150700492237788
b55f9569de3f4d731bc5537ff5ff43e4,Sweden,Tunisia,2026-06-15T02:00:00Z,unibet_uk,1.91,3.3,4.0,h2h,0.5235602094240838,0.30303030303030304,0.25,0.48631322993036874,0.2814722027778801,0.23221456729175108
b55f9569de3f4d731bc5537ff5ff43e4,Sweden,Tunisia,2026-06-15T02:00:00Z,grosvenor,1.91,3.3,4.2,h2h,0.5235602094240838,0.30303030303030304,0.23809523809523808,0.4917509313464608,0.2846194784459819,0.22362959020755718
b55f9569de3f4d731bc5537ff5ff43e4,Sweden,Tunisia,2026-06-15T02:00:00Z,unibet_nl,1.94,3.4,4.35,h2h,0.5154639175257733,0.29411764705882354,0.2298850574712644,0.4958927074601845,0.28295054484492876,0.22115674769488688
b55f9569de3f4d731bc5537ff5ff43e4,Sweden,Tunisia,2026-06-15T02:00:00Z,coolbet,1.98,3.4,4.3,h2h,0.5050505050505051,0.29411764705882354,0.23255813953488372,0.4895198553539142,0.2850733275296324,0.2254068171164535
b55f9569de3f4d731bc5537ff5ff43e4,Sweden,Tunisia,2026-06-15T02:00:00Z,paddypower,1.9,3.3,4.33,h2h,0.5263157894736842,0.30303030303030304,0.23094688221709006,0.4963871326339192,0.28579865212255956,0.21781421524352113
b55f9569de3f4d731bc5537ff5ff43e4,Sweden,Tunisia,2026-06-15T02:00:00Z,fanduel,1.91,3.4,4.4,h2h,0.5235602094240838,0.29411764705882354,0.22727272727272727,0.5010382477058075,0.28146560385826247,0.21749614843593007
b55f9569de3f4d731bc5537ff5ff43e4,Sweden,Tunisia,2026-06-15T02:00:00Z,sportsbet,1.9,3.4,4.33,h2h,0.5263157894736842,0.29411764705882354,0.23094688221709006,0.5005950559352579,0.2797442959638206,0.21966064810092148
b55f9569de3f4d731bc5537ff5ff43e4,Sweden,Tunisia,2026-06-15T02:00:00Z,skybet,1.85,3.3,4.2,h2h,0.5405405405405405,0.30303030303030304,0.23809523809523808,0.4997295835586803,0.280151433207139,0.2201189832341806
b55f9569de3f4d731bc5537ff5ff43e4,Sweden,Tunisia,2026-06-15T02:00:00Z,smarkets,1.97,3.55,4.5,h2h,0.5076142131979695,0.28169014084507044,0.2222222222222222,0.5018298333516579,0.2784802173810609,0.21968994926728133
b55f9569de3f4d731bc5537ff5ff43e4,Sweden,Tunisia,2026-06-15T02:00:00Z,pointsbetau,1.9,3.4,4.1,h2h,0.5263157894736842,0.29411764705882354,0.24390243902439027,0.4945015963107485,0.27633912735012417,0.2291592763391274
b55f9569de3f4d731bc5537ff5ff43e4,Sweden,Tunisia,2026-06-15T02:00:00Z,tab,1.9,3.2,4.25,h2h,0.5263157894736842,0.3125,0.23529411764705882,0.49000180147721134,0.29093856962709425,0.2190596288956945
b55f9569de3f4d731bc5537ff5ff43e4,Sweden,Tunisia,2026-06-15T02:00:00Z,betfair_ex_uk,1.98,3.55,4.6,h2h,0.5050505050505051,0.28169014084507044,0.2173913043478261,0.5029722487448794,0.28053100070841164,0.21649675054670897
b55f9569de3f4d731bc5537ff5ff43e4,Sweden,Tunisia,2026-06-15T02:00:00Z,betfair_ex_au,1.98,3.55,4.6,h2h,0.5050505050505051,0.28169014084507044,0.2173913043478261,0.5029722487448794,0.28053100070841164,0.21649675054670897
b55f9569de3f4d731bc5537ff5ff43e4,Sweden,Tunisia,2026-06-15T02:00:00Z,betfair_ex_eu,1.98,3.55,4.6,h2h,0.5050505050505051,0.28169014084507044,0.2173913043478261,0.5029722487448794,0.28053100070841164,0.21649675054670897
b55f9569de3f4d731bc5537ff5ff43e4,Sweden,Tunisia,2026-06-15T02:00:00Z,everygame,1.91,3.4,4.33,h2h,0.5235602094240838,0.29411764705882354,0.23094688221709006,0.4992827177367116,0.28047940908150565,0.2202378731817827
b55f9569de3f4d731bc5537ff5ff43e4,Sweden,Tunisia,2026-06-15T02:00:00Z,ladbrokes_uk,1.95,3.3,4.0,h2h,0.5128205128205129,0.30303030303030304,0.25,0.4811372334609076,0.2843083652268999,0.23455440131219243
b55f9569de3f4d731bc5537ff5ff43e4,Sweden,Tunisia,2026-06-15T02:00:00Z,coral,1.95,3.4,4.0,h2h,0.5128205128205129,0.29411764705882354,0.25,0.48519443453442745,0.27827327863003926,0.23653228683553335
b55f9569de3f4d731bc5537ff5ff43e4,Sweden,Tunisia,2026-06-15T02:00:00Z,neds,1.95,3.3,4.0,h2h,0.5128205128205129,0.30303030303030304,0.25,0.4811372334609076,0.2843083652268999,0.23455440131219243
b55f9569de3f4d731bc5537ff5ff43e4,Sweden,Tunisia,2026-06-15T02:00:00Z,ladbrokes_au,1.95,3.3,4.0,h2h,0.5128205128205129,0.30303030303030304,0.25,0.4811372334609076,0.2843083652268999,0.23455440131219243
b55f9569de3f4d731bc5537ff5ff43e4,Sweden,Tunisia,2026-06-15T02:00:00Z,betmgm,1.95,3.3,4.0,h2h,0.5128205128205129,0.30303030303030304,0.25,0.4811372334609076,0.2843083652268999,0.23455440131219243
b55f9569de3f4d731bc5537ff5ff43e4,Sweden,Tunisia,2026-06-15T02:00:00Z,pinnacle,1.93,3.49,4.36,h2h,0.5181347150259068,0.28653295128939826,0.2293577981651376,0.5010850630126882,0.27710434716747506,0.2218105898198367
b55f9569de3f4d731bc5537ff5ff43e4,Sweden,Tunisia,2026-06-15T02:00:00Z,betonlineag,1.93,3.38,4.5,h2h,0.5181347150259068,0.2958579881656805,0.2222222222222222,0.5000262998711308,0.2855179759619178,0.21445572416695158
b55f9569de3f4d731bc5537ff5ff43e4,Sweden,Tunisia,2026-06-15T02:00:00Z,bovada,1.91,3.45,4.1,h2h,0.5235602094240838,0.2898550724637681,0.24390243902439027,0.49517774938299697,0.2741418844410215,0.23068036617598153
b55f9569de3f4d731bc5537ff5ff43e4,Sweden,Tunisia,2026-06-15T02:00:00Z,betway,1.88,3.4,3.8,h2h,0.5319148936170213,0.29411764705882354,0.2631578947368421,0.48835802842455395,0.27003326277592987,0.24160870879951618
b55f9569de3f4d731bc5537ff5ff43e4,Sweden,Tunisia,2026-06-15T02:00:00Z,pmu_fr,1.93,3.35,4.25,h2h,0.5181347150259068,0.29850746268656714,0.23529411764705882,0.4925533203023646,0.2837695248309145,0.22367715486672085
b55f9569de3f4d731bc5537ff5ff43e4,Sweden,Tunisia,2026-06-15T02:00:00Z,unibet_fr,1.91,3.45,4.25,h2h,0.5235602094240838,0.2898550724637681,0.23529411764705882,0.49924241134510283,0.2763921755562743,0.2243654130986227
b55f9569de3f4d731bc5537ff5ff43e4,Sweden,Tunisia,2026-06-15T02:00:00Z,leovegas_se,1.93,3.35,4.25,h2h,0.5181347150259068,0.29850746268656714,0.23529411764705882,0.4925533203023646,0.2837695248309145,0.22367715486672085
b55f9569de3f4d731bc5537ff5ff43e4,Sweden,Tunisia,2026-06-15T02:00:00Z,unibet_se,1.93,3.4,4.35,h2h,0.5181347150259068,0.29411764705882354,0.2298850574712644,0.4971846373644844,0.28222539709219263,0.22058996554332297
b55f9569de3f4d731bc5537ff5ff43e4,Sweden,Tunisia,2026-06-15T02:00:00Z,boylesports,1.87,3.3,4.2,h2h,0.53475935828877,0.30303030303030304,0.23809523809523808,0.4970414201183432,0.28165680473372784,0.221301775147929
b55f9569de3f4d731bc5537ff5ff43e4,Sweden,Tunisia,2026-06-15T02:00:00Z,sport888,1.91,3.2,4.0,h2h,0.5235602094240838,0.3125,0.25,0.48207291352817117,0.2877372702621272,0.23018981620970175
b55f9569de3f4d731bc5537ff5ff43e4,Sweden,Tunisia,2026-06-15T02:00:00Z,williamhill,1.91,3.25,4.0,h2h,0.5235602094240838,0.3076923076923077,0.25,0.48421640748673056,0.2845702579383555,0.23121333457491383
b55f9569de3f4d731bc5537ff5ff43e4,Sweden,Tunisia,2026-06-15T02:00:00Z,mybookieag,1.9,3.28,4.0,h2h,0.5263157894736842,0.3048780487804878,0.25,0.4867913327396854,0.2819827842089641,0.23122588305135056
b55f9569de3f4d731bc5537ff5ff43e4,Sweden,Tunisia,2026-06-15T02:00:00Z,draftkings,1.91,3.4,4.2,h2h,0.5235602094240838,0.29411764705882354,0.23809523809523808,0.4959022086400889,0.2785803583831088,0.22551743297680232
b55f9569de3f4d731bc5537ff5ff43e4,Sweden,Tunisia,2026-06-15T02:00:00Z,winamax_fr,1.84,3.45,3.95,h2h,0.5434782608695652,0.2898550724637681,0.2531645569620253,0.5002110595187843,0.26677923174335166,0.23300970873786406
b55f9569de3f4d731bc5537ff5ff43e4,Sweden,Tunisia,2026-06-15T02:00:00Z,betr_au,1.95,3.3,4.0,h2h,0.5128205128205129,0.30303030303030304,0.25,0.4811372334609076,0.2843083652268999,0.23455440131219243
b55f9569de3f4d731bc5537ff5ff43e4,Sweden,Tunisia,2026-06-15T02:00:00Z,betright,1.9,3.25,3.95,h2h,0.5263157894736842,0.3076923076923077,0.2531645569620253,0.48411426416517395,0.2830206467427171,0.23286508909210898
b55f9569de3f4d731bc5537ff5ff43e4,Sweden,Tunisia,2026-06-15T02:00:00Z,betrivers,1.93,3.35,4.25,h2h,0.5181347150259068,0.29850746268656714,0.23529411764705882,0.4925533203023646,0.2837695248309145,0.22367715486672085
b55f9569de3f4d731bc5537ff5ff43e4,Sweden,Tunisia,2026-06-15T02:00:00Z,betsson,1.95,3.35,4.4,h2h,0.5128205128205129,0.29850746268656714,0.22727272727272727,0.493760991541747,0.28741311447952433,0.21882589397872876
b55f9569de3f4d731bc5537ff5ff43e4,Sweden,Tunisia,2026-06-15T02:00:00Z,gtbets,1.94,3.42,4.12,h2h,0.5154639175257733,0.29239766081871343,0.24271844660194175,0.49064698098753395,0.27832021728532624,0.23103280172713975
b55f9569de3f4d731bc5537ff5ff43e4,Sweden,Tunisia,2026-06-15T02:00:00Z,nordicbet,1.95,3.35,4.4,h2h,0.5128205128205129,0.29850746268656714,0.22727272727272727,0.493760991541747,0.28741311447952433,0.21882589397872876
b55f9569de3f4d731bc5537ff5ff43e4,Sweden,Tunisia,2026-06-15T02:00:00Z,betclic_fr,1.92,3.37,4.15,h2h,0.5208333333333334,0.29673590504451036,0.24096385542168672,0.4920331129788665,0.2803274708959714,0.22763941612516228
b55f9569de3f4d731bc5537ff5ff43e4,Sweden,Tunisia,2026-06-15T02:00:00Z,betfred_uk,1.95,3.3,4.0,h2h,0.5128205128205129,0.30303030303030304,0.25,0.4811372334609076,0.2843083652268999,0.23455440131219243
b55f9569de3f4d731bc5537ff5ff43e4,Sweden,Tunisia,2026-06-15T02:00:00Z,betvictor,1.87,3.3,4.33,h2h,0.53475935828877,0.30303030303030304,0.23094688221709006,0.5003659335156581,0.28354069565887297,0.21609337082546898
b55f9569de3f4d731bc5537ff5ff43e4,Sweden,Tunisia,2026-06-15T02:00:00Z,onexbet,1.95,3.52,4.3,h2h,0.5128205128205129,0.2840909090909091,0.23255813953488372,0.4981405298667106,0.2759585321704789,0.2259009379628106
b55f9569de3f4d731bc5537ff5ff43e4,Sweden,Tunisia,2026-06-15T02:00:00Z,betanysports,1.91,3.45,4.1,h2h,0.5235602094240838,0.2898550724637681,0.24390243902439027,0.49517774938299697,0.2741418844410215,0.23068036617598153
b55f9569de3f4d731bc5537ff5ff43e4,Sweden,Tunisia,2026-06-15T02:00:00Z,codere_it,1.94,3.4,4.2,h2h,0.5154639175257733,0.29411764705882354,0.23809523809523808,0.4920066152149945,0.28073318632855565,0.22726019845644982
b55f9569de3f4d731bc5537ff5ff43e4,Sweden,Tunisia,2026-06-15T02:00:00Z,winamax_de,1.88,3.5,4.0,h2h,0.5319148936170213,0.2857142857142857,0.25,0.4982206405693951,0.26761565836298934,0.2341637010676157
b55f9569de3f4d731bc5537ff5ff43e4,Sweden,Tunisia,2026-06-15T02:00:00Z,tipico_de,1.87,3.4,4.4,h2h,0.53475935828877,0.29411764705882354,0.22727272727272727,0.5063291139240506,0.27848101265822783,0.2151898734177215
c54f00b11925751d2b62988775c6c239,Spain,Cape Verde,2026-06-15T16:00:00Z,sportsbet,1.08,12.0,23.0,h2h,0.9259259259259258,0.08333333333333333,0.043478260869565216,0.8795411089866157,0.07915869980879542,0.041300191204588915
c54f00b11925751d2b62988775c6c239,Spain,Cape Verde,2026-06-15T16:00:00Z,betmgm,1.1,10.0,26.0,h2h,0.9090909090909091,0.1,0.038461538461538464,0.8678237650200267,0.09546061415220294,0.036715620827770364
c54f00b11925751d2b62988775c6c239,Spain,Cape Verde,2026-06-15T16:00:00Z,paddypower,1.07,12.0,23.0,h2h,0.9345794392523364,0.08333333333333333,0.043478260869565216,0.8805232094432924,0.07851331950869357,0.04096347104801404
c54f00b11925751d2b62988775c6c239,Spain,Cape Verde,2026-06-15T16:00:00Z,fanduel,1.08,12.0,23.0,h2h,0.9259259259259258,0.08333333333333333,0.043478260869565216,0.8795411089866157,0.07915869980879542,0.041300191204588915
c54f00b11925751d2b62988775c6c239,Spain,Cape Verde,2026-06-15T16:00:00Z,skybet,1.07,12.0,17.0,h2h,0.9345794392523364,0.08333333333333333,0.058823529411764705,0.8679743011530443,0.07739437518614645,0.05463132366080926
c54f00b11925751d2b62988775c6c239,Spain,Cape Verde,2026-06-15T16:00:00Z,marathonbet,1.11,11.0,27.0,h2h,0.9009009009009008,0.09090909090909091,0.037037037037037035,0.8756412524323367,0.0883601627454449,0.03599858482221829
c54f00b11925751d2b62988775c6c239,Spain,Cape Verde,2026-06-15T16:00:00Z,pinnacle,1.08,11.82,28.9,h2h,0.9259259259259258,0.08460236886632826,0.03460207612456748,0.885942990168465,0.08094910570067193,0.03310790413086306
c54f00b11925751d2b62988775c6c239,Spain,Cape Verde,2026-06-15T16:00:00Z,grosvenor,1.07,11.0,25.0,h2h,0.9345794392523364,0.09090909090909091,0.04,0.877137024751212,0.08532151058943607,0.037541464659351875
c54f00b11925751d2b62988775c6c239,Spain,Cape Verde,2026-06-15T16:00:00Z,betfair_ex_uk,1.11,14.0,32.0,h2h,0.9009009009009008,0.07142857142857142,0.03125,0.89768765278724,0.07117380675670261,0.031138540456057393
c54f00b11925751d2b62988775c6c239,Spain,Cape Verde,2026-06-15T16:00:00Z,betfair_ex_eu,1.11,14.0,32.0,h2h,0.9009009009009008,0.07142857142857142,0.03125,0.89768765278724,0.07117380675670261,0.031138540456057393
c54f00b11925751d2b62988775c6c239,Spain,Cape Verde,2026-06-15T16:00:00Z,betfair_ex_au,1.11,14.0,32.0,h2h,0.9009009009009008,0.07142857142857142,0.03125,0.89768765278724,0.07117380675670261,0.031138540456057393
c54f00b11925751d2b62988775c6c239,Spain,Cape Verde,2026-06-15T16:00:00Z,everygame,1.08,12.0,29.0,h2h,0.9259259259259258,0.08333333333333333,0.034482758620689655,0.8871214438666258,0.07984092994799634,0.0330376261853778
c54f00b11925751d2b62988775c6c239,Spain,Cape Verde,2026-06-15T16:00:00Z,pointsbetau,1.1,11.0,23.0,h2h,0.9090909090909091,0.09090909090909091,0.043478260869565216,0.8712121212121212,0.08712121212121213,0.041666666666666664
c54f00b11925751d2b62988775c6c239,Spain,Cape Verde,2026-06-15T16:00:00Z,unibet_fr,1.08,12.0,25.0,h2h,0.9259259259259258,0.08333333333333333,0.04,0.8824567596187787,0.0794211083656901,0.038122132015531246
c54f00b11925751d2b62988775c6c239,Spain,Cape Verde,2026-06-15T16:00:00Z,bovada,1.07,11.0,29.0,h2h,0.9345794392523364,0.09090909090909091,0.034482758620689655,0.8817025981205084,0.08576561636263129,0.03253178551686014
c54f00b11925751d2b62988775c6c239,Spain,Cape Verde,2026-06-15T16:00:00Z,tabtouch,1.07,11.0,25.0,h2h,0.9345794392523364,0.09090909090909091,0.04,0.877137024751212,0.08532151058943607,0.037541464659351875
c54f00b11925751d2b62988775c6c239,Spain,Cape Verde,2026-06-15T16:00:00Z,tab,1.08,10.0,26.0,h2h,0.9259259259259258,0.1,0.038461538461538464,0.8699143468950747,0.0939507494646681,0.03613490364025696
c54f00b11925751d2b62988775c6c239,Spain,Cape Verde,2026-06-15T16:00:00Z,casumo,1.08,12.0,26.0,h2h,0.9259259259259258,0.08333333333333333,0.038461538461538464,0.8837525492861998,0.07953772943575799,0.03670972127804215
c54f00b11925751d2b62988775c6c239,Spain,Cape Verde,2026-06-15T16:00:00Z,coolbet,1.11,11.0,25.0,h2h,0.9009009009009008,0.09090909090909091,0.04,0.8731267462534925,0.08810642621285245,0.038766827533655075
c54f00b11925751d2b62988775c6c239,Spain,Cape Verde,2026-06-15T16:00:00Z,coral,1.1,10.0,23.0,h2h,0.9090909090909091,0.1,0.043478260869565216,0.8636875704093129,0.09500563274502442,0.04130679684566279
c54f00b11925751d2b62988775c6c239,Spain,Cape Verde,2026-06-15T16:00:00Z,ladbrokes_uk,1.1,10.0,23.0,h2h,0.9090909090909091,0.1,0.043478260869565216,0.8636875704093129,0.09500563274502442,0.04130679684566279
c54f00b11925751d2b62988775c6c239,Spain,Cape Verde,2026-06-15T16:00:00Z,betway,1.08,11.0,21.0,h2h,0.9259259259259258,0.09090909090909091,0.047619047619047616,0.8698599186624492,0.08540442837776775,0.0447356529597831
c54f00b11925751d2b62988775c6c239,Spain,Cape Verde,2026-06-15T16:00:00Z,sport888,1.1,9.5,23.0,h2h,0.9090909090909091,0.10526315789473684,0.043478260869565216,0.8593903638151426,0.09950835791543756,0.041101278269419866
c54f00b11925751d2b62988775c6c239,Spain,Cape Verde,2026-06-15T16:00:00Z,williamhill,1.1,10.0,23.0,h2h,0.9090909090909091,0.1,0.043478260869565216,0.8636875704093129,0.09500563274502442,0.04130679684566279
c54f00b11925751d2b62988775c6c239,Spain,Cape Verde,2026-06-15T16:00:00Z,unibet_uk,1.08,9.0,26.0,h2h,0.9259259259259258,0.1111111111111111,0.038461538461538464,0.8609271523178806,0.10331125827814569,0.03576158940397351
c54f00b11925751d2b62988775c6c239,Spain,Cape Verde,2026-06-15T16:00:00Z,unibet_nl,1.1,13.0,26.0,h2h,0.9090909090909091,0.07692307692307693,0.038461538461538464,0.887372013651877,0.0750853242320819,0.03754266211604095
c54f00b11925751d2b62988775c6c239,Spain,Cape Verde,2026-06-15T16:00:00Z,ladbrokes_au,1.1,9.5,21.0,h2h,0.9090909090909091,0.10526315789473684,0.047619047619047616,0.8560394765071873,0.09912036043767432,0.04484016305513838
c54f00b11925751d2b62988775c6c239,Spain,Cape Verde,2026-06-15T16:00:00Z,leovegas,1.08,12.0,26.0,h2h,0.9259259259259258,0.08333333333333333,0.038461538461538464,0.8837525492861998,0.07953772943575799,0.03670972127804215
c54f00b11925751d2b62988775c6c239,Spain,Cape Verde,2026-06-15T16:00:00Z,leovegas_se,1.08,12.0,26.0,h2h,0.9259259259259258,0.08333333333333333,0.038461538461538464,0.8837525492861998,0.07953772943575799,0.03670972127804215
c54f00b11925751d2b62988775c6c239,Spain,Cape Verde,2026-06-15T16:00:00Z,neds,1.1,9.5,21.0,h2h,0.9090909090909091,0.10526315789473684,0.047619047619047616,0.8560394765071873,0.09912036043767432,0.04484016305513838
c54f00b11925751d2b62988775c6c239,Spain,Cape Verde,2026-06-15T16:00:00Z,unibet_se,1.08,12.5,26.0,h2h,0.9259259259259258,0.08,0.038461538461538464,0.8865731900267334,0.07659992361830978,0.03682688635495663
c54f00b11925751d2b62988775c6c239,Spain,Cape Verde,2026-06-15T16:00:00Z,unibet,1.07,11.0,25.0,h2h,0.9345794392523364,0.09090909090909091,0.04,0.877137024751212,0.08532151058943607,0.037541464659351875
c54f00b11925751d2b62988775c6c239,Spain,Cape Verde,2026-06-15T16:00:00Z,betonlineag,1.09,12.0,29.0,h2h,0.9174311926605504,0.08333333333333333,0.034482758620689655,0.8861952176016704,0.0804960655988184,0.033308716799511064
c54f00b11925751d2b62988775c6c239,Spain,Cape Verde,2026-06-15T16:00:00Z,smarkets,1.1,13.5,28.99,h2h,0.9090909090909091,0.07407407407407407,0.03449465332873405,0.8933152858681958,0.07278865292259372,0.0338960612092106
c54f00b11925751d2b62988775c6c239,Spain,Cape Verde,2026-06-15T16:00:00Z,pmu_fr,1.08,12.0,26.0,h2h,0.9259259259259258,0.08333333333333333,0.038461538461538464,0.8837525492861998,0.07953772943575799,0.03670972127804215
c54f00b11925751d2b62988775c6c239,Spain,Cape Verde,2026-06-15T16:00:00Z,boylesports,1.1,10.0,23.0,h2h,0.9090909090909091,0.1,0.043478260869565216,0.8636875704093129,0.09500563274502442,0.04130679684566279
c54f00b11925751d2b62988775c6c239,Spain,Cape Verde,2026-06-15T16:00:00Z,mybookieag,1.08,8.9,22.0,h2h,0.9259259259259258,0.11235955056179775,0.045454545454545456,0.8543801162445673,0.10367758713979021,0.0419422966156424
c54f00b11925751d2b62988775c6c239,Spain,Cape Verde,2026-06-15T16:00:00Z,draftkings,1.08,12.0,26.0,h2h,0.9259259259259258,0.08333333333333333,0.038461538461538464,0.8837525492861998,0.07953772943575799,0.03670972127804215
c54f00b11925751d2b62988775c6c239,Spain,Cape Verde,2026-06-15T16:00:00Z,winamax_fr,1.05,11.5,20.0,h2h,0.9523809523809523,0.08695652173913043,0.05,0.8742753967499762,0.07982514492065,0.04589945832937376
c54f00b11925751d2b62988775c6c239,Spain,Cape Verde,2026-06-15T16:00:00Z,winamax_de,1.06,13.0,22.0,h2h,0.9433962264150942,0.07692307692307693,0.045454545454545456,0.8851748684617765,0.07217579696688332,0.042649334571340146
c54f00b11925751d2b62988775c6c239,Spain,Cape Verde,2026-06-15T16:00:00Z,betr_au,1.1,9.0,21.0,h2h,0.9090909090909091,0.1111111111111111,0.047619047619047616,0.8513513513513513,0.10405405405405405,0.0445945945945946
c54f00b11925751d2b62988775c6c239,Spain,Cape Verde,2026-06-15T16:00:00Z,betright,1.09,8.5,19.0,h2h,0.9174311926605504,0.11764705882352941,0.05263157894736842,0.843452147799974,0.10816033424729078,0.048387517952735354
c54f00b11925751d2b62988775c6c239,Spain,Cape Verde,2026-06-15T16:00:00Z,betrivers,1.08,12.0,26.0,h2h,0.9259259259259258,0.08333333333333333,0.038461538461538464,0.8837525492861998,0.07953772943575799,0.03670972127804215
c54f00b11925751d2b62988775c6c239,Spain,Cape Verde,2026-06-15T16:00:00Z,betsson,1.11,9.4,37.0,h2h,0.9009009009009008,0.10638297872340426,0.02702702702702703,0.8710155670867309,0.10285396590066717,0.02613046701260193
c54f00b11925751d2b62988775c6c239,Spain,Cape Verde,2026-06-15T16:00:00Z,gtbets,1.1,10.95,21.23,h2h,0.9090909090909091,0.09132420091324202,0.047103155911446065,0.8678520830338993,0.08718148779335975,0.04496642917274089
c54f00b11925751d2b62988775c6c239,Spain,Cape Verde,2026-06-15T16:00:00Z,tipico_de,1.07,12.0,27.0,h2h,0.9345794392523364,0.08333333333333333,0.037037037037037035,0.885899434008695,0.07899269953244197,0.035107866458863095
c54f00b11925751d2b62988775c6c239,Spain,Cape Verde,2026-06-15T16:00:00Z,nordicbet,1.11,9.4,37.0,h2h,0.9009009009009008,0.10638297872340426,0.02702702702702703,0.8710155670867309,0.10285396590066717,0.02613046701260193
c54f00b11925751d2b62988775c6c239,Spain,Cape Verde,2026-06-15T16:00:00Z,betfred_uk,1.1,9.5,21.0,h2h,0.9090909090909091,0.10526315789473684,0.047619047619047616,0.8560394765071873,0.09912036043767432,0.04484016305513838
c54f00b11925751d2b62988775c6c239,Spain,Cape Verde,2026-06-15T16:00:00Z,betvictor,1.07,10.5,26.0,h2h,0.9345794392523364,0.09523809523809523,0.038461538461538464,0.8748457803912771,0.08915095095415872,0.036003268654564095
c54f00b11925751d2b62988775c6c239,Spain,Cape Verde,2026-06-15T16:00:00Z,onexbet,1.11,11.0,27.0,h2h,0.9009009009009008,0.09090909090909091,0.037037037037037035,0.8756412524323367,0.0883601627454449,0.03599858482221829
c54f00b11925751d2b62988775c6c239,Spain,Cape Verde,2026-06-15T16:00:00Z,betclic_fr,1.08,10.5,26.0,h2h,0.9259259259259258,0.09523809523809523,0.038461538461538464,0.8738236988669099,0.08987900902631074,0.036297292106779344
c54f00b11925751d2b62988775c6c239,Spain,Cape Verde,2026-06-15T16:00:00Z,betanysports,1.07,11.0,29.0,h2h,0.9345794392523364,0.09090909090909091,0.034482758620689655,0.8817025981205084,0.08576561636263129,0.03253178551686014
c54f00b11925751d2b62988775c6c239,Spain,Cape Verde,2026-06-15T16:00:00Z,codere_it,1.1,10.0,25.0,h2h,0.9090909090909091,0.1,0.04,0.8665511265164645,0.09532062391681109,0.03812824956672444
fbfb95c62003fd6d828b309f96ee1f9b,Belgium,Egypt,2026-06-15T19:00:00Z,sportsbet,1.65,3.8,5.0,h2h,0.6060606060606061,0.2631578947368421,0.2,0.5668257756563246,0.2461217183770883,0.18705250596658712
fbfb95c62003fd6d828b309f96ee1f9b,Belgium,Egypt,2026-06-15T19:00:00Z,betmgm,1.67,3.9,5.0,h2h,0.5988023952095809,0.25641025641025644,0.2,0.5674708261793209,0.24299391787678612,0.18953525594389314
fbfb95c62003fd6d828b309f96ee1f9b,Belgium,Egypt,2026-06-15T19:00:00Z,fanduel,1.65,3.9,5.5,h2h,0.6060606060606061,0.25641025641025644,0.18181818181818182,0.5803571428571428,0.24553571428571427,0.17410714285714282
fbfb95c62003fd6d828b309f96ee1f9b,Belgium,Egypt,2026-06-15T19:00:00Z,paddypower,1.62,3.8,5.0,h2h,0.6172839506172839,0.2631578947368421,0.2,0.5713254751022372,0.24356507096463795,0.18510945393312486
fbfb95c62003fd6d828b309f96ee1f9b,Belgium,Egypt,2026-06-15T19:00:00Z,skybet,1.62,3.75,5.25,h2h,0.6172839506172839,0.26666666666666666,0.19047619047619047,0.5745239658568614,0.24819435325016415,0.17728168089297439
fbfb95c62003fd6d828b309f96ee1f9b,Belgium,Egypt,2026-06-15T19:00:00Z,marathonbet,1.69,3.9,5.45,h2h,0.591715976331361,0.25641025641025644,0.18348623853211007,0.5735835818277495,0.24855288545869145,0.17786353271355898
fbfb95c62003fd6d828b309f96ee1f9b,Belgium,Egypt,2026-06-15T19:00:00Z,pinnacle,1.67,3.94,5.4,h2h,0.5988023952095809,0.25380710659898476,0.18518518518518517,0.5769950479744426,0.24456389089272054,0.17844106113283684
fbfb95c62003fd6d828b309f96ee1f9b,Belgium,Egypt,2026-06-15T19:00:00Z,grosvenor,1.62,3.75,5.4,h2h,0.6172839506172839,0.26666666666666666,0.18518518518518517,0.5773672055427251,0.24942263279445728,0.17321016166281755
fbfb95c62003fd6d828b309f96ee1f9b,Belgium,Egypt,2026-06-15T19:00:00Z,unibet_fr,1.64,4.0,5.2,h2h,0.6097560975609756,0.25,0.1923076923076923,0.57958091841284,0.2376281765492644,0.1827909050378957
fbfb95c62003fd6d828b309f96ee1f9b,Belgium,Egypt,2026-06-15T19:00:00Z,everygame,1.65,3.85,5.25,h2h,0.6060606060606061,0.2597402597402597,0.19047619047619047,0.5737704918032787,0.24590163934426226,0.18032786885245902
fbfb95c62003fd6d828b309f96ee1f9b,Belgium,Egypt,2026-06-15T19:00:00Z,pointsbetau,1.67,4.0,5.0,h2h,0.5988023952095809,0.25,0.2,0.5709391949757351,0.2383671139023694,0.19069369112189552
fbfb95c62003fd6d828b309f96ee1f9b,Belgium,Egypt,2026-06-15T19:00:00Z,bovada,1.65,3.85,5.3,h2h,0.6060606060606061,0.2597402597402597,0.18867924528301888,0.5747482571649885,0.24632068164213786,0.17893106119287377
fbfb95c62003fd6d828b309f96ee1f9b,Belgium,Egypt,2026-06-15T19:00:00Z,tabtouch,1.62,3.75,5.4,h2h,0.6172839506172839,0.26666666666666666,0.18518518518518517,0.5773672055427251,0.24942263279445728,0.17321016166281755
fbfb95c62003fd6d828b309f96ee1f9b,Belgium,Egypt,2026-06-15T19:00:00Z,tab,1.65,3.7,5.0,h2h,0.6060606060606061,0.27027027027027023,0.2,0.5630802008826663,0.25110333282605385,0.18581646629127987
fbfb95c62003fd6d828b309f96ee1f9b,Belgium,Egypt,2026-06-15T19:00:00Z,smarkets,1.7,3.95,5.7,h2h,0.5882352941176471,0.2531645569620253,0.17543859649122806,0.5784943473792395,0.24897225077081192,0.17253340184994864
fbfb95c62003fd6d828b309f96ee1f9b,Belgium,Egypt,2026-06-15T19:00:00Z,casumo,1.64,3.85,5.6,h2h,0.6097560975609756,0.2597402597402597,0.17857142857142858,0.5817907064601435,0.2478277295051001,0.17038156403475632
fbfb95c62003fd6d828b309f96ee1f9b,Belgium,Egypt,2026-06-15T19:00:00Z,coolbet,1.68,4.0,5.5,h2h,0.5952380952380952,0.25,0.18181818181818182,0.5795574288724974,0.24341412012644892,0.17702845100105374
fbfb95c62003fd6d828b309f96ee1f9b,Belgium,Egypt,2026-06-15T19:00:00Z,coral,1.67,3.9,5.0,h2h,0.5988023952095809,0.25641025641025644,0.2,0.5674708261793209,0.24299391787678612,0.18953525594389314
fbfb95c62003fd6d828b309f96ee1f9b,Belgium,Egypt,2026-06-15T19:00:00Z,ladbrokes_uk,1.67,3.9,5.0,h2h,0.5988023952095809,0.25641025641025644,0.2,0.5674708261793209,0.24299391787678612,0.18953525594389314
fbfb95c62003fd6d828b309f96ee1f9b,Belgium,Egypt,2026-06-15T19:00:00Z,betway,1.61,3.8,4.75,h2h,0.6211180124223602,0.2631578947368421,0.21052631578947367,0.5673335323977307,0.2403702597790385,0.1922962078232308
fbfb95c62003fd6d828b309f96ee1f9b,Belgium,Egypt,2026-06-15T19:00:00Z,sport888,1.65,3.6,4.8,h2h,0.6060606060606061,0.2777777777777778,0.20833333333333334,0.5549132947976879,0.254335260115607,0.19075144508670522
fbfb95c62003fd6d828b309f96ee1f9b,Belgium,Egypt,2026-06-15T19:00:00Z,williamhill,1.67,3.6,5.0,h2h,0.5988023952095809,0.2777777777777778,0.2,0.5562078981521538,0.25801866386502686,0.18577343798281934
fbfb95c62003fd6d828b309f96ee1f9b,Belgium,Egypt,2026-06-15T19:00:00Z,unibet_nl,1.65,3.9,5.75,h2h,0.6060606060606061,0.25641025641025644,0.17391304347826086,0.5847838842167025,0.2474085663993741,0.16780754938392328
fbfb95c62003fd6d828b309f96ee1f9b,Belgium,Egypt,2026-06-15T19:00:00Z,unibet_uk,1.65,3.8,5.0,h2h,0.6060606060606061,0.2631578947368421,0.2,0.5668257756563246,0.2461217183770883,0.18705250596658712
fbfb95c62003fd6d828b309f96ee1f9b,Belgium,Egypt,2026-06-15T19:00:00Z,ladbrokes_au,1.67,3.9,5.0,h2h,0.5988023952095809,0.25641025641025644,0.2,0.5674708261793209,0.24299391787678612,0.18953525594389314
fbfb95c62003fd6d828b309f96ee1f9b,Belgium,Egypt,2026-06-15T19:00:00Z,leovegas,1.64,3.85,5.6,h2h,0.6097560975609756,0.2597402597402597,0.17857142857142858,0.5817907064601435,0.2478277295051001,0.17038156403475632
fbfb95c62003fd6d828b309f96ee1f9b,Belgium,Egypt,2026-06-15T19:00:00Z,leovegas_se,1.64,3.85,5.6,h2h,0.6097560975609756,0.2597402597402597,0.17857142857142858,0.5817907064601435,0.2478277295051001,0.17038156403475632
fbfb95c62003fd6d828b309f96ee1f9b,Belgium,Egypt,2026-06-15T19:00:00Z,neds,1.67,3.9,5.0,h2h,0.5988023952095809,0.25641025641025644,0.2,0.5674708261793209,0.24299391787678612,0.18953525594389314
fbfb95c62003fd6d828b309f96ee1f9b,Belgium,Egypt,2026-06-15T19:00:00Z,unibet_se,1.64,3.9,5.75,h2h,0.6097560975609756,0.25641025641025644,0.17391304347826086,0.5862591827664636,0.2465295024966668,0.16721131473686962
fbfb95c62003fd6d828b309f96ee1f9b,Belgium,Egypt,2026-06-15T19:00:00Z,unibet,1.62,3.75,5.4,h2h,0.6172839506172839,0.26666666666666666,0.18518518518518517,0.5773672055427251,0.24942263279445728,0.17321016166281755
fbfb95c62003fd6d828b309f96ee1f9b,Belgium,Egypt,2026-06-15T19:00:00Z,betonlineag,1.67,3.97,5.45,h2h,0.5988023952095809,0.2518891687657431,0.18348623853211007,0.5790130031390579,0.24356466378897398,0.17742233307196817
fbfb95c62003fd6d828b309f96ee1f9b,Belgium,Egypt,2026-06-15T19:00:00Z,pmu_fr,1.64,3.85,5.6,h2h,0.6097560975609756,0.2597402597402597,0.17857142857142858,0.5817907064601435,0.2478277295051001,0.17038156403475632
fbfb95c62003fd6d828b309f96ee1f9b,Belgium,Egypt,2026-06-15T19:00:00Z,boylesports,1.62,3.75,5.0,h2h,0.6172839506172839,0.26666666666666666,0.2,0.5694760820045558,0.2460136674259681,0.1845102505694761
fbfb95c62003fd6d828b309f96ee1f9b,Belgium,Egypt,2026-06-15T19:00:00Z,mybookieag,1.63,3.8,4.9,h2h,0.6134969325153374,0.2631578947368421,0.2040816326530612,0.5676656199506113,0.24349867382092008,0.18883570622846862
fbfb95c62003fd6d828b309f96ee1f9b,Belgium,Egypt,2026-06-15T19:00:00Z,draftkings,1.65,3.9,5.0,h2h,0.6060606060606061,0.25641025641025644,0.2,0.5704256252742431,0.2413339183852567,0.1882404563405002
fbfb95c62003fd6d828b309f96ee1f9b,Belgium,Egypt,2026-06-15T19:00:00Z,winamax_fr,1.6,3.85,5.0,h2h,0.625,0.2597402597402597,0.2,0.5761747979646812,0.23944926668662075,0.184375935348698
fbfb95c62003fd6d828b309f96ee1f9b,Belgium,Egypt,2026-06-15T19:00:00Z,betr_au,1.65,3.7,5.25,h2h,0.6060606060606061,0.27027027027027023,0.19047619047619047,0.5681070410177671,0.2533450318052204,0.17854792717701248
fbfb95c62003fd6d828b309f96ee1f9b,Belgium,Egypt,2026-06-15T19:00:00Z,betright,1.63,3.65,5.0,h2h,0.6134969325153374,0.273972602739726,0.2,0.5641509142336049,0.25193588772624,0.1839131980401552
fbfb95c62003fd6d828b309f96ee1f9b,Belgium,Egypt,2026-06-15T19:00:00Z,betrivers,1.64,3.85,5.6,h2h,0.6097560975609756,0.2597402597402597,0.17857142857142858,0.5817907064601435,0.2478277295051001,0.17038156403475632
fbfb95c62003fd6d828b309f96ee1f9b,Belgium,Egypt,2026-06-15T19:00:00Z,betsson,1.7,3.85,5.35,h2h,0.5882352941176471,0.2597402597402597,0.1869158878504673,0.5684028975508796,0.25098309761986887,0.1806140048292515
fbfb95c62003fd6d828b309f96ee1f9b,Belgium,Egypt,2026-06-15T19:00:00Z,gtbets,1.69,3.88,4.98,h2h,0.591715976331361,0.2577319587628866,0.2008032128514056,0.563404265245307,0.24540031140839402,0.1911954233462989
fbfb95c62003fd6d828b309f96ee1f9b,Belgium,Egypt,2026-06-15T19:00:00Z,nordicbet,1.7,3.85,5.35,h2h,0.5882352941176471,0.2597402597402597,0.1869158878504673,0.5684028975508796,0.25098309761986887,0.1806140048292515
fbfb95c62003fd6d828b309f96ee1f9b,Belgium,Egypt,2026-06-15T19:00:00Z,betclic_fr,1.65,3.9,5.1,h2h,0.6060606060606061,0.25641025641025644,0.19607843137254904,0.5725388601036269,0.2422279792746114,0.18523316062176168
fbfb95c62003fd6d828b309f96ee1f9b,Belgium,Egypt,2026-06-15T19:00:00Z,betfred_uk,1.67,3.75,5.0,h2h,0.5988023952095809,0.26666666666666666,0.2,0.562008242787561,0.2502810041213938,0.18771075309104535
fbfb95c62003fd6d828b309f96ee1f9b,Belgium,Egypt,2026-06-15T19:00:00Z,betvictor,1.65,3.75,5.25,h2h,0.6060606060606061,0.26666666666666666,0.19047619047619047,0.5700325732899023,0.250814332247557,0.17915309446254069
fbfb95c62003fd6d828b309f96ee1f9b,Belgium,Egypt,2026-06-15T19:00:00Z,onexbet,1.71,3.9,5.35,h2h,0.5847953216374269,0.25641025641025644,0.1869158878504673,0.568799836434267,0.2493968513596402,0.18180331220609286
fbfb95c62003fd6d828b309f96ee1f9b,Belgium,Egypt,2026-06-15T19:00:00Z,betfair_ex_au,1.71,3.95,5.8,h2h,0.5847953216374269,0.2531645569620253,0.1724137931034483,0.5787911324448937,0.2505652750584223,0.17064359249668418
fbfb95c62003fd6d828b309f96ee1f9b,Belgium,Egypt,2026-06-15T19:00:00Z,betfair_ex_eu,1.71,3.95,5.8,h2h,0.5847953216374269,0.2531645569620253,0.1724137931034483,0.5787911324448937,0.2505652750584223,0.17064359249668418
fbfb95c62003fd6d828b309f96ee1f9b,Belgium,Egypt,2026-06-15T19:00:00Z,betfair_ex_uk,1.71,3.95,5.8,h2h,0.5847953216374269,0.2531645569620253,0.1724137931034483,0.5787911324448937,0.2505652750584223,0.17064359249668418
fbfb95c62003fd6d828b309f96ee1f9b,Belgium,Egypt,2026-06-15T19:00:00Z,betanysports,1.65,3.85,5.3,h2h,0.6060606060606061,0.2597402597402597,0.18867924528301888,0.5747482571649885,0.24632068164213786,0.17893106119287377
fbfb95c62003fd6d828b309f96ee1f9b,Belgium,Egypt,2026-06-15T19:00:00Z,codere_it,1.67,3.9,5.2,h2h,0.5988023952095809,0.25641025641025644,0.1923076923076923,0.5716379626236717,0.24477830707218765,0.18358373030414069
fbfb95c62003fd6d828b309f96ee1f9b,Belgium,Egypt,2026-06-15T19:00:00Z,winamax_de,1.62,3.95,5.1,h2h,0.6172839506172839,0.2531645569620253,0.19607843137254904,0.5787795207722807,0.23737286674711255,0.18384761248060685
fbfb95c62003fd6d828b309f96ee1f9b,Belgium,Egypt,2026-06-15T19:00:00Z,tipico_de,1.62,3.9,5.5,h2h,0.6172839506172839,0.25641025641025644,0.18181818181818182,0.5848192376901684,0.24292491411745462,0.17225584819237688
64b91c5f2db61c7358a4f05459e83c52,Saudi Arabia,Uruguay,2026-06-15T22:00:00Z,sportsbet,8.0,4.4,1.4,h2h,0.125,0.22727272727272727,0.7142857142857143,0.11719939117199392,0.21308980213089804,0.6697108066971081
64b91c5f2db61c7358a4f05459e83c52,Saudi Arabia,Uruguay,2026-06-15T22:00:00Z,betmgm,7.25,4.33,1.44,h2h,0.13793103448275862,0.23094688221709006,0.6944444444444444,0.12971704491789707,0.21719366643296853,0.6530892886491345
64b91c5f2db61c7358a4f05459e83c52,Saudi Arabia,Uruguay,2026-06-15T22:00:00Z,fanduel,8.0,4.5,1.42,h2h,0.125,0.2222222222222222,0.7042253521126761,0.11888372093023256,0.2113488372093023,0.6697674418604651
64b91c5f2db61c7358a4f05459e83c52,Saudi Arabia,Uruguay,2026-06-15T22:00:00Z,paddypower,8.0,4.33,1.4,h2h,0.125,0.23094688221709006,0.7142857142857143,0.11679704057647104,0.21579129898655158,0.6674116604369774
64b91c5f2db61c7358a4f05459e83c52,Saudi Arabia,Uruguay,2026-06-15T22:00:00Z,skybet,7.0,4.5,1.4,h2h,0.14285714285714285,0.2222222222222222,0.7142857142857143,0.1323529411764706,0.20588235294117646,0.661764705882353
64b91c5f2db61c7358a4f05459e83c52,Saudi Arabia,Uruguay,2026-06-15T22:00:00Z,marathonbet,8.5,4.55,1.44,h2h,0.11764705882352941,0.21978021978021978,0.6944444444444444,0.11401325978387597,0.21299180399185622,0.6729949362242679
64b91c5f2db61c7358a4f05459e83c52,Saudi Arabia,Uruguay,2026-06-15T22:00:00Z,betfair_ex_uk,8.8,4.7,1.47,h2h,0.11363636363636363,0.2127659574468085,0.6802721088435374,0.11288293440078424,0.2113552814312556,0.6757617841679601
64b91c5f2db61c7358a4f05459e83c52,Saudi Arabia,Uruguay,2026-06-15T22:00:00Z,pinnacle,8.05,4.56,1.44,h2h,0.12422360248447203,0.2192982456140351,0.6944444444444444,0.11967980403306941,0.21127684703206334,0.6690433489348672
64b91c5f2db61c7358a4f05459e83c52,Saudi Arabia,Uruguay,2026-06-15T22:00:00Z,betfair_ex_eu,8.8,4.7,1.47,h2h,0.11363636363636363,0.2127659574468085,0.6802721088435374,0.11288293440078424,0.2113552814312556,0.6757617841679601
64b91c5f2db61c7358a4f05459e83c52,Saudi Arabia,Uruguay,2026-06-15T22:00:00Z,betfair_ex_au,8.6,4.7,1.47,h2h,0.11627906976744186,0.2127659574468085,0.6802721088435374,0.11520568274666089,0.21080188757899654,0.6739924296743426
64b91c5f2db61c7358a4f05459e83c52,Saudi Arabia,Uruguay,2026-06-15T22:00:00Z,grosvenor,7.5,4.35,1.43,h2h,0.13333333333333333,0.2298850574712644,0.6993006993006994,0.12548794141677005,0.21635851968408631,0.6581535388991437
64b91c5f2db61c7358a4f05459e83c52,Saudi Arabia,Uruguay,2026-06-15T22:00:00Z,everygame,8.0,4.5,1.44,h2h,0.125,0.2222222222222222,0.6944444444444444,0.12000000000000002,0.21333333333333335,0.6666666666666667
64b91c5f2db61c7358a4f05459e83c52,Saudi Arabia,Uruguay,2026-06-15T22:00:00Z,pointsbetau,8.0,4.5,1.4,h2h,0.125,0.2222222222222222,0.7142857142857143,0.11775700934579439,0.20934579439252335,0.6728971962616822
64b91c5f2db61c7358a4f05459e83c52,Saudi Arabia,Uruguay,2026-06-15T22:00:00Z,unibet_fr,7.7,4.65,1.42,h2h,0.12987012987012986,0.2150537634408602,0.7042253521126761,0.1237861347531026,0.20497919088148173,0.6712346743654156
64b91c5f2db61c7358a4f05459e83c52,Saudi Arabia,Uruguay,2026-06-15T22:00:00Z,bovada,7.75,4.45,1.43,h2h,0.12903225806451613,0.2247191011235955,0.6993006993006994,0.12253169919223621,0.2133979030876024,0.6640703977201614
64b91c5f2db61c7358a4f05459e83c52,Saudi Arabia,Uruguay,2026-06-15T22:00:00Z,tabtouch,7.5,4.3,1.42,h2h,0.13333333333333333,0.23255813953488372,0.7042253521126761,0.12459698812390319,0.21732032812308694,0.6580826837530098
64b91c5f2db61c7358a4f05459e83c52,Saudi Arabia,Uruguay,2026-06-15T22:00:00Z,tab,8.0,4.0,1.45,h2h,0.125,0.25,0.6896551724137931,0.11740890688259109,0.23481781376518218,0.6477732793522267
64b91c5f2db61c7358a4f05459e83c52,Saudi Arabia,Uruguay,2026-06-15T22:00:00Z,smarkets,8.8,4.7,1.46,h2h,0.11363636363636363,0.2127659574468085,0.684931506849315,0.11236286228917637,0.21038152939250043,0.6772556083183233
64b91c5f2db61c7358a4f05459e83c52,Saudi Arabia,Uruguay,2026-06-15T22:00:00Z,casumo,7.5,4.4,1.43,h2h,0.13333333333333333,0.22727272727272727,0.6993006993006994,0.12579722894215967,0.21442709478777214,0.6597756762700682
64b91c5f2db61c7358a4f05459e83c52,Saudi Arabia,Uruguay,2026-06-15T22:00:00Z,coolbet,8.5,4.4,1.45,h2h,0.11764705882352941,0.22727272727272727,0.6896551724137931,0.11371535513768825,0.21967739060689775,0.6666072542554139
64b91c5f2db61c7358a4f05459e83c52,Saudi Arabia,Uruguay,2026-06-15T22:00:00Z,coral,7.5,4.4,1.44,h2h,0.13333333333333333,0.22727272727272727,0.6944444444444444,0.1263762565820967,0.215414073719483,0.6582096696984203
64b91c5f2db61c7358a4f05459e83c52,Saudi Arabia,Uruguay,2026-06-15T22:00:00Z,ladbrokes_uk,7.0,4.33,1.44,h2h,0.14285714285714285,0.23094688221709006,0.6944444444444444,0.13373025745734066,0.2161921021250311,0.6500776404176282
64b91c5f2db61c7358a4f05459e83c52,Saudi Arabia,Uruguay,2026-06-15T22:00:00Z,betway,7.0,4.33,1.4,h2h,0.14285714285714285,0.23094688221709006,0.7142857142857143,0.13129169193450577,0.21224984839296543,0.6564584596725289
64b91c5f2db61c7358a4f05459e83c52,Saudi Arabia,Uruguay,2026-06-15T22:00:00Z,sport888,7.0,4.0,1.4,h2h,0.14285714285714285,0.25,0.7142857142857143,0.12903225806451613,0.22580645161290322,0.6451612903225806
64b91c5f2db61c7358a4f05459e83c52,Saudi Arabia,Uruguay,2026-06-15T22:00:00Z,williamhill,7.5,4.2,1.4,h2h,0.13333333333333333,0.23809523809523808,0.7142857142857143,0.12280701754385963,0.21929824561403505,0.6578947368421052
64b91c5f2db61c7358a4f05459e83c52,Saudi Arabia,Uruguay,2026-06-15T22:00:00Z,unibet_nl,8.0,4.5,1.44,h2h,0.125,0.2222222222222222,0.6944444444444444,0.12000000000000002,0.21333333333333335,0.6666666666666667
64b91c5f2db61c7358a4f05459e83c52,Saudi Arabia,Uruguay,2026-06-15T22:00:00Z,unibet_uk,7.5,4.35,1.42,h2h,0.13333333333333333,0.2298850574712644,0.7042253521126761,0.12490900266925502,0.21536034942975008,0.6597306479009949
64b91c5f2db61c7358a4f05459e83c52,Saudi Arabia,Uruguay,2026-06-15T22:00:00Z,leovegas_se,7.5,4.4,1.43,h2h,0.13333333333333333,0.22727272727272727,0.6993006993006994,0.12579722894215967,0.21442709478777214,0.6597756762700682
64b91c5f2db61c7358a4f05459e83c52,Saudi Arabia,Uruguay,2026-06-15T22:00:00Z,ladbrokes_au,7.0,4.4,1.44,h2h,0.14285714285714285,0.22727272727272727,0.6944444444444444,0.13419179939003728,0.2134869535750593,0.6523212470349035
64b91c5f2db61c7358a4f05459e83c52,Saudi Arabia,Uruguay,2026-06-15T22:00:00Z,leovegas,7.5,4.4,1.43,h2h,0.13333333333333333,0.22727272727272727,0.6993006993006994,0.12579722894215967,0.21442709478777214,0.6597756762700682
64b91c5f2db61c7358a4f05459e83c52,Saudi Arabia,Uruguay,2026-06-15T22:00:00Z,neds,7.0,4.4,1.44,h2h,0.14285714285714285,0.22727272727272727,0.6944444444444444,0.13419179939003728,0.2134869535750593,0.6523212470349035
64b91c5f2db61c7358a4f05459e83c52,Saudi Arabia,Uruguay,2026-06-15T22:00:00Z,unibet_se,8.0,4.5,1.44,h2h,0.125,0.2222222222222222,0.6944444444444444,0.12000000000000002,0.21333333333333335,0.6666666666666667
64b91c5f2db61c7358a4f05459e83c52,Saudi Arabia,Uruguay,2026-06-15T22:00:00Z,unibet,7.5,4.3,1.42,h2h,0.13333333333333333,0.23255813953488372,0.7042253521126761,0.12459698812390319,0.21732032812308694,0.6580826837530098
64b91c5f2db61c7358a4f05459e83c52,Saudi Arabia,Uruguay,2026-06-15T22:00:00Z,betonlineag,8.1,4.55,1.44,h2h,0.1234567901234568,0.21978021978021978,0.6944444444444444,0.11897368851119465,0.2117993136133355,0.6692269978754698
64b91c5f2db61c7358a4f05459e83c52,Saudi Arabia,Uruguay,2026-06-15T22:00:00Z,pmu_fr,7.5,4.4,1.43,h2h,0.13333333333333333,0.22727272727272727,0.6993006993006994,0.12579722894215967,0.21442709478777214,0.6597756762700682
64b91c5f2db61c7358a4f05459e83c52,Saudi Arabia,Uruguay,2026-06-15T22:00:00Z,boylesports,7.5,4.2,1.4,h2h,0.13333333333333333,0.23809523809523808,0.7142857142857143,0.12280701754385963,0.21929824561403505,0.6578947368421052
64b91c5f2db61c7358a4f05459e83c52,Saudi Arabia,Uruguay,2026-06-15T22:00:00Z,mybookieag,7.1,4.3,1.41,h2h,0.14084507042253522,0.23255813953488372,0.7092198581560284,0.130096129087632,0.2148098875632993,0.6550939833490689
64b91c5f2db61c7358a4f05459e83c52,Saudi Arabia,Uruguay,2026-06-15T22:00:00Z,draftkings,7.5,4.4,1.47,h2h,0.13333333333333333,0.22727272727272727,0.6802721088435374,0.12809696393559503,0.21834709761749152,0.6535559384469134
64b91c5f2db61c7358a4f05459e83c52,Saudi Arabia,Uruguay,2026-06-15T22:00:00Z,winamax_fr,6.5,4.5,1.41,h2h,0.15384615384615385,0.2222222222222222,0.7092198581560284,0.14175603217158175,0.2047587131367292,0.6534852546916889
64b91c5f2db61c7358a4f05459e83c52,Saudi Arabia,Uruguay,2026-06-15T22:00:00Z,winamax_de,6.75,4.6,1.43,h2h,0.14814814814814814,0.2173913043478261,0.6993006993006994,0.13912712429014074,0.20415393238227175,0.6567189433275875
64b91c5f2db61c7358a4f05459e83c52,Saudi Arabia,Uruguay,2026-06-15T22:00:00Z,betr_au,7.75,4.2,1.42,h2h,0.12903225806451613,0.23809523809523808,0.7042253521126761,0.12043861951978027,0.22223792887578503,0.6573234516044346
64b91c5f2db61c7358a4f05459e83c52,Saudi Arabia,Uruguay,2026-06-15T22:00:00Z,betright,7.5,4.1,1.41,h2h,0.13333333333333333,0.24390243902439027,0.7092198581560284,0.12272321997197808,0.22449369507069164,0.6527830849573303
64b91c5f2db61c7358a4f05459e83c52,Saudi Arabia,Uruguay,2026-06-15T22:00:00Z,betrivers,7.5,4.4,1.43,h2h,0.13333333333333333,0.22727272727272727,0.6993006993006994,0.12579722894215967,0.21442709478777214,0.6597756762700682
64b91c5f2db61c7358a4f05459e83c52,Saudi Arabia,Uruguay,2026-06-15T22:00:00Z,betsson,8.5,4.3,1.45,h2h,0.11764705882352941,0.23255813953488372,0.6896551724137931,0.11313736164035565,0.22364362184721465,0.6632190165124296
64b91c5f2db61c7358a4f05459e83c52,Saudi Arabia,Uruguay,2026-06-15T22:00:00Z,gtbets,7.48,4.34,1.44,h2h,0.1336898395721925,0.2304147465437788,0.6944444444444444,0.12629536819982215,0.21767035809554605,0.6560342737046319
64b91c5f2db61c7358a4f05459e83c52,Saudi Arabia,Uruguay,2026-06-15T22:00:00Z,tipico_de,8.5,4.5,1.4,h2h,0.11764705882352941,0.2222222222222222,0.7142857142857143,0.11160318866253321,0.21080602302922938,0.6775907883082374
64b91c5f2db61c7358a4f05459e83c52,Saudi Arabia,Uruguay,2026-06-15T22:00:00Z,nordicbet,8.5,4.3,1.45,h2h,0.11764705882352941,0.23255813953488372,0.6896551724137931,0.11313736164035565,0.22364362184721465,0.6632190165124296
64b91c5f2db61c7358a4f05459e83c52,Saudi Arabia,Uruguay,2026-06-15T22:00:00Z,betclic_fr,7.5,4.5,1.42,h2h,0.13333333333333333,0.2222222222222222,0.7042253521126761,0.125812167749557,0.20968694624926165,0.6645008860011814
64b91c5f2db61c7358a4f05459e83c52,Saudi Arabia,Uruguay,2026-06-15T22:00:00Z,betfred_uk,8.0,4.2,1.44,h2h,0.125,0.23809523809523808,0.6944444444444444,0.11819887429643527,0.225140712945591,0.6566604127579737
64b91c5f2db61c7358a4f05459e83c52,Saudi Arabia,Uruguay,2026-06-15T22:00:00Z,betvictor,8.0,4.4,1.4,h2h,0.125,0.22727272727272727,0.7142857142857143,0.11719939117199392,0.21308980213089804,0.6697108066971081
64b91c5f2db61c7358a4f05459e83c52,Saudi Arabia,Uruguay,2026-06-15T22:00:00Z,onexbet,8.4,4.55,1.45,h2h,0.11904761904761904,0.21978021978021978,0.6896551724137931,0.11575069081977277,0.2136935830518882,0.6705557261283389
64b91c5f2db61c7358a4f05459e83c52,Saudi Arabia,Uruguay,2026-06-15T22:00:00Z,betanysports,7.75,4.45,1.43,h2h,0.12903225806451613,0.2247191011235955,0.6993006993006994,0.12253169919223621,0.2133979030876024,0.6640703977201614
64b91c5f2db61c7358a4f05459e83c52,Saudi Arabia,Uruguay,2026-06-15T22:00:00Z,codere_it,7.4,4.5,1.44,h2h,0.13513513513513511,0.2222222222222222,0.6944444444444444,0.1284796573875803,0.21127765881513208,0.6602426837972878
ec51b9c44ad5e34552f3ab53f7262813,Iran,New Zealand,2026-06-16T01:00:00Z,pinnacle,1.91,3.47,4.47,h2h,0.5235602094240838,0.2881844380403458,0.2237136465324385,0.5056313831850646,0.27831583339581367,0.2160527834191216
ec51b9c44ad5e34552f3ab53f7262813,Iran,New Zealand,2026-06-16T01:00:00Z,betmgm,1.91,3.3,4.1,h2h,0.5235602094240838,0.30303030303030304,0.24390243902439027,0.4890832851359167,0.2830754771544245,0.22784123770965878
ec51b9c44ad5e34552f3ab53f7262813,Iran,New Zealand,2026-06-16T01:00:00Z,marathonbet,1.91,3.48,4.55,h2h,0.5235602094240838,0.28735632183908044,0.21978021978021978,0.5079672647595705,0.2787981251984999,0.2132346100419296
ec51b9c44ad5e34552f3ab53f7262813,Iran,New Zealand,2026-06-16T01:00:00Z,grosvenor,1.83,3.35,4.4,h2h,0.5464480874316939,0.29850746268656714,0.22727272727272727,0.5096378252225775,0.278399170196214,0.2119630045812084
ec51b9c44ad5e34552f3ab53f7262813,Iran,New Zealand,2026-06-16T01:00:00Z,sportsbet,1.86,3.3,4.4,h2h,0.5376344086021505,0.30303030303030304,0.22727272727272727,0.5034324942791762,0.28375286041189934,0.2128146453089245
ec51b9c44ad5e34552f3ab53f7262813,Iran,New Zealand,2026-06-16T01:00:00Z,fanduel,1.87,3.3,4.5,h2h,0.53475935828877,0.30303030303030304,0.2222222222222222,0.5044843049327354,0.2858744394618835,0.20964125560538122
ec51b9c44ad5e34552f3ab53f7262813,Iran,New Zealand,2026-06-16T01:00:00Z,skybet,1.85,3.25,4.33,h2h,0.5405405405405405,0.3076923076923077,0.23094688221709006,0.5008809239913865,0.2851168336566354,0.2140022423519781
ec51b9c44ad5e34552f3ab53f7262813,Iran,New Zealand,2026-06-16T01:00:00Z,paddypower,1.87,3.3,4.33,h2h,0.53475935828877,0.30303030303030304,0.23094688221709006,0.5003659335156581,0.28354069565887297,0.21609337082546898
ec51b9c44ad5e34552f3ab53f7262813,Iran,New Zealand,2026-06-16T01:00:00Z,everygame,1.9,3.45,4.33,h2h,0.5263157894736842,0.2898550724637681,0.23094688221709006,0.5026328628387813,0.27681230127353174,0.22055483588768693
ec51b9c44ad5e34552f3ab53f7262813,Iran,New Zealand,2026-06-16T01:00:00Z,pointsbetau,1.87,3.4,4.3,h2h,0.53475935828877,0.29411764705882354,0.23255813953488372,0.5038078500292911,0.27709431751611013,0.2190978324545987
ec51b9c44ad5e34552f3ab53f7262813,Iran,New Zealand,2026-06-16T01:00:00Z,unibet_fr,1.89,3.5,4.3,h2h,0.5291005291005292,0.2857142857142857,0.23255813953488372,0.5051691729323309,0.2727913533834586,0.2220394736842105
ec51b9c44ad5e34552f3ab53f7262813,Iran,New Zealand,2026-06-16T01:00:00Z,bovada,1.88,3.4,4.35,h2h,0.5319148936170213,0.29411764705882354,0.2298850574712644,0.5037465940054496,0.2785422343324251,0.21771117166212536
ec51b9c44ad5e34552f3ab53f7262813,Iran,New Zealand,2026-06-16T01:00:00Z,tabtouch,1.82,3.3,4.4,h2h,0.5494505494505494,0.30303030303030304,0.22727272727272727,0.5088666152659984,0.28064764841942946,0.21048573631457207
ec51b9c44ad5e34552f3ab53f7262813,Iran,New Zealand,2026-06-16T01:00:00Z,tab,1.9,3.25,4.25,h2h,0.5263157894736842,0.3076923076923077,0.23529411764705882,0.4922048997772829,0.2877505567928731,0.2200445434298441
ec51b9c44ad5e34552f3ab53f7262813,Iran,New Zealand,2026-06-16T01:00:00Z,casumo,1.85,3.4,4.5,h2h,0.5405405405405405,0.29411764705882354,0.2222222222222222,0.5114491057997661,0.2782884840381081,0.21026241016212607
ec51b9c44ad5e34552f3ab53f7262813,Iran,New Zealand,2026-06-16T01:00:00Z,coolbet,1.92,3.5,4.5,h2h,0.5208333333333334,0.2857142857142857,0.2222222222222222,0.5062680810028929,0.27772420443587265,0.2160077145612343
ec51b9c44ad5e34552f3ab53f7262813,Iran,New Zealand,2026-06-16T01:00:00Z,coral,1.91,3.4,4.2,h2h,0.5235602094240838,0.29411764705882354,0.23809523809523808,0.4959022086400889,0.2785803583831088,0.22551743297680232
ec51b9c44ad5e34552f3ab53f7262813,Iran,New Zealand,2026-06-16T01:00:00Z,ladbrokes_uk,1.91,3.3,4.0,h2h,0.5235602094240838,0.30303030303030304,0.25,0.48631322993036874,0.2814722027778801,0.23221456729175108
ec51b9c44ad5e34552f3ab53f7262813,Iran,New Zealand,2026-06-16T01:00:00Z,betway,1.85,3.4,4.0,h2h,0.5405405405405405,0.29411764705882354,0.25,0.49835104433858557,0.2711615976548187,0.23048735800659584
ec51b9c44ad5e34552f3ab53f7262813,Iran,New Zealand,2026-06-16T01:00:00Z,sport888,1.8,3.4,4.0,h2h,0.5555555555555556,0.29411764705882354,0.25,0.5052005943536404,0.2674591381872214,0.22734026745913816
ec51b9c44ad5e34552f3ab53f7262813,Iran,New Zealand,2026-06-16T01:00:00Z,williamhill,1.8,3.5,4.2,h2h,0.5555555555555556,0.2857142857142857,0.23809523809523808,0.5147058823529412,0.2647058823529412,0.22058823529411764
ec51b9c44ad5e34552f3ab53f7262813,Iran,New Zealand,2026-06-16T01:00:00Z,unibet_nl,1.87,3.45,4.7,h2h,0.53475935828877,0.2898550724637681,0.2127659574468085,0.5154901368600086,0.2794105959212221,0.2050992672187694
ec51b9c44ad5e34552f3ab53f7262813,Iran,New Zealand,2026-06-16T01:00:00Z,unibet_uk,1.8,3.5,4.35,h2h,0.5555555555555556,0.2857142857142857,0.2298850574712644,0.5186509964230965,0.26673479816044965,0.21461420541645376
ec51b9c44ad5e34552f3ab53f7262813,Iran,New Zealand,2026-06-16T01:00:00Z,ladbrokes_au,1.91,3.3,4.1,h2h,0.5235602094240838,0.30303030303030304,0.24390243902439027,0.4890832851359167,0.2830754771544245,0.22784123770965878
ec51b9c44ad5e34552f3ab53f7262813,Iran,New Zealand,2026-06-16T01:00:00Z,leovegas,1.85,3.4,4.5,h2h,0.5405405405405405,0.29411764705882354,0.2222222222222222,0.5114491057997661,0.2782884840381081,0.21026241016212607
ec51b9c44ad5e34552f3ab53f7262813,Iran,New Zealand,2026-06-16T01:00:00Z,leovegas_se,1.85,3.4,4.5,h2h,0.5405405405405405,0.29411764705882354,0.2222222222222222,0.5114491057997661,0.2782884840381081,0.21026241016212607
ec51b9c44ad5e34552f3ab53f7262813,Iran,New Zealand,2026-06-16T01:00:00Z,neds,1.91,3.3,4.1,h2h,0.5235602094240838,0.30303030303030304,0.24390243902439027,0.4890832851359167,0.2830754771544245,0.22784123770965878
ec51b9c44ad5e34552f3ab53f7262813,Iran,New Zealand,2026-06-16T01:00:00Z,unibet_se,1.85,3.45,4.6,h2h,0.5405405405405405,0.2898550724637681,0.2173913043478261,0.5158878504672896,0.2766355140186916,0.2074766355140187
ec51b9c44ad5e34552f3ab53f7262813,Iran,New Zealand,2026-06-16T01:00:00Z,unibet,1.82,3.3,4.4,h2h,0.5494505494505494,0.30303030303030304,0.22727272727272727,0.5088666152659984,0.28064764841942946,0.21048573631457207
ec51b9c44ad5e34552f3ab53f7262813,Iran,New Zealand,2026-06-16T01:00:00Z,betonlineag,1.89,3.52,4.48,h2h,0.5291005291005292,0.2840909090909091,0.2232142857142857,0.5105148658448151,0.27411167512690354,0.2153734590282813
ec51b9c44ad5e34552f3ab53f7262813,Iran,New Zealand,2026-06-16T01:00:00Z,smarkets,1.94,3.5,4.6,h2h,0.5154639175257733,0.2857142857142857,0.2173913043478261,0.5060665115986672,0.28050543785754695,0.21342805054378575
ec51b9c44ad5e34552f3ab53f7262813,Iran,New Zealand,2026-06-16T01:00:00Z,betfair_ex_uk,1.95,3.55,4.7,h2h,0.5128205128205129,0.28169014084507044,0.2127659574468085,0.5091158745899763,0.2796551987184377,0.2112289266915859
ec51b9c44ad5e34552f3ab53f7262813,Iran,New Zealand,2026-06-16T01:00:00Z,betfair_ex_au,1.95,3.55,4.7,h2h,0.5128205128205129,0.28169014084507044,0.2127659574468085,0.5091158745899763,0.2796551987184377,0.2112289266915859
ec51b9c44ad5e34552f3ab53f7262813,Iran,New Zealand,2026-06-16T01:00:00Z,betfair_ex_eu,1.95,3.55,4.7,h2h,0.5128205128205129,0.28169014084507044,0.2127659574468085,0.5091158745899763,0.2796551987184377,0.2112289266915859
ec51b9c44ad5e34552f3ab53f7262813,Iran,New Zealand,2026-06-16T01:00:00Z,pmu_fr,1.85,3.4,4.5,h2h,0.5405405405405405,0.29411764705882354,0.2222222222222222,0.5114491057997661,0.2782884840381081,0.21026241016212607
ec51b9c44ad5e34552f3ab53f7262813,Iran,New Zealand,2026-06-16T01:00:00Z,boylesports,1.87,3.3,4.2,h2h,0.53475935828877,0.30303030303030304,0.23809523809523808,0.4970414201183432,0.28165680473372784,0.221301775147929
ec51b9c44ad5e34552f3ab53f7262813,Iran,New Zealand,2026-06-16T01:00:00Z,mybookieag,1.88,3.3,4.1,h2h,0.5319148936170213,0.30303030303030304,0.24390243902439027,0.49303986589898696,0.2808833175424532,0.2260768165585599
ec51b9c44ad5e34552f3ab53f7262813,Iran,New Zealand,2026-06-16T01:00:00Z,draftkings,1.91,3.45,4.4,h2h,0.5235602094240838,0.2898550724637681,0.22727272727272727,0.5030904601720052,0.2785225446169652,0.21838699521102953
ec51b9c44ad5e34552f3ab53f7262813,Iran,New Zealand,2026-06-16T01:00:00Z,betright,1.85,3.25,4.2,h2h,0.5405405405405405,0.3076923076923077,0.23809523809523808,0.49758498131778,0.2832406816731979,0.21917433700902217
ec51b9c44ad5e34552f3ab53f7262813,Iran,New Zealand,2026-06-16T01:00:00Z,betrivers,1.85,3.4,4.5,h2h,0.5405405405405405,0.29411764705882354,0.2222222222222222,0.5114491057997661,0.2782884840381081,0.21026241016212607
ec51b9c44ad5e34552f3ab53f7262813,Iran,New Zealand,2026-06-16T01:00:00Z,betsson,1.95,3.35,4.45,h2h,0.5128205128205129,0.29850746268656714,0.2247191011235955,0.49497800282227944,0.28812152403087904,0.21690047314684152
ec51b9c44ad5e34552f3ab53f7262813,Iran,New Zealand,2026-06-16T01:00:00Z,gtbets,1.86,3.55,4.32,h2h,0.5376344086021505,0.28169014084507044,0.23148148148148145,0.5116400104089517,0.2680705406649719,0.2202894489260764
ec51b9c44ad5e34552f3ab53f7262813,Iran,New Zealand,2026-06-16T01:00:00Z,nordicbet,1.95,3.35,4.45,h2h,0.5128205128205129,0.29850746268656714,0.2247191011235955,0.49497800282227944,0.28812152403087904,0.21690047314684152
ec51b9c44ad5e34552f3ab53f7262813,Iran,New Zealand,2026-06-16T01:00:00Z,betclic_fr,1.89,3.4,4.2,h2h,0.5291005291005292,0.29411764705882354,0.23809523809523808,0.498533724340176,0.27712609970674484,0.22434017595307915
ec51b9c44ad5e34552f3ab53f7262813,Iran,New Zealand,2026-06-16T01:00:00Z,betfred_uk,1.83,3.4,4.33,h2h,0.5464480874316939,0.29411764705882354,0.23094688221709006,0.5099782110925976,0.2744882724410158,0.21553351646638652
ec51b9c44ad5e34552f3ab53f7262813,Iran,New Zealand,2026-06-16T01:00:00Z,onexbet,1.93,3.48,4.49,h2h,0.5181347150259068,0.28735632183908044,0.22271714922048996,0.5039200446346506,0.27947289831749295,0.21660705704785643
ec51b9c44ad5e34552f3ab53f7262813,Iran,New Zealand,2026-06-16T01:00:00Z,betanysports,1.88,3.4,4.35,h2h,0.5319148936170213,0.29411764705882354,0.2298850574712644,0.5037465940054496,0.2785422343324251,0.21771117166212536
ec51b9c44ad5e34552f3ab53f7262813,Iran,New Zealand,2026-06-16T01:00:00Z,codere_it,1.92,3.4,4.2,h2h,0.5208333333333334,0.29411764705882354,0.23809523809523808,0.4945968412302577,0.2793017456359102,0.22610141313383206
ec51b9c44ad5e34552f3ab53f7262813,Iran,New Zealand,2026-06-16T01:00:00Z,winamax_de,1.88,3.45,4.0,h2h,0.5319148936170213,0.2898550724637681,0.25,0.4962957635042797,0.27044522764870893,0.23325900884701145
ec51b9c44ad5e34552f3ab53f7262813,Iran,New Zealand,2026-06-16T01:00:00Z,winamax_fr,1.86,3.4,3.95,h2h,0.5376344086021505,0.29411764705882354,0.2531645569620253,0.49555366960628755,0.2710970074904985,0.23334932290321386
ec51b9c44ad5e34552f3ab53f7262813,Iran,New Zealand,2026-06-16T01:00:00Z,tipico_de,1.83,3.5,4.5,h2h,0.5464480874316939,0.2857142857142857,0.2222222222222222,0.5182625863770978,0.27097729516288255,0.21076011846001974
73a4fcd14cc9766b9b9bfd50b8ca153a,France,Senegal,2026-06-16T19:00:00Z,sportsbet,1.44,4.33,7.0,h2h,0.6944444444444444,0.23094688221709006,0.14285714285714285,0.6500776404176282,0.2161921021250311,0.13373025745734066
73a4fcd14cc9766b9b9bfd50b8ca153a,France,Senegal,2026-06-16T19:00:00Z,betmgm,1.45,4.33,7.0,h2h,0.6896551724137931,0.23094688221709006,0.14285714285714285,0.6485017704889973,0.2171657199097104,0.13433250960129228
73a4fcd14cc9766b9b9bfd50b8ca153a,France,Senegal,2026-06-16T19:00:00Z,fanduel,1.45,4.4,7.0,h2h,0.6896551724137931,0.22727272727272727,0.14285714285714285,0.6507500528206213,0.21445172195225015,0.13479822522712867
73a4fcd14cc9766b9b9bfd50b8ca153a,France,Senegal,2026-06-16T19:00:00Z,paddypower,1.44,4.33,7.0,h2h,0.6944444444444444,0.23094688221709006,0.14285714285714285,0.6500776404176282,0.2161921021250311,0.13373025745734066
73a4fcd14cc9766b9b9bfd50b8ca153a,France,Senegal,2026-06-16T19:00:00Z,skybet,1.44,4.2,7.0,h2h,0.6944444444444444,0.23809523809523808,0.14285714285714285,0.6457564575645757,0.22140221402214022,0.13284132841328414
73a4fcd14cc9766b9b9bfd50b8ca153a,France,Senegal,2026-06-16T19:00:00Z,marathonbet,1.49,4.4,7.5,h2h,0.6711409395973155,0.22727272727272727,0.13333333333333333,0.6504898385602491,0.22027951351244798,0.12923064792730282
73a4fcd14cc9766b9b9bfd50b8ca153a,France,Senegal,2026-06-16T19:00:00Z,pinnacle,1.48,4.46,7.29,h2h,0.6756756756756757,0.2242152466367713,0.13717421124828533,0.6515267496803824,0.21620170168766056,0.13227154863195695
73a4fcd14cc9766b9b9bfd50b8ca153a,France,Senegal,2026-06-16T19:00:00Z,grosvenor,1.44,4.35,7.0,h2h,0.6944444444444444,0.2298850574712644,0.14285714285714285,0.6507244518528016,0.21541223233747916,0.1338633158097192
73a4fcd14cc9766b9b9bfd50b8ca153a,France,Senegal,2026-06-16T19:00:00Z,betfair_ex_au,1.51,4.6,8.0,h2h,0.6622516556291391,0.2173913043478261,0.125,0.6591910579299968,0.21638662988571633,0.12442231218428687
73a4fcd14cc9766b9b9bfd50b8ca153a,France,Senegal,2026-06-16T19:00:00Z,betfair_ex_uk,1.51,4.6,8.0,h2h,0.6622516556291391,0.2173913043478261,0.125,0.6591910579299968,0.21638662988571633,0.12442231218428687
73a4fcd14cc9766b9b9bfd50b8ca153a,France,Senegal,2026-06-16T19:00:00Z,betfair_ex_eu,1.51,4.6,8.0,h2h,0.6622516556291391,0.2173913043478261,0.125,0.6591910579299968,0.21638662988571633,0.12442231218428687
73a4fcd14cc9766b9b9bfd50b8ca153a,France,Senegal,2026-06-16T19:00:00Z,everygame,1.45,4.4,7.0,h2h,0.6896551724137931,0.22727272727272727,0.14285714285714285,0.6507500528206213,0.21445172195225015,0.13479822522712867
73a4fcd14cc9766b9b9bfd50b8ca153a,France,Senegal,2026-06-16T19:00:00Z,pointsbetau,1.42,4.5,7.0,h2h,0.7042253521126761,0.2222222222222222,0.14285714285714285,0.6585824796153043,0.20781936023416264,0.13359816015053314
73a4fcd14cc9766b9b9bfd50b8ca153a,France,Senegal,2026-06-16T19:00:00Z,unibet_fr,1.46,4.8,7.25,h2h,0.684931506849315,0.20833333333333334,0.13793103448275862,0.6642108678640276,0.20203080564197506,0.13375832649399727
73a4fcd14cc9766b9b9bfd50b8ca153a,France,Senegal,2026-06-16T19:00:00Z,bovada,1.46,4.35,7.0,h2h,0.684931506849315,0.2298850574712644,0.14285714285714285,0.6475829948320962,0.21734969481720937,0.13506731035069436
73a4fcd14cc9766b9b9bfd50b8ca153a,France,Senegal,2026-06-16T19:00:00Z,tabtouch,1.43,4.3,7.0,h2h,0.6993006993006994,0.23255813953488372,0.14285714285714285,0.6506841911844182,0.21639032404505068,0.13292548477053112
73a4fcd14cc9766b9b9bfd50b8ca153a,France,Senegal,2026-06-16T19:00:00Z,tab,1.48,4.0,7.5,h2h,0.6756756756756757,0.25,0.13333333333333333,0.6380263717566993,0.23606975754997875,0.12590387069332198
73a4fcd14cc9766b9b9bfd50b8ca153a,France,Senegal,2026-06-16T19:00:00Z,smarkets,1.5,4.6,8.0,h2h,0.6666666666666666,0.2173913043478261,0.125,0.6606822262118492,0.21543985637342913,0.12387791741472173
73a4fcd14cc9766b9b9bfd50b8ca153a,France,Senegal,2026-06-16T19:00:00Z,casumo,1.45,4.4,7.0,h2h,0.6896551724137931,0.22727272727272727,0.14285714285714285,0.6507500528206213,0.21445172195225015,0.13479822522712867
73a4fcd14cc9766b9b9bfd50b8ca153a,France,Senegal,2026-06-16T19:00:00Z,coolbet,1.48,4.4,7.85,h2h,0.6756756756756757,0.22727272727272727,0.12738853503184713,0.655781279665844,0.22058097588760206,0.12363774444655402
73a4fcd14cc9766b9b9bfd50b8ca153a,France,Senegal,2026-06-16T19:00:00Z,coral,1.48,4.33,7.0,h2h,0.6756756756756757,0.23094688221709006,0.14285714285714285,0.643819671016857,0.2200584556824361,0.1361218733007069
73a4fcd14cc9766b9b9bfd50b8ca153a,France,Senegal,2026-06-16T19:00:00Z,ladbrokes_uk,1.48,4.33,7.0,h2h,0.6756756756756757,0.23094688221709006,0.14285714285714285,0.643819671016857,0.2200584556824361,0.1361218733007069
73a4fcd14cc9766b9b9bfd50b8ca153a,France,Senegal,2026-06-16T19:00:00Z,betway,1.45,4.33,6.0,h2h,0.6896551724137931,0.23094688221709006,0.16666666666666666,0.6343005725307324,0.21241012244100735,0.1532893050282603
73a4fcd14cc9766b9b9bfd50b8ca153a,France,Senegal,2026-06-16T19:00:00Z,sport888,1.44,4.0,6.5,h2h,0.6944444444444444,0.25,0.15384615384615385,0.632295719844358,0.22762645914396884,0.14007782101167315
73a4fcd14cc9766b9b9bfd50b8ca153a,France,Senegal,2026-06-16T19:00:00Z,williamhill,1.44,4.2,6.5,h2h,0.6944444444444444,0.23809523809523808,0.15384615384615385,0.6392245012644,0.21916268614779427,0.14161281258780556
73a4fcd14cc9766b9b9bfd50b8ca153a,France,Senegal,2026-06-16T19:00:00Z,unibet_nl,1.47,4.5,7.5,h2h,0.6802721088435374,0.2222222222222222,0.13333333333333333,0.6567425569176882,0.21453590192644484,0.1287215411558669
73a4fcd14cc9766b9b9bfd50b8ca153a,France,Senegal,2026-06-16T19:00:00Z,unibet_uk,1.45,4.25,7.0,h2h,0.6896551724137931,0.23529411764705882,0.14285714285714285,0.6458616010854817,0.2203527815468114,0.13378561736770692
73a4fcd14cc9766b9b9bfd50b8ca153a,France,Senegal,2026-06-16T19:00:00Z,ladbrokes_au,1.46,4.25,6.75,h2h,0.684931506849315,0.23529411764705882,0.14814814814814814,0.6410972680037991,0.22023576736130512,0.1386669646348958
73a4fcd14cc9766b9b9bfd50b8ca153a,France,Senegal,2026-06-16T19:00:00Z,leovegas,1.45,4.4,7.0,h2h,0.6896551724137931,0.22727272727272727,0.14285714285714285,0.6507500528206213,0.21445172195225015,0.13479822522712867
73a4fcd14cc9766b9b9bfd50b8ca153a,France,Senegal,2026-06-16T19:00:00Z,leovegas_se,1.45,4.4,7.0,h2h,0.6896551724137931,0.22727272727272727,0.14285714285714285,0.6507500528206213,0.21445172195225015,0.13479822522712867
73a4fcd14cc9766b9b9bfd50b8ca153a,France,Senegal,2026-06-16T19:00:00Z,neds,1.46,4.25,6.75,h2h,0.684931506849315,0.23529411764705882,0.14814814814814814,0.6410972680037991,0.22023576736130512,0.1386669646348958
73a4fcd14cc9766b9b9bfd50b8ca153a,France,Senegal,2026-06-16T19:00:00Z,unibet_se,1.45,4.5,7.5,h2h,0.6896551724137931,0.2222222222222222,0.13333333333333333,0.6598240469208211,0.21260997067448678,0.12756598240469208
73a4fcd14cc9766b9b9bfd50b8ca153a,France,Senegal,2026-06-16T19:00:00Z,unibet,1.44,4.3,7.0,h2h,0.6944444444444444,0.23255813953488372,0.14285714285714285,0.6490985939791254,0.21737255240231176,0.13352885361856293
73a4fcd14cc9766b9b9bfd50b8ca153a,France,Senegal,2026-06-16T19:00:00Z,betonlineag,1.48,4.45,7.35,h2h,0.6756756756756757,0.2247191011235955,0.1360544217687075,0.6519139352022563,0.21681632002232343,0.1312697447754203
73a4fcd14cc9766b9b9bfd50b8ca153a,France,Senegal,2026-06-16T19:00:00Z,pmu_fr,1.47,4.6,7.0,h2h,0.6802721088435374,0.2173913043478261,0.14285714285714285,0.6537805571347357,0.2089255258669699,0.1372939169982945
73a4fcd14cc9766b9b9bfd50b8ca153a,France,Senegal,2026-06-16T19:00:00Z,boylesports,1.44,4.2,7.0,h2h,0.6944444444444444,0.23809523809523808,0.14285714285714285,0.6457564575645757,0.22140221402214022,0.13284132841328414
73a4fcd14cc9766b9b9bfd50b8ca153a,France,Senegal,2026-06-16T19:00:00Z,mybookieag,1.44,4.3,6.5,h2h,0.6944444444444444,0.23255813953488372,0.15384615384615385,0.6424991954392901,0.21516252126339017,0.14233828329731965
73a4fcd14cc9766b9b9bfd50b8ca153a,France,Senegal,2026-06-16T19:00:00Z,draftkings,1.47,4.5,7.0,h2h,0.6802721088435374,0.2222222222222222,0.14285714285714285,0.6507592190889371,0.21258134490238612,0.1366594360086768
73a4fcd14cc9766b9b9bfd50b8ca153a,France,Senegal,2026-06-16T19:00:00Z,winamax_fr,1.43,4.3,6.25,h2h,0.6993006993006994,0.23255813953488372,0.16,0.6404680480917032,0.21299286250491523,0.14653908940338167
73a4fcd14cc9766b9b9bfd50b8ca153a,France,Senegal,2026-06-16T19:00:00Z,betr_au,1.42,4.2,7.5,h2h,0.7042253521126761,0.23809523809523808,0.13333333333333333,0.6546950991395437,0.22134929542336948,0.12395560543708692
73a4fcd14cc9766b9b9bfd50b8ca153a,France,Senegal,2026-06-16T19:00:00Z,betright,1.42,4.1,7.0,h2h,0.7042253521126761,0.24390243902439027,0.14285714285714285,0.645495029463362,0.22356169313121316,0.13094327740542483
73a4fcd14cc9766b9b9bfd50b8ca153a,France,Senegal,2026-06-16T19:00:00Z,betrivers,1.45,4.4,7.0,h2h,0.6896551724137931,0.22727272727272727,0.14285714285714285,0.6507500528206213,0.21445172195225015,0.13479822522712867
73a4fcd14cc9766b9b9bfd50b8ca153a,France,Senegal,2026-06-16T19:00:00Z,betsson,1.49,4.3,7.7,h2h,0.6711409395973155,0.23255813953488372,0.12987012987012986,0.6493430084330262,0.22500490292214162,0.12565208864483232
73a4fcd14cc9766b9b9bfd50b8ca153a,France,Senegal,2026-06-16T19:00:00Z,gtbets,1.47,4.34,7.06,h2h,0.6802721088435374,0.2304147465437788,0.141643059490085,0.6464437618147447,0.21895675803402645,0.13459948015122872
73a4fcd14cc9766b9b9bfd50b8ca153a,France,Senegal,2026-06-16T19:00:00Z,nordicbet,1.49,4.3,7.7,h2h,0.6711409395973155,0.23255813953488372,0.12987012987012986,0.6493430084330262,0.22500490292214162,0.12565208864483232
73a4fcd14cc9766b9b9bfd50b8ca153a,France,Senegal,2026-06-16T19:00:00Z,betclic_fr,1.46,4.8,7.25,h2h,0.684931506849315,0.20833333333333334,0.13793103448275862,0.6642108678640276,0.20203080564197506,0.13375832649399727
73a4fcd14cc9766b9b9bfd50b8ca153a,France,Senegal,2026-06-16T19:00:00Z,betfred_uk,1.44,4.2,7.5,h2h,0.6944444444444444,0.23809523809523808,0.13333333333333333,0.6515264333581534,0.22338049143708116,0.12509307520476545
73a4fcd14cc9766b9b9bfd50b8ca153a,France,Senegal,2026-06-16T19:00:00Z,onexbet,1.5,4.4,7.4,h2h,0.6666666666666666,0.22727272727272727,0.13513513513513511,0.6478312773577397,0.22085157182650217,0.13131715081575804
73a4fcd14cc9766b9b9bfd50b8ca153a,France,Senegal,2026-06-16T19:00:00Z,betanysports,1.46,4.35,7.0,h2h,0.684931506849315,0.2298850574712644,0.14285714285714285,0.6475829948320962,0.21734969481720937,0.13506731035069436
73a4fcd14cc9766b9b9bfd50b8ca153a,France,Senegal,2026-06-16T19:00:00Z,codere_it,1.47,4.5,6.8,h2h,0.6802721088435374,0.2222222222222222,0.14705882352941177,0.6481540318993455,0.21173031708711954,0.14011565101353501
73a4fcd14cc9766b9b9bfd50b8ca153a,France,Senegal,2026-06-16T19:00:00Z,winamax_de,1.45,4.5,6.5,h2h,0.6896551724137931,0.2222222222222222,0.15384615384615385,0.6471238938053098,0.20851769911504422,0.144358407079646
73a4fcd14cc9766b9b9bfd50b8ca153a,France,Senegal,2026-06-16T19:00:00Z,tipico_de,1.42,4.6,7.5,h2h,0.7042253521126761,0.2173913043478261,0.13333333333333333,0.6675438257033397,0.2060678766301614,0.12638829766649898
4d4f2b9b78182b557d4fbf8dcf4f4af2,Iraq,Norway,2026-06-16T22:00:00Z,unibet,12.0,6.75,1.19,h2h,0.08333333333333333,0.14814814814814814,0.8403361344537815,0.07774954627949182,0.13822141560798548,0.7840290381125227
4d4f2b9b78182b557d4fbf8dcf4f4af2,Iraq,Norway,2026-06-16T22:00:00Z,smarkets,16.0,7.4,1.23,h2h,0.0625,0.13513513513513511,0.8130081300813008,0.061841801307225074,0.13371200282643256,0.8044461958663424
4d4f2b9b78182b557d4fbf8dcf4f4af2,Iraq,Norway,2026-06-16T22:00:00Z,tabtouch,12.0,6.75,1.19,h2h,0.08333333333333333,0.14814814814814814,0.8403361344537815,0.07774954627949182,0.13822141560798548,0.7840290381125227
4d4f2b9b78182b557d4fbf8dcf4f4af2,Iraq,Norway,2026-06-16T22:00:00Z,casumo,13.0,7.0,1.21,h2h,0.07692307692307693,0.14285714285714285,0.8264462809917356,0.07352430555555556,0.1365451388888889,0.7899305555555556
4d4f2b9b78182b557d4fbf8dcf4f4af2,Iraq,Norway,2026-06-16T22:00:00Z,unibet_uk,14.0,6.5,1.19,h2h,0.07142857142857142,0.15384615384615385,0.8403361344537815,0.06703063390961479,0.14437367303609341,0.7885956930542918
4d4f2b9b78182b557d4fbf8dcf4f4af2,Iraq,Norway,2026-06-16T22:00:00Z,grosvenor,12.5,6.75,1.2,h2h,0.08,0.14814814814814814,0.8333333333333334,0.07536636427076064,0.13956734124214934,0.7850662944870901
4d4f2b9b78182b557d4fbf8dcf4f4af2,Iraq,Norway,2026-06-16T22:00:00Z,leovegas,13.0,7.0,1.21,h2h,0.07692307692307693,0.14285714285714285,0.8264462809917356,0.07352430555555556,0.1365451388888889,0.7899305555555556
4d4f2b9b78182b557d4fbf8dcf4f4af2,Iraq,Norway,2026-06-16T22:00:00Z,tab,13.0,5.5,1.22,h2h,0.07692307692307693,0.18181818181818182,0.819672131147541,0.07132986074200064,0.1685978526629106,0.7600722865950887
4d4f2b9b78182b557d4fbf8dcf4f4af2,Iraq,Norway,2026-06-16T22:00:00Z,coolbet,16.0,6.75,1.22,h2h,0.0625,0.14814814814814814,0.819672131147541,0.06066074914367795,0.14378844241464403,0.795550808441678
4d4f2b9b78182b557d4fbf8dcf4f4af2,Iraq,Norway,2026-06-16T22:00:00Z,marathonbet,16.0,7.0,1.21,h2h,0.0625,0.14285714285714285,0.8264462809917356,0.06057355360080097,0.13845383680183077,0.8009726095973682
4d4f2b9b78182b557d4fbf8dcf4f4af2,Iraq,Norway,2026-06-16T22:00:00Z,ladbrokes_uk,12.0,7.0,1.2,h2h,0.08333333333333333,0.14285714285714285,0.8333333333333334,0.07865168539325842,0.1348314606741573,0.7865168539325843
4d4f2b9b78182b557d4fbf8dcf4f4af2,Iraq,Norway,2026-06-16T22:00:00Z,neds,11.5,7.0,1.2,h2h,0.08695652173913043,0.14285714285714285,0.8333333333333334,0.08179162609542356,0.13437195715676728,0.7838364167478091
4d4f2b9b78182b557d4fbf8dcf4f4af2,Iraq,Norway,2026-06-16T22:00:00Z,ladbrokes_au,11.5,7.0,1.2,h2h,0.08695652173913043,0.14285714285714285,0.8333333333333334,0.08179162609542356,0.13437195715676728,0.7838364167478091
4d4f2b9b78182b557d4fbf8dcf4f4af2,Iraq,Norway,2026-06-16T22:00:00Z,pointsbetau,13.0,6.5,1.22,h2h,0.07692307692307693,0.15384615384615385,0.819672131147541,0.07322929171668667,0.14645858343337334,0.78031212484994
4d4f2b9b78182b557d4fbf8dcf4f4af2,Iraq,Norway,2026-06-16T22:00:00Z,coral,12.0,7.0,1.2,h2h,0.08333333333333333,0.14285714285714285,0.8333333333333334,0.07865168539325842,0.1348314606741573,0.7865168539325843
4d4f2b9b78182b557d4fbf8dcf4f4af2,Iraq,Norway,2026-06-16T22:00:00Z,betmgm,12.5,7.0,1.21,h2h,0.08,0.14285714285714285,0.8264462809917356,0.07624105495296819,0.13614474098744317,0.7876142040595887
4d4f2b9b78182b557d4fbf8dcf4f4af2,Iraq,Norway,2026-06-16T22:00:00Z,everygame,13.0,7.0,1.2,h2h,0.07692307692307693,0.14285714285714285,0.8333333333333334,0.07304347826086957,0.13565217391304346,0.7913043478260869
4d4f2b9b78182b557d4fbf8dcf4f4af2,Iraq,Norway,2026-06-16T22:00:00Z,pinnacle,14.19,7.24,1.21,h2h,0.07047216349541931,0.13812154696132597,0.8264462809917356,0.06808641605895578,0.1334456137951081,0.7984679701459361
4d4f2b9b78182b557d4fbf8dcf4f4af2,Iraq,Norway,2026-06-16T22:00:00Z,betonlineag,13.5,7.15,1.22,h2h,0.07407407407407407,0.13986013986013984,0.819672131147541,0.07166565339555366,0.13531277214545093,0.7930215744589953
4d4f2b9b78182b557d4fbf8dcf4f4af2,Iraq,Norway,2026-06-16T22:00:00Z,sportsbet,14.0,6.5,1.18,h2h,0.07142857142857142,0.15384615384615385,0.8474576271186441,0.06658564111468009,0.14341522701623405,0.7899991318690859
4d4f2b9b78182b557d4fbf8dcf4f4af2,Iraq,Norway,2026-06-16T22:00:00Z,fanduel,15.0,6.5,1.18,h2h,0.06666666666666667,0.15384615384615385,0.8474576271186441,0.06242369984536501,0.14405469195084236,0.7935216082037927
4d4f2b9b78182b557d4fbf8dcf4f4af2,Iraq,Norway,2026-06-16T22:00:00Z,skybet,12.0,7.0,1.2,h2h,0.08333333333333333,0.14285714285714285,0.8333333333333334,0.07865168539325842,0.1348314606741573,0.7865168539325843
4d4f2b9b78182b557d4fbf8dcf4f4af2,Iraq,Norway,2026-06-16T22:00:00Z,paddypower,14.0,6.5,1.18,h2h,0.07142857142857142,0.15384615384615385,0.8474576271186441,0.06658564111468009,0.14341522701623405,0.7899991318690859
4d4f2b9b78182b557d4fbf8dcf4f4af2,Iraq,Norway,2026-06-16T22:00:00Z,betfair_ex_uk,16.5,7.4,1.23,h2h,0.06060606060606061,0.13513513513513511,0.8130081300813008,0.06008039763163628,0.13396304877324303,0.8059565535951208
4d4f2b9b78182b557d4fbf8dcf4f4af2,Iraq,Norway,2026-06-16T22:00:00Z,betfair_ex_au,16.5,7.4,1.23,h2h,0.06060606060606061,0.13513513513513511,0.8130081300813008,0.06008039763163628,0.13396304877324303,0.8059565535951208
4d4f2b9b78182b557d4fbf8dcf4f4af2,Iraq,Norway,2026-06-16T22:00:00Z,betfair_ex_eu,16.5,7.4,1.23,h2h,0.06060606060606061,0.13513513513513511,0.8130081300813008,0.06008039763163628,0.13396304877324303,0.8059565535951208
4d4f2b9b78182b557d4fbf8dcf4f4af2,Iraq,Norway,2026-06-16T22:00:00Z,bovada,13.0,7.0,1.2,h2h,0.07692307692307693,0.14285714285714285,0.8333333333333334,0.07304347826086957,0.13565217391304346,0.7913043478260869
4d4f2b9b78182b557d4fbf8dcf4f4af2,Iraq,Norway,2026-06-16T22:00:00Z,betway,11.0,6.5,1.2,h2h,0.09090909090909091,0.15384615384615385,0.8333333333333334,0.08432432432432432,0.14270270270270272,0.7729729729729731
4d4f2b9b78182b557d4fbf8dcf4f4af2,Iraq,Norway,2026-06-16T22:00:00Z,pmu_fr,13.0,7.0,1.21,h2h,0.07692307692307693,0.14285714285714285,0.8264462809917356,0.07352430555555556,0.1365451388888889,0.7899305555555556
4d4f2b9b78182b557d4fbf8dcf4f4af2,Iraq,Norway,2026-06-16T22:00:00Z,unibet_fr,14.0,6.8,1.19,h2h,0.07142857142857142,0.14705882352941177,0.8403361344537815,0.06746031746031746,0.1388888888888889,0.7936507936507936
4d4f2b9b78182b557d4fbf8dcf4f4af2,Iraq,Norway,2026-06-16T22:00:00Z,leovegas_se,13.0,7.0,1.21,h2h,0.07692307692307693,0.14285714285714285,0.8264462809917356,0.07352430555555556,0.1365451388888889,0.7899305555555556
4d4f2b9b78182b557d4fbf8dcf4f4af2,Iraq,Norway,2026-06-16T22:00:00Z,unibet_se,14.0,7.0,1.21,h2h,0.07142857142857142,0.14285714285714285,0.8264462809917356,0.06863301191151445,0.1372660238230289,0.7941009642654566
4d4f2b9b78182b557d4fbf8dcf4f4af2,Iraq,Norway,2026-06-16T22:00:00Z,unibet_nl,14.0,7.0,1.21,h2h,0.07142857142857142,0.14285714285714285,0.8264462809917356,0.06863301191151445,0.1372660238230289,0.7941009642654566
4d4f2b9b78182b557d4fbf8dcf4f4af2,Iraq,Norway,2026-06-16T22:00:00Z,boylesports,13.0,6.0,1.2,h2h,0.07692307692307693,0.16666666666666666,0.8333333333333334,0.07142857142857144,0.15476190476190477,0.7738095238095238
4d4f2b9b78182b557d4fbf8dcf4f4af2,Iraq,Norway,2026-06-16T22:00:00Z,mybookieag,12.5,6.3,1.19,h2h,0.08,0.15873015873015872,0.8403361344537815,0.07413816973556693,0.14709954312612486,0.7787622871383081
4d4f2b9b78182b557d4fbf8dcf4f4af2,Iraq,Norway,2026-06-16T22:00:00Z,draftkings,13.0,7.0,1.21,h2h,0.07692307692307693,0.14285714285714285,0.8264462809917356,0.07352430555555556,0.1365451388888889,0.7899305555555556
4d4f2b9b78182b557d4fbf8dcf4f4af2,Iraq,Norway,2026-06-16T22:00:00Z,winamax_fr,10.5,6.5,1.19,h2h,0.09523809523809523,0.15384615384615385,0.8403361344537815,0.08742088607594935,0.14121835443037975,0.7713607594936708
4d4f2b9b78182b557d4fbf8dcf4f4af2,Iraq,Norway,2026-06-16T22:00:00Z,betr_au,13.0,6.25,1.2,h2h,0.07692307692307693,0.16,0.8333333333333334,0.07187350263536177,0.14949688548155246,0.7786296118830858
4d4f2b9b78182b557d4fbf8dcf4f4af2,Iraq,Norway,2026-06-16T22:00:00Z,betright,12.0,6.0,1.19,h2h,0.08333333333333333,0.16666666666666666,0.8403361344537815,0.0764290301862556,0.1528580603725112,0.770712909441233
4d4f2b9b78182b557d4fbf8dcf4f4af2,Iraq,Norway,2026-06-16T22:00:00Z,betrivers,13.0,7.0,1.21,h2h,0.07692307692307693,0.14285714285714285,0.8264462809917356,0.07352430555555556,0.1365451388888889,0.7899305555555556
4d4f2b9b78182b557d4fbf8dcf4f4af2,Iraq,Norway,2026-06-16T22:00:00Z,betsson,17.5,5.95,1.23,h2h,0.05714285714285714,0.1680672268907563,0.8130081300813008,0.05503935142533758,0.1618804453686399,0.7830802032060225
4d4f2b9b78182b557d4fbf8dcf4f4af2,Iraq,Norway,2026-06-16T22:00:00Z,gtbets,13.7,6.58,1.25,h2h,0.07299270072992702,0.1519756838905775,0.8,0.07121458751818245,0.1482735332825379,0.7805118791992796
4d4f2b9b78182b557d4fbf8dcf4f4af2,Iraq,Norway,2026-06-16T22:00:00Z,nordicbet,17.5,5.95,1.23,h2h,0.05714285714285714,0.1680672268907563,0.8130081300813008,0.05503935142533758,0.1618804453686399,0.7830802032060225
4d4f2b9b78182b557d4fbf8dcf4f4af2,Iraq,Norway,2026-06-16T22:00:00Z,betclic_fr,13.75,6.75,1.19,h2h,0.07272727272727272,0.14814814814814814,0.8403361344537815,0.06853230382014804,0.13960284111511637,0.7918648550647357
4d4f2b9b78182b557d4fbf8dcf4f4af2,Iraq,Norway,2026-06-16T22:00:00Z,betfred_uk,13.0,6.5,1.2,h2h,0.07692307692307693,0.15384615384615385,0.8333333333333334,0.07228915662650603,0.14457831325301207,0.783132530120482
4d4f2b9b78182b557d4fbf8dcf4f4af2,Iraq,Norway,2026-06-16T22:00:00Z,onexbet,15.0,7.0,1.22,h2h,0.06666666666666667,0.14285714285714285,0.819672131147541,0.06477548543689321,0.13880461165048544,0.7964199029126214
4d4f2b9b78182b557d4fbf8dcf4f4af2,Iraq,Norway,2026-06-16T22:00:00Z,sport888,13.0,6.0,1.2,h2h,0.07692307692307693,0.16666666666666666,0.8333333333333334,0.07142857142857144,0.15476190476190477,0.7738095238095238
4d4f2b9b78182b557d4fbf8dcf4f4af2,Iraq,Norway,2026-06-16T22:00:00Z,williamhill,13.0,6.0,1.2,h2h,0.07692307692307693,0.16666666666666666,0.8333333333333334,0.07142857142857144,0.15476190476190477,0.7738095238095238
4d4f2b9b78182b557d4fbf8dcf4f4af2,Iraq,Norway,2026-06-16T22:00:00Z,betanysports,13.0,7.0,1.2,h2h,0.07692307692307693,0.14285714285714285,0.8333333333333334,0.07304347826086957,0.13565217391304346,0.7913043478260869
4d4f2b9b78182b557d4fbf8dcf4f4af2,Iraq,Norway,2026-06-16T22:00:00Z,codere_it,14.0,6.8,1.21,h2h,0.07142857142857142,0.14705882352941177,0.8264462809917356,0.06835703841552572,0.14073507909078825,0.790907882493686
4d4f2b9b78182b557d4fbf8dcf4f4af2,Iraq,Norway,2026-06-16T22:00:00Z,winamax_de,11.0,6.75,1.21,h2h,0.09090909090909091,0.14814814814814814,0.8264462809917356,0.08532031025567366,0.13904050560183853,0.7756391841424878
4d4f2b9b78182b557d4fbf8dcf4f4af2,Iraq,Norway,2026-06-16T22:00:00Z,tipico_de,16.0,6.8,1.18,h2h,0.0625,0.14705882352941177,0.8474576271186441,0.059128691858751393,0.1391263337852974,0.8017449743559512
f31b2ee9e1cc6f7e641467f8237eaa21,Argentina,Algeria,2026-06-17T01:00:00Z,sportsbet,1.36,4.6,8.5,h2h,0.7352941176470588,0.2173913043478261,0.11764705882352941,0.6869772998805257,0.20310633213859022,0.10991636798088411
f31b2ee9e1cc6f7e641467f8237eaa21,Argentina,Algeria,2026-06-17T01:00:00Z,betmgm,1.4,4.5,7.75,h2h,0.7142857142857143,0.2222222222222222,0.12903225806451613,0.6703507928880346,0.20855358000961072,0.12109562710235462
f31b2ee9e1cc6f7e641467f8237eaa21,Argentina,Algeria,2026-06-17T01:00:00Z,fanduel,1.38,4.6,9.0,h2h,0.7246376811594204,0.2173913043478261,0.1111111111111111,0.6880733944954128,0.20642201834862384,0.10550458715596327
f31b2ee9e1cc6f7e641467f8237eaa21,Argentina,Algeria,2026-06-17T01:00:00Z,paddypower,1.36,4.5,8.5,h2h,0.7352941176470588,0.2222222222222222,0.11764705882352941,0.6838905775075987,0.2066869300911854,0.1094224924012158
f31b2ee9e1cc6f7e641467f8237eaa21,Argentina,Algeria,2026-06-17T01:00:00Z,skybet,1.36,4.5,8.5,h2h,0.7352941176470588,0.2222222222222222,0.11764705882352941,0.6838905775075987,0.2066869300911854,0.1094224924012158
f31b2ee9e1cc6f7e641467f8237eaa21,Argentina,Algeria,2026-06-17T01:00:00Z,marathonbet,1.42,4.55,9.3,h2h,0.7042253521126761,0.21978021978021978,0.1075268817204301,0.6826982027040109,0.21306185666806493,0.10423994062792423
f31b2ee9e1cc6f7e641467f8237eaa21,Argentina,Algeria,2026-06-17T01:00:00Z,pinnacle,1.41,4.57,9.07,h2h,0.7092198581560284,0.2188183807439825,0.11025358324145534,0.6830640895285774,0.21074843900115847,0.10618747147026397
f31b2ee9e1cc6f7e641467f8237eaa21,Argentina,Algeria,2026-06-17T01:00:00Z,grosvenor,1.36,4.5,8.5,h2h,0.7352941176470588,0.2222222222222222,0.11764705882352941,0.6838905775075987,0.2066869300911854,0.1094224924012158
f31b2ee9e1cc6f7e641467f8237eaa21,Argentina,Algeria,2026-06-17T01:00:00Z,betfair_ex_eu,1.43,4.9,9.6,h2h,0.6993006993006994,0.2040816326530612,0.10416666666666667,0.6940612320177056,0.2025525636296569,0.10338620435263739
f31b2ee9e1cc6f7e641467f8237eaa21,Argentina,Algeria,2026-06-17T01:00:00Z,betfair_ex_uk,1.43,4.9,9.6,h2h,0.6993006993006994,0.2040816326530612,0.10416666666666667,0.6940612320177056,0.2025525636296569,0.10338620435263739
f31b2ee9e1cc6f7e641467f8237eaa21,Argentina,Algeria,2026-06-17T01:00:00Z,betfair_ex_au,1.43,4.9,9.6,h2h,0.6993006993006994,0.2040816326530612,0.10416666666666667,0.6940612320177056,0.2025525636296569,0.10338620435263739
f31b2ee9e1cc6f7e641467f8237eaa21,Argentina,Algeria,2026-06-17T01:00:00Z,everygame,1.4,4.5,9.0,h2h,0.7142857142857143,0.2222222222222222,0.1111111111111111,0.6818181818181818,0.2121212121212121,0.10606060606060605
f31b2ee9e1cc6f7e641467f8237eaa21,Argentina,Algeria,2026-06-17T01:00:00Z,pointsbetau,1.36,4.5,8.5,h2h,0.7352941176470588,0.2222222222222222,0.11764705882352941,0.6838905775075987,0.2066869300911854,0.1094224924012158
f31b2ee9e1cc6f7e641467f8237eaa21,Argentina,Algeria,2026-06-17T01:00:00Z,unibet_fr,1.38,4.7,8.2,h2h,0.7246376811594204,0.2127659574468085,0.12195121951219513,0.6840367754073339,0.20084484043874906,0.11511838415391715
f31b2ee9e1cc6f7e641467f8237eaa21,Argentina,Algeria,2026-06-17T01:00:00Z,bovada,1.39,4.5,8.75,h2h,0.7194244604316548,0.2222222222222222,0.11428571428571428,0.6813167798589782,0.21045118311199548,0.10823203702902624
f31b2ee9e1cc6f7e641467f8237eaa21,Argentina,Algeria,2026-06-17T01:00:00Z,tabtouch,1.36,4.5,8.5,h2h,0.7352941176470588,0.2222222222222222,0.11764705882352941,0.6838905775075987,0.2066869300911854,0.1094224924012158
f31b2ee9e1cc6f7e641467f8237eaa21,Argentina,Algeria,2026-06-17T01:00:00Z,tab,1.4,4.25,8.5,h2h,0.7142857142857143,0.23529411764705882,0.11764705882352941,0.6692913385826772,0.2204724409448819,0.11023622047244094
f31b2ee9e1cc6f7e641467f8237eaa21,Argentina,Algeria,2026-06-17T01:00:00Z,smarkets,1.42,4.8,9.6,h2h,0.7042253521126761,0.20833333333333334,0.10416666666666667,0.6926406926406926,0.20490620490620487,0.10245310245310243
f31b2ee9e1cc6f7e641467f8237eaa21,Argentina,Algeria,2026-06-17T01:00:00Z,casumo,1.38,4.6,9.0,h2h,0.7246376811594204,0.2173913043478261,0.1111111111111111,0.6880733944954128,0.20642201834862384,0.10550458715596327
f31b2ee9e1cc6f7e641467f8237eaa21,Argentina,Algeria,2026-06-17T01:00:00Z,coolbet,1.4,4.75,9.5,h2h,0.7142857142857143,0.21052631578947367,0.10526315789473684,0.6934306569343066,0.20437956204379562,0.10218978102189781
f31b2ee9e1cc6f7e641467f8237eaa21,Argentina,Algeria,2026-06-17T01:00:00Z,coral,1.4,4.5,8.0,h2h,0.7142857142857143,0.2222222222222222,0.125,0.6728971962616822,0.20934579439252335,0.11775700934579439
f31b2ee9e1cc6f7e641467f8237eaa21,Argentina,Algeria,2026-06-17T01:00:00Z,ladbrokes_uk,1.4,4.5,8.0,h2h,0.7142857142857143,0.2222222222222222,0.125,0.6728971962616822,0.20934579439252335,0.11775700934579439
f31b2ee9e1cc6f7e641467f8237eaa21,Argentina,Algeria,2026-06-17T01:00:00Z,betway,1.38,4.5,8.0,h2h,0.7246376811594204,0.2222222222222222,0.125,0.676056338028169,0.20732394366197177,0.11661971830985914
f31b2ee9e1cc6f7e641467f8237eaa21,Argentina,Algeria,2026-06-17T01:00:00Z,sport888,1.4,4.0,8.0,h2h,0.7142857142857143,0.25,0.125,0.6557377049180327,0.22950819672131145,0.11475409836065573
f31b2ee9e1cc6f7e641467f8237eaa21,Argentina,Algeria,2026-06-17T01:00:00Z,williamhill,1.4,4.2,8.0,h2h,0.7142857142857143,0.23809523809523808,0.125,0.6629834254143647,0.22099447513812154,0.11602209944751382
f31b2ee9e1cc6f7e641467f8237eaa21,Argentina,Algeria,2026-06-17T01:00:00Z,unibet_nl,1.4,4.75,9.5,h2h,0.7142857142857143,0.21052631578947367,0.10526315789473684,0.6934306569343066,0.20437956204379562,0.10218978102189781
f31b2ee9e1cc6f7e641467f8237eaa21,Argentina,Algeria,2026-06-17T01:00:00Z,unibet_uk,1.37,4.5,8.0,h2h,0.7299270072992701,0.2222222222222222,0.125,0.6776470588235294,0.20630588235294114,0.1160470588235294
f31b2ee9e1cc6f7e641467f8237eaa21,Argentina,Algeria,2026-06-17T01:00:00Z,leovegas_se,1.38,4.6,9.0,h2h,0.7246376811594204,0.2173913043478261,0.1111111111111111,0.6880733944954128,0.20642201834862384,0.10550458715596327
f31b2ee9e1cc6f7e641467f8237eaa21,Argentina,Algeria,2026-06-17T01:00:00Z,ladbrokes_au,1.4,4.5,8.0,h2h,0.7142857142857143,0.2222222222222222,0.125,0.6728971962616822,0.20934579439252335,0.11775700934579439
f31b2ee9e1cc6f7e641467f8237eaa21,Argentina,Algeria,2026-06-17T01:00:00Z,leovegas,1.38,4.6,9.0,h2h,0.7246376811594204,0.2173913043478261,0.1111111111111111,0.6880733944954128,0.20642201834862384,0.10550458715596327
f31b2ee9e1cc6f7e641467f8237eaa21,Argentina,Algeria,2026-06-17T01:00:00Z,neds,1.4,4.5,8.0,h2h,0.7142857142857143,0.2222222222222222,0.125,0.6728971962616822,0.20934579439252335,0.11775700934579439
f31b2ee9e1cc6f7e641467f8237eaa21,Argentina,Algeria,2026-06-17T01:00:00Z,unibet_se,1.38,4.75,9.5,h2h,0.7246376811594204,0.21052631578947367,0.10526315789473684,0.6964809384164222,0.20234604105571843,0.10117302052785922
f31b2ee9e1cc6f7e641467f8237eaa21,Argentina,Algeria,2026-06-17T01:00:00Z,unibet,1.36,4.5,8.5,h2h,0.7352941176470588,0.2222222222222222,0.11764705882352941,0.6838905775075987,0.2066869300911854,0.1094224924012158
f31b2ee9e1cc6f7e641467f8237eaa21,Argentina,Algeria,2026-06-17T01:00:00Z,betonlineag,1.4,4.8,8.75,h2h,0.7142857142857143,0.20833333333333334,0.11428571428571428,0.6888633754305395,0.20091848450057403,0.11021814006888632
f31b2ee9e1cc6f7e641467f8237eaa21,Argentina,Algeria,2026-06-17T01:00:00Z,pmu_fr,1.38,4.6,9.0,h2h,0.7246376811594204,0.2173913043478261,0.1111111111111111,0.6880733944954128,0.20642201834862384,0.10550458715596327
f31b2ee9e1cc6f7e641467f8237eaa21,Argentina,Algeria,2026-06-17T01:00:00Z,boylesports,1.36,4.33,8.5,h2h,0.7352941176470588,0.23094688221709006,0.11764705882352941,0.6783856614651876,0.2130726327003823,0.10854170583443004
f31b2ee9e1cc6f7e641467f8237eaa21,Argentina,Algeria,2026-06-17T01:00:00Z,mybookieag,1.38,4.5,7.8,h2h,0.7246376811594204,0.2222222222222222,0.12820512820512822,0.6740407881092292,0.20670584168683023,0.11925337020394054
f31b2ee9e1cc6f7e641467f8237eaa21,Argentina,Algeria,2026-06-17T01:00:00Z,draftkings,1.42,4.5,8.5,h2h,0.7042253521126761,0.2222222222222222,0.11764705882352941,0.6744842179509787,0.21283724210897545,0.11267853994004584
f31b2ee9e1cc6f7e641467f8237eaa21,Argentina,Algeria,2026-06-17T01:00:00Z,winamax_fr,1.38,4.5,7.25,h2h,0.7246376811594204,0.2222222222222222,0.13793103448275862,0.6679975429975431,0.20485257985257985,0.12714987714987713
f31b2ee9e1cc6f7e641467f8237eaa21,Argentina,Algeria,2026-06-17T01:00:00Z,winamax_de,1.39,4.6,7.5,h2h,0.7194244604316548,0.2173913043478261,0.13333333333333333,0.6722656326117034,0.20314113681092774,0.124593230577369
f31b2ee9e1cc6f7e641467f8237eaa21,Argentina,Algeria,2026-06-17T01:00:00Z,betr_au,1.4,4.33,8.5,h2h,0.7142857142857143,0.23094688221709006,0.11764705882352941,0.6720287764529735,0.21728413095477203,0.11068709259225445
f31b2ee9e1cc6f7e641467f8237eaa21,Argentina,Algeria,2026-06-17T01:00:00Z,betright,1.36,4.25,8.5,h2h,0.7352941176470588,0.23529411764705882,0.11764705882352941,0.6756756756756757,0.21621621621621623,0.10810810810810811
f31b2ee9e1cc6f7e641467f8237eaa21,Argentina,Algeria,2026-06-17T01:00:00Z,betrivers,1.38,4.6,9.0,h2h,0.7246376811594204,0.2173913043478261,0.1111111111111111,0.6880733944954128,0.20642201834862384,0.10550458715596327
f31b2ee9e1cc6f7e641467f8237eaa21,Argentina,Algeria,2026-06-17T01:00:00Z,betsson,1.42,4.45,9.1,h2h,0.7042253521126761,0.2247191011235955,0.10989010989010989,0.6778994241328512,0.21631846792553902,0.10578210794160973
f31b2ee9e1cc6f7e641467f8237eaa21,Argentina,Algeria,2026-06-17T01:00:00Z,gtbets,1.43,4.46,8.46,h2h,0.6993006993006994,0.2242152466367713,0.11820330969267138,0.6712947807398341,0.21523577050626966,0.1134694487538963
f31b2ee9e1cc6f7e641467f8237eaa21,Argentina,Algeria,2026-06-17T01:00:00Z,tipico_de,1.37,4.8,8.5,h2h,0.7299270072992701,0.20833333333333334,0.11764705882352941,0.6912793751376629,0.19730265498720795,0.1114179698751292
f31b2ee9e1cc6f7e641467f8237eaa21,Argentina,Algeria,2026-06-17T01:00:00Z,nordicbet,1.42,4.45,9.1,h2h,0.7042253521126761,0.2247191011235955,0.10989010989010989,0.6778994241328512,0.21631846792553902,0.10578210794160973
f31b2ee9e1cc6f7e641467f8237eaa21,Argentina,Algeria,2026-06-17T01:00:00Z,betclic_fr,1.38,4.7,8.25,h2h,0.7246376811594204,0.2127659574468085,0.12121212121212122,0.6845143522931894,0.2009850651414045,0.1145005825654062
f31b2ee9e1cc6f7e641467f8237eaa21,Argentina,Algeria,2026-06-17T01:00:00Z,betfred_uk,1.36,4.5,9.0,h2h,0.7352941176470588,0.2222222222222222,0.1111111111111111,0.6880733944954128,0.20795107033639143,0.10397553516819572
f31b2ee9e1cc6f7e641467f8237eaa21,Argentina,Algeria,2026-06-17T01:00:00Z,codere_it,1.4,4.7,8.2,h2h,0.7142857142857143,0.2127659574468085,0.12195121951219513,0.6809187279151943,0.2028268551236749,0.11625441696113074
f31b2ee9e1cc6f7e641467f8237eaa21,Argentina,Algeria,2026-06-17T01:00:00Z,onexbet,1.43,4.55,9.2,h2h,0.6993006993006994,0.21978021978021978,0.10869565217391305,0.6804014791336503,0.2138404648705758,0.10575805599577391
f31b2ee9e1cc6f7e641467f8237eaa21,Argentina,Algeria,2026-06-17T01:00:00Z,betanysports,1.39,4.5,8.75,h2h,0.7194244604316548,0.2222222222222222,0.11428571428571428,0.6813167798589782,0.21045118311199548,0.10823203702902624
25161cf6cf0cd9be17ae2e7e224a1f45,Austria,Jordan,2026-06-17T04:00:00Z,unibet,1.28,5.5,9.5,h2h,0.78125,0.18181818181818182,0.10526315789473684,0.7312806158152553,0.17018894331700488,0.09853044086773965
25161cf6cf0cd9be17ae2e7e224a1f45,Austria,Jordan,2026-06-17T04:00:00Z,casumo,1.3,5.6,9.5,h2h,0.7692307692307692,0.17857142857142858,0.10526315789473684,0.7304682136482218,0.16957297816833722,0.09995880818344088
25161cf6cf0cd9be17ae2e7e224a1f45,Austria,Jordan,2026-06-17T04:00:00Z,leovegas,1.3,5.6,9.5,h2h,0.7692307692307692,0.17857142857142858,0.10526315789473684,0.7304682136482218,0.16957297816833722,0.09995880818344088
25161cf6cf0cd9be17ae2e7e224a1f45,Austria,Jordan,2026-06-17T04:00:00Z,unibet_nl,1.3,5.8,10.0,h2h,0.7692307692307692,0.1724137931034483,0.1,0.7384772090654443,0.16552075375604788,0.09600203717850778
25161cf6cf0cd9be17ae2e7e224a1f45,Austria,Jordan,2026-06-17T04:00:00Z,pmu_fr,1.3,5.6,9.5,h2h,0.7692307692307692,0.17857142857142858,0.10526315789473684,0.7304682136482218,0.16957297816833722,0.09995880818344088
25161cf6cf0cd9be17ae2e7e224a1f45,Austria,Jordan,2026-06-17T04:00:00Z,unibet_se,1.3,5.8,10.0,h2h,0.7692307692307692,0.1724137931034483,0.1,0.7384772090654443,0.16552075375604788,0.09600203717850778
25161cf6cf0cd9be17ae2e7e224a1f45,Austria,Jordan,2026-06-17T04:00:00Z,leovegas_se,1.3,5.6,9.5,h2h,0.7692307692307692,0.17857142857142858,0.10526315789473684,0.7304682136482218,0.16957297816833722,0.09995880818344088
25161cf6cf0cd9be17ae2e7e224a1f45,Austria,Jordan,2026-06-17T04:00:00Z,grosvenor,1.29,5.5,9.5,h2h,0.7751937984496123,0.18181818181818182,0.10526315789473684,0.7297486033519555,0.171159217877095,0.09909217877094974
25161cf6cf0cd9be17ae2e7e224a1f45,Austria,Jordan,2026-06-17T04:00:00Z,tabtouch,1.28,5.5,9.5,h2h,0.78125,0.18181818181818182,0.10526315789473684,0.7312806158152553,0.17018894331700488,0.09853044086773965
25161cf6cf0cd9be17ae2e7e224a1f45,Austria,Jordan,2026-06-17T04:00:00Z,pinnacle,1.33,5.59,9.42,h2h,0.7518796992481203,0.17889087656529518,0.10615711252653928,0.7251033101949709,0.17252010779236338,0.10237658201266575
25161cf6cf0cd9be17ae2e7e224a1f45,Austria,Jordan,2026-06-17T04:00:00Z,sport888,1.3,5.0,9.0,h2h,0.7692307692307692,0.2,0.1111111111111111,0.7120253164556962,0.18512658227848103,0.10284810126582279
25161cf6cf0cd9be17ae2e7e224a1f45,Austria,Jordan,2026-06-17T04:00:00Z,coolbet,1.32,5.5,11.0,h2h,0.7575757575757576,0.18181818181818182,0.09090909090909091,0.7352941176470589,0.17647058823529413,0.08823529411764706
25161cf6cf0cd9be17ae2e7e224a1f45,Austria,Jordan,2026-06-17T04:00:00Z,betfair_ex_eu,1.36,5.9,10.0,h2h,0.7352941176470588,0.1694915254237288,0.1,0.7317920222266323,0.16868426275054574,0.099523715022822
25161cf6cf0cd9be17ae2e7e224a1f45,Austria,Jordan,2026-06-17T04:00:00Z,smarkets,1.36,5.8,10.0,h2h,0.7352941176470588,0.1724137931034483,0.1,0.7296698872785828,0.1710950080515298,0.09923510466988728
25161cf6cf0cd9be17ae2e7e224a1f45,Austria,Jordan,2026-06-17T04:00:00Z,tab,1.35,4.5,9.0,h2h,0.7407407407407407,0.2222222222222222,0.1111111111111111,0.6896551724137931,0.20689655172413793,0.10344827586206896
25161cf6cf0cd9be17ae2e7e224a1f45,Austria,Jordan,2026-06-17T04:00:00Z,sportsbet,1.3,5.5,9.0,h2h,0.7692307692307692,0.18181818181818182,0.1111111111111111,0.7242136064374541,0.1711777615215801,0.10460863204096561
25161cf6cf0cd9be17ae2e7e224a1f45,Austria,Jordan,2026-06-17T04:00:00Z,pointsbetau,1.29,5.25,9.5,h2h,0.7751937984496123,0.19047619047619047,0.10526315789473684,0.7238489169478611,0.177860019592903,0.09829106345923588
25161cf6cf0cd9be17ae2e7e224a1f45,Austria,Jordan,2026-06-17T04:00:00Z,betfair_ex_uk,1.36,5.9,10.0,h2h,0.7352941176470588,0.1694915254237288,0.1,0.7317920222266323,0.16868426275054574,0.099523715022822
25161cf6cf0cd9be17ae2e7e224a1f45,Austria,Jordan,2026-06-17T04:00:00Z,coral,1.33,5.25,8.5,h2h,0.7518796992481203,0.19047619047619047,0.11764705882352941,0.7093184979137691,0.17969401947148816,0.1109874826147427
25161cf6cf0cd9be17ae2e7e224a1f45,Austria,Jordan,2026-06-17T04:00:00Z,unibet_fr,1.3,5.6,9.0,h2h,0.7692307692307692,0.17857142857142858,0.1111111111111111,0.7264341308734504,0.16863649466705102,0.1049293744594984
25161cf6cf0cd9be17ae2e7e224a1f45,Austria,Jordan,2026-06-17T04:00:00Z,betonlineag,1.33,5.64,9.5,h2h,0.7518796992481203,0.1773049645390071,0.10526315789473684,0.7268415897726687,0.1714005876591577,0.10175782256817362
25161cf6cf0cd9be17ae2e7e224a1f45,Austria,Jordan,2026-06-17T04:00:00Z,betfair_ex_au,1.36,5.9,10.0,h2h,0.7352941176470588,0.1694915254237288,0.1,0.7317920222266323,0.16868426275054574,0.099523715022822
25161cf6cf0cd9be17ae2e7e224a1f45,Austria,Jordan,2026-06-17T04:00:00Z,ladbrokes_uk,1.33,5.25,8.5,h2h,0.7518796992481203,0.19047619047619047,0.11764705882352941,0.7093184979137691,0.17969401947148816,0.1109874826147427
25161cf6cf0cd9be17ae2e7e224a1f45,Austria,Jordan,2026-06-17T04:00:00Z,neds,1.33,5.2,8.5,h2h,0.7518796992481203,0.1923076923076923,0.11764705882352941,0.7080950321206004,0.1811089216769997,0.11079604620239984
25161cf6cf0cd9be17ae2e7e224a1f45,Austria,Jordan,2026-06-17T04:00:00Z,ladbrokes_au,1.33,5.2,8.5,h2h,0.7518796992481203,0.1923076923076923,0.11764705882352941,0.7080950321206004,0.1811089216769997,0.11079604620239984
25161cf6cf0cd9be17ae2e7e224a1f45,Austria,Jordan,2026-06-17T04:00:00Z,unibet_uk,1.3,5.25,9.0,h2h,0.7692307692307692,0.19047619047619047,0.1111111111111111,0.718358038768529,0.17787913340935005,0.10376282782212086
25161cf6cf0cd9be17ae2e7e224a1f45,Austria,Jordan,2026-06-17T04:00:00Z,betway,1.3,5.25,8.0,h2h,0.7692307692307692,0.19047619047619047,0.125,0.7091599831152385,0.17560151962853526,0.11523849725622626
25161cf6cf0cd9be17ae2e7e224a1f45,Austria,Jordan,2026-06-17T04:00:00Z,skybet,1.3,5.25,8.5,h2h,0.7692307692307692,0.19047619047619047,0.11764705882352941,0.714,0.1768,0.1092
25161cf6cf0cd9be17ae2e7e224a1f45,Austria,Jordan,2026-06-17T04:00:00Z,williamhill,1.3,5.0,9.0,h2h,0.7692307692307692,0.2,0.1111111111111111,0.7120253164556962,0.18512658227848103,0.10284810126582279
25161cf6cf0cd9be17ae2e7e224a1f45,Austria,Jordan,2026-06-17T04:00:00Z,betmgm,1.33,5.25,8.5,h2h,0.7518796992481203,0.19047619047619047,0.11764705882352941,0.7093184979137691,0.17969401947148816,0.1109874826147427
25161cf6cf0cd9be17ae2e7e224a1f45,Austria,Jordan,2026-06-17T04:00:00Z,fanduel,1.31,5.6,9.0,h2h,0.7633587786259541,0.17857142857142858,0.1111111111111111,0.7249086672611684,0.16957684894859476,0.10551448379023674
25161cf6cf0cd9be17ae2e7e224a1f45,Austria,Jordan,2026-06-17T04:00:00Z,everygame,1.33,5.5,9.0,h2h,0.7518796992481203,0.18181818181818182,0.1111111111111111,0.7196336410554626,0.17402049865523006,0.10634586028930725
25161cf6cf0cd9be17ae2e7e224a1f45,Austria,Jordan,2026-06-17T04:00:00Z,paddypower,1.3,5.5,9.0,h2h,0.7692307692307692,0.18181818181818182,0.1111111111111111,0.7242136064374541,0.1711777615215801,0.10460863204096561
25161cf6cf0cd9be17ae2e7e224a1f45,Austria,Jordan,2026-06-17T04:00:00Z,marathonbet,1.33,5.5,10.25,h2h,0.7518796992481203,0.18181818181818182,0.0975609756097561,0.7290892043066377,0.17630702576869603,0.09460376992466617
25161cf6cf0cd9be17ae2e7e224a1f45,Austria,Jordan,2026-06-17T04:00:00Z,bovada,1.32,5.45,9.0,h2h,0.7575757575757576,0.18348623853211007,0.1111111111111111,0.7200105689624802,0.1743878809230227,0.10560155011449708
25161cf6cf0cd9be17ae2e7e224a1f45,Austria,Jordan,2026-06-17T04:00:00Z,boylesports,1.3,5.0,9.5,h2h,0.7692307692307692,0.2,0.10526315789473684,0.7159005275056518,0.18613413715146948,0.09796533534287867
25161cf6cf0cd9be17ae2e7e224a1f45,Austria,Jordan,2026-06-17T04:00:00Z,mybookieag,1.29,5.3,8.5,h2h,0.7751937984496123,0.18867924528301888,0.11764705882352941,0.7167631897155221,0.17445745561000447,0.10877935467447336
25161cf6cf0cd9be17ae2e7e224a1f45,Austria,Jordan,2026-06-17T04:00:00Z,draftkings,1.32,5.5,9.0,h2h,0.7575757575757576,0.18181818181818182,0.1111111111111111,0.721153846153846,0.17307692307692307,0.10576923076923075
25161cf6cf0cd9be17ae2e7e224a1f45,Austria,Jordan,2026-06-17T04:00:00Z,winamax_fr,1.29,5.5,7.75,h2h,0.7751937984496123,0.18181818181818182,0.12903225806451613,0.7137773684430863,0.16741323732574206,0.11880939423117179
25161cf6cf0cd9be17ae2e7e224a1f45,Austria,Jordan,2026-06-17T04:00:00Z,betr_au,1.3,5.0,9.75,h2h,0.7692307692307692,0.2,0.10256410256410256,0.7177033492822966,0.18660287081339713,0.09569377990430622
25161cf6cf0cd9be17ae2e7e224a1f45,Austria,Jordan,2026-06-17T04:00:00Z,betright,1.28,4.9,9.5,h2h,0.78125,0.2040816326530612,0.10526315789473684,0.7163522206149394,0.1871287433443107,0.09651903604074973
25161cf6cf0cd9be17ae2e7e224a1f45,Austria,Jordan,2026-06-17T04:00:00Z,betrivers,1.3,5.6,9.5,h2h,0.7692307692307692,0.17857142857142858,0.10526315789473684,0.7304682136482218,0.16957297816833722,0.09995880818344088
25161cf6cf0cd9be17ae2e7e224a1f45,Austria,Jordan,2026-06-17T04:00:00Z,betsson,1.36,4.95,9.9,h2h,0.7352941176470588,0.20202020202020202,0.10101010101010101,0.7081545064377682,0.19456366237482117,0.09728183118741059
25161cf6cf0cd9be17ae2e7e224a1f45,Austria,Jordan,2026-06-17T04:00:00Z,gtbets,1.34,5.41,9.27,h2h,0.7462686567164178,0.18484288354898337,0.10787486515641856,0.7182660454671098,0.17790693177928416,0.10382702275360596
25161cf6cf0cd9be17ae2e7e224a1f45,Austria,Jordan,2026-06-17T04:00:00Z,nordicbet,1.36,4.95,9.9,h2h,0.7352941176470588,0.20202020202020202,0.10101010101010101,0.7081545064377682,0.19456366237482117,0.09728183118741059
25161cf6cf0cd9be17ae2e7e224a1f45,Austria,Jordan,2026-06-17T04:00:00Z,betclic_fr,1.3,5.6,9.0,h2h,0.7692307692307692,0.17857142857142858,0.1111111111111111,0.7264341308734504,0.16863649466705102,0.1049293744594984
25161cf6cf0cd9be17ae2e7e224a1f45,Austria,Jordan,2026-06-17T04:00:00Z,betfred_uk,1.3,5.0,10.0,h2h,0.7692307692307692,0.2,0.1,0.7194244604316546,0.18705035971223022,0.09352517985611511
25161cf6cf0cd9be17ae2e7e224a1f45,Austria,Jordan,2026-06-17T04:00:00Z,onexbet,1.34,5.5,9.9,h2h,0.7462686567164178,0.18181818181818182,0.10101010101010101,0.7251684734837386,0.17667740990331088,0.09815411661295048
25161cf6cf0cd9be17ae2e7e224a1f45,Austria,Jordan,2026-06-17T04:00:00Z,betanysports,1.32,5.45,9.0,h2h,0.7575757575757576,0.18348623853211007,0.1111111111111111,0.7200105689624802,0.1743878809230227,0.10560155011449708
25161cf6cf0cd9be17ae2e7e224a1f45,Austria,Jordan,2026-06-17T04:00:00Z,codere_it,1.32,5.6,9.0,h2h,0.7575757575757576,0.17857142857142858,0.1111111111111111,0.723389596968653,0.1705132621426111,0.10609714088873577
25161cf6cf0cd9be17ae2e7e224a1f45,Austria,Jordan,2026-06-17T04:00:00Z,winamax_de,1.3,5.7,8.0,h2h,0.7692307692307692,0.17543859649122806,0.125,0.7191294748462387,0.16401198549124743,0.11685853966251379
25161cf6cf0cd9be17ae2e7e224a1f45,Austria,Jordan,2026-06-17T04:00:00Z,tipico_de,1.28,5.8,10.0,h2h,0.78125,0.1724137931034483,0.1,0.7414604213540601,0.16363264471262018,0.0949069339333197
6cc871c121a1869b4612d3fb22fa9d55,Portugal,DR Congo,2026-06-17T17:00:00Z,unibet,1.26,5.6,10.5,h2h,0.7936507936507936,0.17857142857142858,0.09523809523809523,0.7434944237918215,0.16728624535315986,0.08921933085501858
6cc871c121a1869b4612d3fb22fa9d55,Portugal,DR Congo,2026-06-17T17:00:00Z,unibet_uk,1.27,5.5,10.5,h2h,0.7874015748031495,0.18181818181818182,0.09523809523809523,0.7397207634174459,0.17080824900730116,0.08947098757525299
6cc871c121a1869b4612d3fb22fa9d55,Portugal,DR Congo,2026-06-17T17:00:00Z,casumo,1.27,5.75,11.0,h2h,0.7874015748031495,0.17391304347826086,0.09090909090909091,0.7483214528675796,0.1652814339377089,0.08639711319471147
6cc871c121a1869b4612d3fb22fa9d55,Portugal,DR Congo,2026-06-17T17:00:00Z,unibet_se,1.27,5.8,12.0,h2h,0.7874015748031495,0.1724137931034483,0.08333333333333333,0.7548315727826822,0.1652820857644839,0.07988634145283387
6cc871c121a1869b4612d3fb22fa9d55,Portugal,DR Congo,2026-06-17T17:00:00Z,leovegas,1.27,5.75,11.0,h2h,0.7874015748031495,0.17391304347826086,0.09090909090909091,0.7483214528675796,0.1652814339377089,0.08639711319471147
6cc871c121a1869b4612d3fb22fa9d55,Portugal,DR Congo,2026-06-17T17:00:00Z,grosvenor,1.26,5.6,10.5,h2h,0.7936507936507936,0.17857142857142858,0.09523809523809523,0.7434944237918215,0.16728624535315986,0.08921933085501858
6cc871c121a1869b4612d3fb22fa9d55,Portugal,DR Congo,2026-06-17T17:00:00Z,unibet_fr,1.26,5.8,11.0,h2h,0.7936507936507936,0.1724137931034483,0.09090909090909091,0.7508709161095942,0.1631202334996705,0.08600885039073534
6cc871c121a1869b4612d3fb22fa9d55,Portugal,DR Congo,2026-06-17T17:00:00Z,leovegas_se,1.27,5.75,11.0,h2h,0.7874015748031495,0.17391304347826086,0.09090909090909091,0.7483214528675796,0.1652814339377089,0.08639711319471147
6cc871c121a1869b4612d3fb22fa9d55,Portugal,DR Congo,2026-06-17T17:00:00Z,unibet_nl,1.28,5.8,12.0,h2h,0.78125,0.1724137931034483,0.08333333333333333,0.7533772081745757,0.16626255628680292,0.0803602355386214
6cc871c121a1869b4612d3fb22fa9d55,Portugal,DR Congo,2026-06-17T17:00:00Z,tabtouch,1.26,5.6,10.5,h2h,0.7936507936507936,0.17857142857142858,0.09523809523809523,0.7434944237918215,0.16728624535315986,0.08921933085501858
6cc871c121a1869b4612d3fb22fa9d55,Portugal,DR Congo,2026-06-17T17:00:00Z,sportsbet,1.25,5.5,12.0,h2h,0.8,0.18181818181818182,0.08333333333333333,0.7510668563300142,0.17069701280227595,0.07823613086770981
6cc871c121a1869b4612d3fb22fa9d55,Portugal,DR Congo,2026-06-17T17:00:00Z,fanduel,1.26,5.9,12.0,h2h,0.7936507936507936,0.1694915254237288,0.08333333333333333,0.7584034963686612,0.16196413651262934,0.07963236711870943
6cc871c121a1869b4612d3fb22fa9d55,Portugal,DR Congo,2026-06-17T17:00:00Z,paddypower,1.25,5.5,11.0,h2h,0.8,0.18181818181818182,0.09090909090909091,0.7457627118644068,0.1694915254237288,0.0847457627118644
6cc871c121a1869b4612d3fb22fa9d55,Portugal,DR Congo,2026-06-17T17:00:00Z,skybet,1.25,5.75,10.5,h2h,0.8,0.17391304347826086,0.09523809523809523,0.7482571649883811,0.16266460108443068,0.08907823392718822
6cc871c121a1869b4612d3fb22fa9d55,Portugal,DR Congo,2026-06-17T17:00:00Z,pointsbetau,1.27,5.5,11.0,h2h,0.7874015748031495,0.18181818181818182,0.09090909090909091,0.7427413909520594,0.17150573936529373,0.08575286968264687
6cc871c121a1869b4612d3fb22fa9d55,Portugal,DR Congo,2026-06-17T17:00:00Z,tab,1.28,5.0,13.0,h2h,0.78125,0.2,0.07692307692307693,0.7383007723761927,0.18900499772830534,0.07269422989550206
6cc871c121a1869b4612d3fb22fa9d55,Portugal,DR Congo,2026-06-17T17:00:00Z,betfair_ex_au,1.3,6.2,13.5,h2h,0.7692307692307692,0.16129032258064516,0.07407407407407407,0.765712194675693,0.1605525569481292,0.07373524837617784
6cc871c121a1869b4612d3fb22fa9d55,Portugal,DR Congo,2026-06-17T17:00:00Z,betfair_ex_eu,1.3,6.2,13.5,h2h,0.7692307692307692,0.16129032258064516,0.07407407407407407,0.765712194675693,0.1605525569481292,0.07373524837617784
6cc871c121a1869b4612d3fb22fa9d55,Portugal,DR Congo,2026-06-17T17:00:00Z,betfair_ex_uk,1.3,6.2,13.5,h2h,0.7692307692307692,0.16129032258064516,0.07407407407407407,0.765712194675693,0.1605525569481292,0.07373524837617784
6cc871c121a1869b4612d3fb22fa9d55,Portugal,DR Congo,2026-06-17T17:00:00Z,ladbrokes_uk,1.28,5.75,10.0,h2h,0.78125,0.17391304347826086,0.1,0.7404069018799897,0.16482101467937163,0.09477208344063869
6cc871c121a1869b4612d3fb22fa9d55,Portugal,DR Congo,2026-06-17T17:00:00Z,neds,1.28,5.6,9.5,h2h,0.78125,0.17857142857142858,0.10526315789473684,0.7335098168983013,0.16765938671961172,0.0988307963820869
6cc871c121a1869b4612d3fb22fa9d55,Portugal,DR Congo,2026-06-17T17:00:00Z,ladbrokes_au,1.28,5.6,9.5,h2h,0.78125,0.17857142857142858,0.10526315789473684,0.7335098168983013,0.16765938671961172,0.0988307963820869
6cc871c121a1869b4612d3fb22fa9d55,Portugal,DR Congo,2026-06-17T17:00:00Z,betmgm,1.27,5.75,10.0,h2h,0.7874015748031495,0.17391304347826086,0.1,0.7419115512402826,0.16386568175220156,0.0942227670075159
6cc871c121a1869b4612d3fb22fa9d55,Portugal,DR Congo,2026-06-17T17:00:00Z,coral,1.28,6.0,10.0,h2h,0.78125,0.16666666666666666,0.1,0.7455268389662029,0.15904572564612326,0.09542743538767397
6cc871c121a1869b4612d3fb22fa9d55,Portugal,DR Congo,2026-06-17T17:00:00Z,pinnacle,1.29,5.71,11.2,h2h,0.7751937984496123,0.17513134851138354,0.08928571428571429,0.745657656481189,0.16845855987053132,0.08588378364827981
6cc871c121a1869b4612d3fb22fa9d55,Portugal,DR Congo,2026-06-17T17:00:00Z,bovada,1.28,5.5,10.75,h2h,0.78125,0.18181818181818182,0.09302325581395349,0.7397560212699406,0.17216140131373162,0.0880825774163278
6cc871c121a1869b4612d3fb22fa9d55,Portugal,DR Congo,2026-06-17T17:00:00Z,pmu_fr,1.27,5.75,11.0,h2h,0.7874015748031495,0.17391304347826086,0.09090909090909091,0.7483214528675796,0.1652814339377089,0.08639711319471147
6cc871c121a1869b4612d3fb22fa9d55,Portugal,DR Congo,2026-06-17T17:00:00Z,betonlineag,1.27,6.0,12.0,h2h,0.7874015748031495,0.16666666666666666,0.08333333333333333,0.7590132827324478,0.16065781151170144,0.08032890575585072
6cc871c121a1869b4612d3fb22fa9d55,Portugal,DR Congo,2026-06-17T17:00:00Z,smarkets,1.29,6.0,13.5,h2h,0.7751937984496123,0.16666666666666666,0.07407407407407407,0.7630351844001697,0.1640525646460365,0.07291225095379399
6cc871c121a1869b4612d3fb22fa9d55,Portugal,DR Congo,2026-06-17T17:00:00Z,coolbet,1.28,5.75,13.0,h2h,0.78125,0.17391304347826086,0.07692307692307693,0.7569620253164556,0.16850632911392405,0.07453164556962025
6cc871c121a1869b4612d3fb22fa9d55,Portugal,DR Congo,2026-06-17T17:00:00Z,marathonbet,1.3,5.7,11.5,h2h,0.7692307692307692,0.17543859649122806,0.08695652173913043,0.7456489591627801,0.17006028893186212,0.08429075190535776
6cc871c121a1869b4612d3fb22fa9d55,Portugal,DR Congo,2026-06-17T17:00:00Z,betway,1.25,5.5,9.0,h2h,0.8,0.18181818181818182,0.1111111111111111,0.7319778188539741,0.166358595194085,0.10166358595194083
6cc871c121a1869b4612d3fb22fa9d55,Portugal,DR Congo,2026-06-17T17:00:00Z,everygame,1.28,5.5,11.0,h2h,0.78125,0.18181818181818182,0.09090909090909091,0.7412398921832885,0.1725067385444744,0.0862533692722372
6cc871c121a1869b4612d3fb22fa9d55,Portugal,DR Congo,2026-06-17T17:00:00Z,boylesports,1.25,5.0,12.0,h2h,0.8,0.2,0.08333333333333333,0.7384615384615385,0.18461538461538463,0.07692307692307693
6cc871c121a1869b4612d3fb22fa9d55,Portugal,DR Congo,2026-06-17T17:00:00Z,sport888,1.25,5.0,9.5,h2h,0.8,0.2,0.10526315789473684,0.7238095238095239,0.18095238095238098,0.09523809523809525
6cc871c121a1869b4612d3fb22fa9d55,Portugal,DR Congo,2026-06-17T17:00:00Z,williamhill,1.29,5.0,10.0,h2h,0.7751937984496123,0.2,0.1,0.7209805335255947,0.18601297764960345,0.09300648882480173
6cc871c121a1869b4612d3fb22fa9d55,Portugal,DR Congo,2026-06-17T17:00:00Z,mybookieag,1.26,5.4,10.0,h2h,0.7936507936507936,0.18518518518518517,0.1,0.7356547327121137,0.17165277096615986,0.09269249632172634
6cc871c121a1869b4612d3fb22fa9d55,Portugal,DR Congo,2026-06-17T17:00:00Z,draftkings,1.28,5.75,11.0,h2h,0.78125,0.17391304347826086,0.09090909090909091,0.7468414216554493,0.1662533947337348,0.08690518361081592
6cc871c121a1869b4612d3fb22fa9d55,Portugal,DR Congo,2026-06-17T17:00:00Z,winamax_fr,1.25,5.7,9.0,h2h,0.8,0.17543859649122806,0.1111111111111111,0.7362755651237891,0.16146393972012918,0.10226049515608181
6cc871c121a1869b4612d3fb22fa9d55,Portugal,DR Congo,2026-06-17T17:00:00Z,winamax_de,1.26,5.9,9.5,h2h,0.7936507936507936,0.1694915254237288,0.10526315789473684,0.7428366952050256,0.1586397010098868,0.09852360378508761
6cc871c121a1869b4612d3fb22fa9d55,Portugal,DR Congo,2026-06-17T17:00:00Z,betr_au,1.27,5.25,11.5,h2h,0.7874015748031495,0.19047619047619047,0.08695652173913043,0.7394592608469335,0.1788787164334487,0.08166202271961788
6cc871c121a1869b4612d3fb22fa9d55,Portugal,DR Congo,2026-06-17T17:00:00Z,betright,1.25,5.0,11.0,h2h,0.8,0.2,0.09090909090909091,0.7333333333333334,0.18333333333333335,0.08333333333333334
6cc871c121a1869b4612d3fb22fa9d55,Portugal,DR Congo,2026-06-17T17:00:00Z,betrivers,1.27,5.75,11.0,h2h,0.7874015748031495,0.17391304347826086,0.09090909090909091,0.7483214528675796,0.1652814339377089,0.08639711319471147
6cc871c121a1869b4612d3fb22fa9d55,Portugal,DR Congo,2026-06-17T17:00:00Z,gtbets,1.26,5.7,10.88,h2h,0.7936507936507936,0.17543859649122806,0.09191176470588235,0.7480206689921696,0.1653519373561638,0.0866273936516667
6cc871c121a1869b4612d3fb22fa9d55,Portugal,DR Congo,2026-06-17T17:00:00Z,tipico_de,1.25,5.8,12.0,h2h,0.8,0.1724137931034483,0.08333333333333333,0.7577572128470332,0.1633097441480675,0.07893304300489928
6cc871c121a1869b4612d3fb22fa9d55,Portugal,DR Congo,2026-06-17T17:00:00Z,betclic_fr,1.26,5.75,10.75,h2h,0.7936507936507936,0.17391304347826086,0.09302325581395349,0.7483127024000484,0.16397808783027149,0.08770920976968011
6cc871c121a1869b4612d3fb22fa9d55,Portugal,DR Congo,2026-06-17T17:00:00Z,betfred_uk,1.25,5.5,12.0,h2h,0.8,0.18181818181818182,0.08333333333333333,0.7510668563300142,0.17069701280227595,0.07823613086770981
6cc871c121a1869b4612d3fb22fa9d55,Portugal,DR Congo,2026-06-17T17:00:00Z,onexbet,1.31,5.7,11.5,h2h,0.7633587786259541,0.17543859649122806,0.08695652173913043,0.7441929111509729,0.17103380940487273,0.0847732794441543
6cc871c121a1869b4612d3fb22fa9d55,Portugal,DR Congo,2026-06-17T17:00:00Z,betanysports,1.28,5.5,10.75,h2h,0.78125,0.18181818181818182,0.09302325581395349,0.7397560212699406,0.17216140131373162,0.0880825774163278
6cc871c121a1869b4612d3fb22fa9d55,Portugal,DR Congo,2026-06-17T17:00:00Z,codere_it,1.28,5.8,11.0,h2h,0.78125,0.1724137931034483,0.09090909090909091,0.7479133452124167,0.16505673825377473,0.0870299165338085
689096c8cd7e2753b9fec95321943c5d,England,Croatia,2026-06-17T20:00:00Z,sportsbet,1.72,3.75,4.75,h2h,0.5813953488372093,0.26666666666666666,0.21052631578947367,0.5492176057966546,0.2519078085253989,0.19887458567794647
689096c8cd7e2753b9fec95321943c5d,England,Croatia,2026-06-17T20:00:00Z,betmgm,1.71,3.7,4.8,h2h,0.5847953216374269,0.27027027027027023,0.20833333333333334,0.5499303297724106,0.25415699024616817,0.1959126799814213
689096c8cd7e2753b9fec95321943c5d,England,Croatia,2026-06-17T20:00:00Z,fanduel,1.71,3.7,4.9,h2h,0.5847953216374269,0.27027027027027023,0.2040816326530612,0.5521378974296505,0.2551772444877573,0.19268485808259228
689096c8cd7e2753b9fec95321943c5d,England,Croatia,2026-06-17T20:00:00Z,paddypower,1.7,3.7,4.75,h2h,0.5882352941176471,0.27027027027027023,0.21052631578947367,0.5502504696305573,0.25281778334376953,0.19693174702567312
689096c8cd7e2753b9fec95321943c5d,England,Croatia,2026-06-17T20:00:00Z,skybet,1.7,3.6,4.75,h2h,0.5882352941176471,0.2777777777777778,0.21052631578947367,0.546413165042339,0.25802843904777123,0.19555839590988974
689096c8cd7e2753b9fec95321943c5d,England,Croatia,2026-06-17T20:00:00Z,marathonbet,1.76,3.84,4.95,h2h,0.5681818181818182,0.2604166666666667,0.20202020202020202,0.551301684532925,0.2526799387442573,0.19601837672281777
689096c8cd7e2753b9fec95321943c5d,England,Croatia,2026-06-17T20:00:00Z,pinnacle,1.74,3.9,4.91,h2h,0.5747126436781609,0.25641025641025644,0.20366598778004072,0.555391201447863,0.24778992064596972,0.19681887790616737
689096c8cd7e2753b9fec95321943c5d,England,Croatia,2026-06-17T20:00:00Z,betfair_ex_uk,1.79,3.95,5.2,h2h,0.5586592178770949,0.2531645569620253,0.1923076923076923,0.556360632203367,0.2521229194035511,0.19151644839308207
689096c8cd7e2753b9fec95321943c5d,England,Croatia,2026-06-17T20:00:00Z,betfair_ex_eu,1.79,3.95,5.2,h2h,0.5586592178770949,0.2531645569620253,0.1923076923076923,0.556360632203367,0.2521229194035511,0.19151644839308207
689096c8cd7e2753b9fec95321943c5d,England,Croatia,2026-06-17T20:00:00Z,betfair_ex_au,1.79,3.95,5.2,h2h,0.5586592178770949,0.2531645569620253,0.1923076923076923,0.556360632203367,0.2521229194035511,0.19151644839308207
689096c8cd7e2753b9fec95321943c5d,England,Croatia,2026-06-17T20:00:00Z,grosvenor,1.73,3.6,4.75,h2h,0.5780346820809249,0.2777777777777778,0.21052631578947367,0.5420741468672235,0.26049674280008245,0.19742911033269403
689096c8cd7e2753b9fec95321943c5d,England,Croatia,2026-06-17T20:00:00Z,everygame,1.73,3.85,4.75,h2h,0.5780346820809249,0.2597402597402597,0.21052631578947367,0.5514013055735629,0.24777253471227628,0.2008261597141608
689096c8cd7e2753b9fec95321943c5d,England,Croatia,2026-06-17T20:00:00Z,pointsbetau,1.74,3.6,4.75,h2h,0.5747126436781609,0.2777777777777778,0.21052631578947367,0.5406430807170634,0.26131082234658065,0.19804609693635586
689096c8cd7e2753b9fec95321943c5d,England,Croatia,2026-06-17T20:00:00Z,bovada,1.71,3.8,4.8,h2h,0.5847953216374269,0.2631578947368421,0.20833333333333334,0.5536332179930796,0.24913494809688583,0.19723183391003465
689096c8cd7e2753b9fec95321943c5d,England,Croatia,2026-06-17T20:00:00Z,unibet_fr,1.7,3.75,4.85,h2h,0.5882352941176471,0.26666666666666666,0.2061855670103093,0.554370189743199,0.25131448601691686,0.19431532423988418
689096c8cd7e2753b9fec95321943c5d,England,Croatia,2026-06-17T20:00:00Z,tabtouch,1.72,3.6,4.75,h2h,0.5813953488372093,0.2777777777777778,0.21052631578947367,0.543512809103045,0.25967834212701035,0.19680884876994467
689096c8cd7e2753b9fec95321943c5d,England,Croatia,2026-06-17T20:00:00Z,tab,1.75,3.5,4.75,h2h,0.5714285714285714,0.2857142857142857,0.21052631578947367,0.5352112676056339,0.26760563380281693,0.1971830985915493
689096c8cd7e2753b9fec95321943c5d,England,Croatia,2026-06-17T20:00:00Z,casumo,1.74,3.7,4.9,h2h,0.5747126436781609,0.27027027027027023,0.2040816326530612,0.5478334441288452,0.257629781833565,0.1945367740375899
689096c8cd7e2753b9fec95321943c5d,England,Croatia,2026-06-17T20:00:00Z,coolbet,1.75,3.85,5.0,h2h,0.5714285714285714,0.2597402597402597,0.2,0.5541561712846347,0.251889168765743,0.1939546599496222
689096c8cd7e2753b9fec95321943c5d,England,Croatia,2026-06-17T20:00:00Z,coral,1.73,3.7,4.8,h2h,0.5780346820809249,0.27027027027027023,0.20833333333333334,0.5470506699522564,0.25578315108578464,0.19716617896195904
689096c8cd7e2753b9fec95321943c5d,England,Croatia,2026-06-17T20:00:00Z,ladbrokes_uk,1.73,3.7,4.8,h2h,0.5780346820809249,0.27027027027027023,0.20833333333333334,0.5470506699522564,0.25578315108578464,0.19716617896195904
689096c8cd7e2753b9fec95321943c5d,England,Croatia,2026-06-17T20:00:00Z,betway,1.7,3.75,4.33,h2h,0.5882352941176471,0.26666666666666666,0.23094688221709006,0.5417285268653977,0.24558359884564696,0.21268787428895522
689096c8cd7e2753b9fec95321943c5d,England,Croatia,2026-06-17T20:00:00Z,sport888,1.7,3.5,4.5,h2h,0.5882352941176471,0.2857142857142857,0.2222222222222222,0.5366269165247018,0.2606473594548552,0.2027257240204429
689096c8cd7e2753b9fec95321943c5d,England,Croatia,2026-06-17T20:00:00Z,williamhill,1.73,3.6,4.6,h2h,0.5780346820809249,0.2777777777777778,0.2173913043478261,0.5386066480192545,0.2588304169648084,0.20256293501593703
689096c8cd7e2753b9fec95321943c5d,England,Croatia,2026-06-17T20:00:00Z,unibet_nl,1.76,3.75,5.0,h2h,0.5681818181818182,0.26666666666666666,0.2,0.5490483162518301,0.25768667642752563,0.19326500732064422
689096c8cd7e2753b9fec95321943c5d,England,Croatia,2026-06-17T20:00:00Z,unibet_uk,1.7,3.6,4.75,h2h,0.5882352941176471,0.2777777777777778,0.21052631578947367,0.546413165042339,0.25802843904777123,0.19555839590988974
689096c8cd7e2753b9fec95321943c5d,England,Croatia,2026-06-17T20:00:00Z,ladbrokes_au,1.72,3.7,4.75,h2h,0.5813953488372093,0.27027027027027023,0.21052631578947367,0.5473543243327416,0.2544457940141393,0.19819988165311905
689096c8cd7e2753b9fec95321943c5d,England,Croatia,2026-06-17T20:00:00Z,leovegas,1.74,3.7,4.9,h2h,0.5747126436781609,0.27027027027027023,0.2040816326530612,0.5478334441288452,0.257629781833565,0.1945367740375899
689096c8cd7e2753b9fec95321943c5d,England,Croatia,2026-06-17T20:00:00Z,leovegas_se,1.74,3.7,4.9,h2h,0.5747126436781609,0.27027027027027023,0.2040816326530612,0.5478334441288452,0.257629781833565,0.1945367740375899
689096c8cd7e2753b9fec95321943c5d,England,Croatia,2026-06-17T20:00:00Z,virginbet,1.72,3.6,4.75,h2h,0.5813953488372093,0.2777777777777778,0.21052631578947367,0.543512809103045,0.25967834212701035,0.19680884876994467
689096c8cd7e2753b9fec95321943c5d,England,Croatia,2026-06-17T20:00:00Z,neds,1.72,3.7,4.75,h2h,0.5813953488372093,0.27027027027027023,0.21052631578947367,0.5473543243327416,0.2544457940141393,0.19819988165311905
689096c8cd7e2753b9fec95321943c5d,England,Croatia,2026-06-17T20:00:00Z,unibet_se,1.75,3.75,5.0,h2h,0.5714285714285714,0.26666666666666666,0.2,0.5504587155963303,0.25688073394495414,0.19266055045871563
689096c8cd7e2753b9fec95321943c5d,England,Croatia,2026-06-17T20:00:00Z,unibet,1.72,3.6,4.75,h2h,0.5813953488372093,0.2777777777777778,0.21052631578947367,0.543512809103045,0.25967834212701035,0.19680884876994467
689096c8cd7e2753b9fec95321943c5d,England,Croatia,2026-06-17T20:00:00Z,betonlineag,1.71,3.93,5.05,h2h,0.5847953216374269,0.2544529262086514,0.19801980198019803,0.5637841845561228,0.2453106757228931,0.19090513972098416
689096c8cd7e2753b9fec95321943c5d,England,Croatia,2026-06-17T20:00:00Z,smarkets,1.78,3.95,5.2,h2h,0.5617977528089888,0.2531645569620253,0.1923076923076923,0.5577429603280202,0.25133733402123437,0.19091970565074534
689096c8cd7e2753b9fec95321943c5d,England,Croatia,2026-06-17T20:00:00Z,pmu_fr,1.74,3.7,4.9,h2h,0.5747126436781609,0.27027027027027023,0.2040816326530612,0.5478334441288452,0.257629781833565,0.1945367740375899
689096c8cd7e2753b9fec95321943c5d,England,Croatia,2026-06-17T20:00:00Z,boylesports,1.7,3.6,4.75,h2h,0.5882352941176471,0.2777777777777778,0.21052631578947367,0.546413165042339,0.25802843904777123,0.19555839590988974
689096c8cd7e2753b9fec95321943c5d,England,Croatia,2026-06-17T20:00:00Z,mybookieag,1.7,3.6,4.7,h2h,0.5882352941176471,0.2777777777777778,0.2127659574468085,0.5452787624879148,0.25749274895262647,0.19722848855945857
689096c8cd7e2753b9fec95321943c5d,England,Croatia,2026-06-17T20:00:00Z,draftkings,1.71,3.85,4.8,h2h,0.5847953216374269,0.2597402597402597,0.20833333333333334,0.555430323249628,0.24669762409269191,0.19787205265768001
689096c8cd7e2753b9fec95321943c5d,England,Croatia,2026-06-17T20:00:00Z,winamax_fr,1.68,3.75,4.4,h2h,0.5952380952380952,0.26666666666666666,0.22727272727272727,0.5465023847376789,0.24483306836248012,0.20866454689984099
689096c8cd7e2753b9fec95321943c5d,England,Croatia,2026-06-17T20:00:00Z,winamax_de,1.7,3.85,4.5,h2h,0.5882352941176471,0.2597402597402597,0.2222222222222222,0.5496510152284265,0.2427030456852792,0.20764593908629442
689096c8cd7e2753b9fec95321943c5d,England,Croatia,2026-06-17T20:00:00Z,betr_au,1.72,3.6,4.8,h2h,0.5813953488372093,0.2777777777777778,0.20833333333333334,0.5446293494704992,0.2602118003025719,0.19515885022692891
689096c8cd7e2753b9fec95321943c5d,England,Croatia,2026-06-17T20:00:00Z,betright,1.7,3.5,4.6,h2h,0.5882352941176471,0.2857142857142857,0.2173913043478261,0.5390023434884499,0.2618011382658185,0.1991965182457315
689096c8cd7e2753b9fec95321943c5d,England,Croatia,2026-06-17T20:00:00Z,betrivers,1.74,3.7,4.9,h2h,0.5747126436781609,0.27027027027027023,0.2040816326530612,0.5478334441288452,0.257629781833565,0.1945367740375899
689096c8cd7e2753b9fec95321943c5d,England,Croatia,2026-06-17T20:00:00Z,gtbets,1.71,3.88,4.81,h2h,0.5847953216374269,0.2577319587628866,0.2079002079002079,0.5567212664850981,0.24535911486843248,0.19791961864646943
689096c8cd7e2753b9fec95321943c5d,England,Croatia,2026-06-17T20:00:00Z,tipico_de,1.67,3.9,5.0,h2h,0.5988023952095809,0.25641025641025644,0.2,0.5674708261793209,0.24299391787678612,0.18953525594389314
689096c8cd7e2753b9fec95321943c5d,England,Croatia,2026-06-17T20:00:00Z,betclic_fr,1.7,3.75,4.85,h2h,0.5882352941176471,0.26666666666666666,0.2061855670103093,0.554370189743199,0.25131448601691686,0.19431532423988418
689096c8cd7e2753b9fec95321943c5d,England,Croatia,2026-06-17T20:00:00Z,betfred_uk,1.73,3.6,5.0,h2h,0.5780346820809249,0.2777777777777778,0.2,0.5474785570898474,0.26309386215706554,0.1894275807530872
689096c8cd7e2753b9fec95321943c5d,England,Croatia,2026-06-17T20:00:00Z,onexbet,1.78,3.84,4.87,h2h,0.5617977528089888,0.2604166666666667,0.2053388090349076,0.5467334802921244,0.2534337486770785,0.199832771030797
689096c8cd7e2753b9fec95321943c5d,England,Croatia,2026-06-17T20:00:00Z,betanysports,1.71,3.8,4.8,h2h,0.5847953216374269,0.2631578947368421,0.20833333333333334,0.5536332179930796,0.24913494809688583,0.19723183391003465
689096c8cd7e2753b9fec95321943c5d,England,Croatia,2026-06-17T20:00:00Z,codere_it,1.74,3.75,4.8,h2h,0.5747126436781609,0.26666666666666666,0.20833333333333334,0.5474952094169176,0.2540377771694498,0.19846701341363268
87afdb85c977b451e1c00f5e3e632601,Ghana,Panama,2026-06-17T23:00:00Z,sportsbet,2.05,3.4,3.7,h2h,0.48780487804878053,0.29411764705882354,0.27027027027027023,0.4636078864934587,0.2795282845034089,0.2568638290031325
87afdb85c977b451e1c00f5e3e632601,Ghana,Panama,2026-06-17T23:00:00Z,betmgm,2.05,3.3,3.6,h2h,0.48780487804878053,0.30303030303030304,0.2777777777777778,0.4564841498559078,0.28357348703170027,0.25994236311239194
87afdb85c977b451e1c00f5e3e632601,Ghana,Panama,2026-06-17T23:00:00Z,fanduel,2.05,3.4,3.7,h2h,0.48780487804878053,0.29411764705882354,0.27027027027027023,0.4636078864934587,0.2795282845034089,0.2568638290031325
87afdb85c977b451e1c00f5e3e632601,Ghana,Panama,2026-06-17T23:00:00Z,paddypower,2.0,3.3,3.6,h2h,0.5,0.30303030303030304,0.2777777777777778,0.4626168224299065,0.2803738317757009,0.2570093457943925
87afdb85c977b451e1c00f5e3e632601,Ghana,Panama,2026-06-17T23:00:00Z,skybet,2.05,3.3,3.6,h2h,0.48780487804878053,0.30303030303030304,0.2777777777777778,0.4564841498559078,0.28357348703170027,0.25994236311239194
87afdb85c977b451e1c00f5e3e632601,Ghana,Panama,2026-06-17T23:00:00Z,marathonbet,2.05,3.64,3.72,h2h,0.48780487804878053,0.2747252747252747,0.26881720430107525,0.47297825965461354,0.2663751187615268,0.26064662158385954
87afdb85c977b451e1c00f5e3e632601,Ghana,Panama,2026-06-17T23:00:00Z,pinnacle,2.08,3.58,3.65,h2h,0.4807692307692307,0.27932960893854747,0.273972602739726,0.464928447913924,0.2701260256036207,0.26494552648245534
87afdb85c977b451e1c00f5e3e632601,Ghana,Panama,2026-06-17T23:00:00Z,grosvenor,2.07,3.35,3.5,h2h,0.48309178743961356,0.29850746268656714,0.2857142857142857,0.45262406145650375,0.2796811364820784,0.2676948020614179
87afdb85c977b451e1c00f5e3e632601,Ghana,Panama,2026-06-17T23:00:00Z,betfair_ex_au,2.16,3.55,3.85,h2h,0.4629629629629629,0.28169014084507044,0.2597402597402597,0.4609378952160936,0.28045798694838375,0.2586041178355226
87afdb85c977b451e1c00f5e3e632601,Ghana,Panama,2026-06-17T23:00:00Z,betfair_ex_uk,2.16,3.55,3.85,h2h,0.4629629629629629,0.28169014084507044,0.2597402597402597,0.4609378952160936,0.28045798694838375,0.2586041178355226
87afdb85c977b451e1c00f5e3e632601,Ghana,Panama,2026-06-17T23:00:00Z,betfair_ex_eu,2.16,3.55,3.85,h2h,0.4629629629629629,0.28169014084507044,0.2597402597402597,0.4609378952160936,0.28045798694838375,0.2586041178355226
87afdb85c977b451e1c00f5e3e632601,Ghana,Panama,2026-06-17T23:00:00Z,everygame,2.05,3.5,3.6,h2h,0.48780487804878053,0.2857142857142857,0.2777777777777778,0.46400294605045106,0.27177315411526415,0.2642238998342846
87afdb85c977b451e1c00f5e3e632601,Ghana,Panama,2026-06-17T23:00:00Z,pointsbetau,2.0,3.5,3.5,h2h,0.5,0.2857142857142857,0.2857142857142857,0.4666666666666667,0.26666666666666666,0.26666666666666666
87afdb85c977b451e1c00f5e3e632601,Ghana,Panama,2026-06-17T23:00:00Z,bovada,2.04,3.5,3.55,h2h,0.49019607843137253,0.2857142857142857,0.28169014084507044,0.46349833998582457,0.27015331816316634,0.2663483418510091
87afdb85c977b451e1c00f5e3e632601,Ghana,Panama,2026-06-17T23:00:00Z,tabtouch,2.05,3.35,3.5,h2h,0.48780487804878053,0.29850746268656714,0.2857142857142857,0.4550305617541478,0.2784515377898516,0.2665179004560008
87afdb85c977b451e1c00f5e3e632601,Ghana,Panama,2026-06-17T23:00:00Z,tab,2.1,3.25,3.5,h2h,0.47619047619047616,0.3076923076923077,0.2857142857142857,0.4452054794520548,0.28767123287671237,0.2671232876712329
87afdb85c977b451e1c00f5e3e632601,Ghana,Panama,2026-06-17T23:00:00Z,smarkets,2.16,3.5,3.8,h2h,0.4629629629629629,0.2857142857142857,0.2631578947368421,0.4575478189073896,0.282372368239989,0.26007981285262144
87afdb85c977b451e1c00f5e3e632601,Ghana,Panama,2026-06-17T23:00:00Z,casumo,2.08,3.45,3.55,h2h,0.4807692307692307,0.2898550724637681,0.28169014084507044,0.45686841369019854,0.27544530448568494,0.26768628182411636
87afdb85c977b451e1c00f5e3e632601,Ghana,Panama,2026-06-17T23:00:00Z,coolbet,2.12,3.4,3.75,h2h,0.4716981132075471,0.29411764705882354,0.26666666666666666,0.4568582485308872,0.28486455496631796,0.2582771965027949
87afdb85c977b451e1c00f5e3e632601,Ghana,Panama,2026-06-17T23:00:00Z,coral,2.05,3.3,3.6,h2h,0.48780487804878053,0.30303030303030304,0.2777777777777778,0.4564841498559078,0.28357348703170027,0.25994236311239194
87afdb85c977b451e1c00f5e3e632601,Ghana,Panama,2026-06-17T23:00:00Z,ladbrokes_uk,2.05,3.3,3.6,h2h,0.48780487804878053,0.30303030303030304,0.2777777777777778,0.4564841498559078,0.28357348703170027,0.25994236311239194
87afdb85c977b451e1c00f5e3e632601,Ghana,Panama,2026-06-17T23:00:00Z,betway,2.0,3.4,3.4,h2h,0.5,0.29411764705882354,0.29411764705882354,0.45945945945945943,0.27027027027027023,0.27027027027027023
87afdb85c977b451e1c00f5e3e632601,Ghana,Panama,2026-06-17T23:00:00Z,sport888,1.95,3.3,3.5,h2h,0.5128205128205129,0.30303030303030304,0.2857142857142857,0.46553808948004843,0.2750906892382104,0.2593712212817412
87afdb85c977b451e1c00f5e3e632601,Ghana,Panama,2026-06-17T23:00:00Z,williamhill,2.0,3.4,3.5,h2h,0.5,0.29411764705882354,0.2857142857142857,0.4630350194552528,0.2723735408560311,0.2645914396887159
87afdb85c977b451e1c00f5e3e632601,Ghana,Panama,2026-06-17T23:00:00Z,unibet_nl,2.12,3.5,3.65,h2h,0.4716981132075471,0.2857142857142857,0.273972602739726,0.45734435971789633,0.27702001217198297,0.26563562811012065
87afdb85c977b451e1c00f5e3e632601,Ghana,Panama,2026-06-17T23:00:00Z,unibet_uk,2.0,3.4,3.6,h2h,0.5,0.29411764705882354,0.2777777777777778,0.46646341463414626,0.274390243902439,0.2591463414634146
87afdb85c977b451e1c00f5e3e632601,Ghana,Panama,2026-06-17T23:00:00Z,leovegas_se,2.08,3.45,3.55,h2h,0.4807692307692307,0.2898550724637681,0.28169014084507044,0.45686841369019854,0.27544530448568494,0.26768628182411636
87afdb85c977b451e1c00f5e3e632601,Ghana,Panama,2026-06-17T23:00:00Z,ladbrokes_au,2.05,3.3,3.6,h2h,0.48780487804878053,0.30303030303030304,0.2777777777777778,0.4564841498559078,0.28357348703170027,0.25994236311239194
87afdb85c977b451e1c00f5e3e632601,Ghana,Panama,2026-06-17T23:00:00Z,leovegas,2.08,3.45,3.55,h2h,0.4807692307692307,0.2898550724637681,0.28169014084507044,0.45686841369019854,0.27544530448568494,0.26768628182411636
87afdb85c977b451e1c00f5e3e632601,Ghana,Panama,2026-06-17T23:00:00Z,neds,2.05,3.3,3.6,h2h,0.48780487804878053,0.30303030303030304,0.2777777777777778,0.4564841498559078,0.28357348703170027,0.25994236311239194
87afdb85c977b451e1c00f5e3e632601,Ghana,Panama,2026-06-17T23:00:00Z,unibet_se,2.1,3.45,3.6,h2h,0.47619047619047616,0.2898550724637681,0.2777777777777778,0.456198347107438,0.2776859504132232,0.26611570247933886
87afdb85c977b451e1c00f5e3e632601,Ghana,Panama,2026-06-17T23:00:00Z,unibet,2.05,3.35,3.5,h2h,0.48780487804878053,0.29850746268656714,0.2857142857142857,0.4550305617541478,0.2784515377898516,0.2665179004560008
87afdb85c977b451e1c00f5e3e632601,Ghana,Panama,2026-06-17T23:00:00Z,betonlineag,2.05,3.57,3.75,h2h,0.48780487804878053,0.2801120448179272,0.26666666666666666,0.47149875851867507,0.27074858682444924,0.2577526546568757
87afdb85c977b451e1c00f5e3e632601,Ghana,Panama,2026-06-17T23:00:00Z,unibet_fr,1.99,3.5,3.7,h2h,0.5025125628140703,0.2857142857142857,0.27027027027027023,0.47474154996700635,0.26992448126695506,0.25533396876603853
87afdb85c977b451e1c00f5e3e632601,Ghana,Panama,2026-06-17T23:00:00Z,pmu_fr,2.08,3.45,3.55,h2h,0.4807692307692307,0.2898550724637681,0.28169014084507044,0.45686841369019854,0.27544530448568494,0.26768628182411636
87afdb85c977b451e1c00f5e3e632601,Ghana,Panama,2026-06-17T23:00:00Z,boylesports,2.0,3.3,3.75,h2h,0.5,0.30303030303030304,0.26666666666666666,0.4674220963172805,0.28328611898017003,0.2492917847025496
87afdb85c977b451e1c00f5e3e632601,Ghana,Panama,2026-06-17T23:00:00Z,mybookieag,1.99,3.36,3.6,h2h,0.5025125628140703,0.2976190476190476,0.2777777777777778,0.46619184164277117,0.27610766811580795,0.2577004902414208
87afdb85c977b451e1c00f5e3e632601,Ghana,Panama,2026-06-17T23:00:00Z,draftkings,2.05,3.45,3.65,h2h,0.48780487804878053,0.2898550724637681,0.273972602739726,0.4638548669306566,0.2756239064370568,0.26052122663228655
87afdb85c977b451e1c00f5e3e632601,Ghana,Panama,2026-06-17T23:00:00Z,winamax_fr,1.94,3.55,3.45,h2h,0.5154639175257733,0.28169014084507044,0.2898550724637681,0.47420385248281877,0.2591423869906108,0.2666537605265705
87afdb85c977b451e1c00f5e3e632601,Ghana,Panama,2026-06-17T23:00:00Z,winamax_de,1.98,3.6,3.5,h2h,0.5050505050505051,0.2777777777777778,0.2857142857142857,0.47265361242403786,0.25995948683322084,0.2673869007427414
87afdb85c977b451e1c00f5e3e632601,Ghana,Panama,2026-06-17T23:00:00Z,betr_au,2.05,3.25,3.6,h2h,0.48780487804878053,0.3076923076923077,0.2777777777777778,0.4545013110614742,0.28668544236185295,0.2588132465766728
87afdb85c977b451e1c00f5e3e632601,Ghana,Panama,2026-06-17T23:00:00Z,betright,2.05,3.2,3.55,h2h,0.48780487804878053,0.3125,0.28169014084507044,0.4508383768230975,0.2888183351522968,0.2603432880246056
87afdb85c977b451e1c00f5e3e632601,Ghana,Panama,2026-06-17T23:00:00Z,betrivers,2.08,3.45,3.55,h2h,0.4807692307692307,0.2898550724637681,0.28169014084507044,0.45686841369019854,0.27544530448568494,0.26768628182411636
87afdb85c977b451e1c00f5e3e632601,Ghana,Panama,2026-06-17T23:00:00Z,gtbets,2.0,3.61,3.66,h2h,0.5,0.2770083102493075,0.27322404371584696,0.4760851235559912,0.2637590712221558,0.2601558052218531
87afdb85c977b451e1c00f5e3e632601,Ghana,Panama,2026-06-17T23:00:00Z,tipico_de,2.0,3.5,3.7,h2h,0.5,0.2857142857142857,0.27027027027027023,0.473491773308958,0.2705667276051188,0.2559414990859232
87afdb85c977b451e1c00f5e3e632601,Ghana,Panama,2026-06-17T23:00:00Z,betclic_fr,2.0,3.47,3.68,h2h,0.5,0.2881844380403458,0.2717391304347826,0.4717321275526791,0.2718917161686911,0.2563761562786299
87afdb85c977b451e1c00f5e3e632601,Ghana,Panama,2026-06-17T23:00:00Z,betfred_uk,2.05,3.25,3.5,h2h,0.48780487804878053,0.3076923076923077,0.2857142857142857,0.451165096678235,0.2845810609816559,0.264253842340109
87afdb85c977b451e1c00f5e3e632601,Ghana,Panama,2026-06-17T23:00:00Z,codere_it,2.03,3.5,3.7,h2h,0.4926108374384237,0.2857142857142857,0.27027027027027023,0.4697816150330117,0.27247333671914675,0.2577450482478415
87afdb85c977b451e1c00f5e3e632601,Ghana,Panama,2026-06-17T23:00:00Z,onexbet,2.07,3.64,3.71,h2h,0.48309178743961356,0.2747252747252747,0.2695417789757412,0.47022692373315134,0.2674092670680283,0.26236380919882024
87afdb85c977b451e1c00f5e3e632601,Ghana,Panama,2026-06-17T23:00:00Z,betanysports,2.04,3.5,3.55,h2h,0.49019607843137253,0.2857142857142857,0.28169014084507044,0.46349833998582457,0.27015331816316634,0.2663483418510091
22083e7a8e5362c711bc05c1e1319a1f,Uzbekistan,Colombia,2026-06-18T02:00:00Z,sportsbet,8.5,4.6,1.36,h2h,0.11764705882352941,0.2173913043478261,0.7352941176470588,0.10991636798088411,0.20310633213859022,0.6869772998805257
22083e7a8e5362c711bc05c1e1319a1f,Uzbekistan,Colombia,2026-06-18T02:00:00Z,fanduel,8.5,4.6,1.38,h2h,0.11764705882352941,0.2173913043478261,0.7246376811594204,0.11102172164119065,0.20514883346741752,0.6838294448913917
22083e7a8e5362c711bc05c1e1319a1f,Uzbekistan,Colombia,2026-06-18T02:00:00Z,betmgm,7.5,4.6,1.4,h2h,0.13333333333333333,0.2173913043478261,0.7142857142857143,0.12519440124416795,0.2041213063763608,0.6706842923794711
22083e7a8e5362c711bc05c1e1319a1f,Uzbekistan,Colombia,2026-06-18T02:00:00Z,paddypower,8.5,4.5,1.36,h2h,0.11764705882352941,0.2222222222222222,0.7352941176470588,0.1094224924012158,0.2066869300911854,0.6838905775075987
22083e7a8e5362c711bc05c1e1319a1f,Uzbekistan,Colombia,2026-06-18T02:00:00Z,skybet,7.5,4.6,1.36,h2h,0.13333333333333333,0.2173913043478261,0.7352941176470588,0.12277258811523666,0.20017269801397283,0.6770547138707904
22083e7a8e5362c711bc05c1e1319a1f,Uzbekistan,Colombia,2026-06-18T02:00:00Z,marathonbet,8.9,4.55,1.43,h2h,0.11235955056179775,0.21978021978021978,0.6993006993006994,0.10893459571226466,0.21308085754706713,0.6779845467406682
22083e7a8e5362c711bc05c1e1319a1f,Uzbekistan,Colombia,2026-06-18T02:00:00Z,pinnacle,8.53,4.55,1.43,h2h,0.1172332942555686,0.21978021978021978,0.6993006993006994,0.11312524015098434,0.21207874692041676,0.6747960129285989
22083e7a8e5362c711bc05c1e1319a1f,Uzbekistan,Colombia,2026-06-18T02:00:00Z,grosvenor,8.0,4.4,1.4,h2h,0.125,0.22727272727272727,0.7142857142857143,0.11719939117199392,0.21308980213089804,0.6697108066971081
22083e7a8e5362c711bc05c1e1319a1f,Uzbekistan,Colombia,2026-06-18T02:00:00Z,betfair_ex_eu,9.8,4.9,1.43,h2h,0.1020408163265306,0.2040816326530612,0.6993006993006994,0.10149041873669268,0.20298083747338536,0.695528743789922
22083e7a8e5362c711bc05c1e1319a1f,Uzbekistan,Colombia,2026-06-18T02:00:00Z,betfair_ex_uk,9.8,4.9,1.43,h2h,0.1020408163265306,0.2040816326530612,0.6993006993006994,0.10149041873669268,0.20298083747338536,0.695528743789922
22083e7a8e5362c711bc05c1e1319a1f,Uzbekistan,Colombia,2026-06-18T02:00:00Z,betfair_ex_au,9.8,4.9,1.43,h2h,0.1020408163265306,0.2040816326530612,0.6993006993006994,0.10149041873669268,0.20298083747338536,0.695528743789922
22083e7a8e5362c711bc05c1e1319a1f,Uzbekistan,Colombia,2026-06-18T02:00:00Z,everygame,8.5,4.5,1.4,h2h,0.11764705882352941,0.2222222222222222,0.7142857142857143,0.11160318866253321,0.21080602302922938,0.6775907883082374
22083e7a8e5362c711bc05c1e1319a1f,Uzbekistan,Colombia,2026-06-18T02:00:00Z,pointsbetau,8.0,4.5,1.4,h2h,0.125,0.2222222222222222,0.7142857142857143,0.11775700934579439,0.20934579439252335,0.6728971962616822
22083e7a8e5362c711bc05c1e1319a1f,Uzbekistan,Colombia,2026-06-18T02:00:00Z,bovada,8.25,4.45,1.41,h2h,0.12121212121212122,0.2247191011235955,0.7092198581560284,0.11487655507648366,0.2129733886249416,0.6721500562985746
22083e7a8e5362c711bc05c1e1319a1f,Uzbekistan,Colombia,2026-06-18T02:00:00Z,tabtouch,8.0,4.4,1.4,h2h,0.125,0.22727272727272727,0.7142857142857143,0.11719939117199392,0.21308980213089804,0.6697108066971081
22083e7a8e5362c711bc05c1e1319a1f,Uzbekistan,Colombia,2026-06-18T02:00:00Z,tab,8.0,4.25,1.42,h2h,0.125,0.23529411764705882,0.7042253521126761,0.11742387391769628,0.22103317443331064,0.6615429516489931
22083e7a8e5362c711bc05c1e1319a1f,Uzbekistan,Colombia,2026-06-18T02:00:00Z,casumo,8.0,4.5,1.41,h2h,0.125,0.2222222222222222,0.7092198581560284,0.11832167832167832,0.21034965034965034,0.6713286713286714
22083e7a8e5362c711bc05c1e1319a1f,Uzbekistan,Colombia,2026-06-18T02:00:00Z,coolbet,9.5,4.5,1.42,h2h,0.10526315789473684,0.2222222222222222,0.7042253521126761,0.10202778221299696,0.21539198467188247,0.6825802331151206
22083e7a8e5362c711bc05c1e1319a1f,Uzbekistan,Colombia,2026-06-18T02:00:00Z,coral,7.5,4.6,1.4,h2h,0.13333333333333333,0.2173913043478261,0.7142857142857143,0.12519440124416795,0.2041213063763608,0.6706842923794711
22083e7a8e5362c711bc05c1e1319a1f,Uzbekistan,Colombia,2026-06-18T02:00:00Z,ladbrokes_uk,7.5,4.6,1.4,h2h,0.13333333333333333,0.2173913043478261,0.7142857142857143,0.12519440124416795,0.2041213063763608,0.6706842923794711
22083e7a8e5362c711bc05c1e1319a1f,Uzbekistan,Colombia,2026-06-18T02:00:00Z,betway,7.5,4.33,1.38,h2h,0.13333333333333333,0.23094688221709006,0.7246376811594204,0.12244571765805197,0.21208842550470894,0.665465856837239
22083e7a8e5362c711bc05c1e1319a1f,Uzbekistan,Colombia,2026-06-18T02:00:00Z,sport888,6.5,4.5,1.33,h2h,0.15384615384615385,0.2222222222222222,0.7518796992481203,0.13639471285323612,0.19701458523245213,0.6665907019143118
22083e7a8e5362c711bc05c1e1319a1f,Uzbekistan,Colombia,2026-06-18T02:00:00Z,williamhill,6.5,4.5,1.33,h2h,0.15384615384615385,0.2222222222222222,0.7518796992481203,0.13639471285323612,0.19701458523245213,0.6665907019143118
22083e7a8e5362c711bc05c1e1319a1f,Uzbekistan,Colombia,2026-06-18T02:00:00Z,unibet_nl,8.5,4.6,1.42,h2h,0.11764705882352941,0.2173913043478261,0.7042253521126761,0.11320231534435547,0.2091781913971786,0.6776194932584659
22083e7a8e5362c711bc05c1e1319a1f,Uzbekistan,Colombia,2026-06-18T02:00:00Z,unibet_uk,7.5,4.4,1.4,h2h,0.13333333333333333,0.22727272727272727,0.7142857142857143,0.12404349577124447,0.21143777688280307,0.6645187273459525
22083e7a8e5362c711bc05c1e1319a1f,Uzbekistan,Colombia,2026-06-18T02:00:00Z,leovegas_se,8.0,4.5,1.41,h2h,0.125,0.2222222222222222,0.7092198581560284,0.11832167832167832,0.21034965034965034,0.6713286713286714
22083e7a8e5362c711bc05c1e1319a1f,Uzbekistan,Colombia,2026-06-18T02:00:00Z,ladbrokes_au,7.5,4.6,1.4,h2h,0.13333333333333333,0.2173913043478261,0.7142857142857143,0.12519440124416795,0.2041213063763608,0.6706842923794711
22083e7a8e5362c711bc05c1e1319a1f,Uzbekistan,Colombia,2026-06-18T02:00:00Z,leovegas,8.0,4.5,1.41,h2h,0.125,0.2222222222222222,0.7092198581560284,0.11832167832167832,0.21034965034965034,0.6713286713286714
22083e7a8e5362c711bc05c1e1319a1f,Uzbekistan,Colombia,2026-06-18T02:00:00Z,neds,7.5,4.6,1.4,h2h,0.13333333333333333,0.2173913043478261,0.7142857142857143,0.12519440124416795,0.2041213063763608,0.6706842923794711
22083e7a8e5362c711bc05c1e1319a1f,Uzbekistan,Colombia,2026-06-18T02:00:00Z,unibet_se,8.5,4.6,1.42,h2h,0.11764705882352941,0.2173913043478261,0.7042253521126761,0.11320231534435547,0.2091781913971786,0.6776194932584659
22083e7a8e5362c711bc05c1e1319a1f,Uzbekistan,Colombia,2026-06-18T02:00:00Z,unibet,8.0,4.4,1.4,h2h,0.125,0.22727272727272727,0.7142857142857143,0.11719939117199392,0.21308980213089804,0.6697108066971081
22083e7a8e5362c711bc05c1e1319a1f,Uzbekistan,Colombia,2026-06-18T02:00:00Z,betonlineag,9.0,4.77,1.4,h2h,0.1111111111111111,0.20964360587002098,0.7142857142857143,0.10734953703703702,0.2025462962962963,0.6901041666666666
22083e7a8e5362c711bc05c1e1319a1f,Uzbekistan,Colombia,2026-06-18T02:00:00Z,smarkets,9.8,4.7,1.43,h2h,0.1020408163265306,0.2127659574468085,0.6993006993006994,0.10062130398981958,0.20980612321281533,0.6895725727973651
22083e7a8e5362c711bc05c1e1319a1f,Uzbekistan,Colombia,2026-06-18T02:00:00Z,unibet_fr,7.8,4.65,1.4,h2h,0.12820512820512822,0.2150537634408602,0.7142857142857143,0.12122905027932963,0.20335195530726255,0.6754189944134079
22083e7a8e5362c711bc05c1e1319a1f,Uzbekistan,Colombia,2026-06-18T02:00:00Z,pmu_fr,8.0,4.5,1.41,h2h,0.125,0.2222222222222222,0.7092198581560284,0.11832167832167832,0.21034965034965034,0.6713286713286714
22083e7a8e5362c711bc05c1e1319a1f,Uzbekistan,Colombia,2026-06-18T02:00:00Z,boylesports,8.0,4.33,1.4,h2h,0.125,0.23094688221709006,0.7142857142857143,0.11679704057647104,0.21579129898655158,0.6674116604369774
22083e7a8e5362c711bc05c1e1319a1f,Uzbekistan,Colombia,2026-06-18T02:00:00Z,mybookieag,7.3,4.4,1.39,h2h,0.136986301369863,0.22727272727272727,0.7194244604316548,0.1264080358803712,0.2097224231651613,0.6638695409544675
22083e7a8e5362c711bc05c1e1319a1f,Uzbekistan,Colombia,2026-06-18T02:00:00Z,draftkings,8.0,4.6,1.42,h2h,0.125,0.2173913043478261,0.7042253521126761,0.11943245812915966,0.20770862283332117,0.6728589190375193
22083e7a8e5362c711bc05c1e1319a1f,Uzbekistan,Colombia,2026-06-18T02:00:00Z,winamax_fr,7.25,4.5,1.38,h2h,0.13793103448275862,0.2222222222222222,0.7246376811594204,0.12714987714987713,0.20485257985257985,0.6679975429975431
22083e7a8e5362c711bc05c1e1319a1f,Uzbekistan,Colombia,2026-06-18T02:00:00Z,betr_au,8.5,4.4,1.38,h2h,0.11764705882352941,0.22727272727272727,0.7246376811594204,0.10999601463715081,0.2124923010035868,0.6775116843592623
22083e7a8e5362c711bc05c1e1319a1f,Uzbekistan,Colombia,2026-06-18T02:00:00Z,betright,8.0,4.25,1.37,h2h,0.125,0.23529411764705882,0.7299270072992701,0.11465563924580317,0.21582237975680596,0.6695219809973908
22083e7a8e5362c711bc05c1e1319a1f,Uzbekistan,Colombia,2026-06-18T02:00:00Z,betrivers,8.0,4.5,1.41,h2h,0.125,0.2222222222222222,0.7092198581560284,0.11832167832167832,0.21034965034965034,0.6713286713286714
22083e7a8e5362c711bc05c1e1319a1f,Uzbekistan,Colombia,2026-06-18T02:00:00Z,gtbets,8.1,4.49,1.42,h2h,0.1234567901234568,0.22271714922048996,0.7042253521126761,0.11753320011502982,0.2120309400738845,0.6704358598110857
22083e7a8e5362c711bc05c1e1319a1f,Uzbekistan,Colombia,2026-06-18T02:00:00Z,betclic_fr,7.75,4.6,1.4,h2h,0.12903225806451613,0.2173913043478261,0.7142857142857143,0.12164714771439364,0.20494899886664147,0.6734038534189648
22083e7a8e5362c711bc05c1e1319a1f,Uzbekistan,Colombia,2026-06-18T02:00:00Z,betfred_uk,8.5,4.5,1.4,h2h,0.11764705882352941,0.2222222222222222,0.7142857142857143,0.11160318866253321,0.21080602302922938,0.6775907883082374
22083e7a8e5362c711bc05c1e1319a1f,Uzbekistan,Colombia,2026-06-18T02:00:00Z,codere_it,7.8,4.6,1.42,h2h,0.12820512820512822,0.2173913043478261,0.7042253521126761,0.12212084953634461,0.20707448399641043,0.670804666467245
22083e7a8e5362c711bc05c1e1319a1f,Uzbekistan,Colombia,2026-06-18T02:00:00Z,onexbet,8.8,4.5,1.42,h2h,0.11363636363636363,0.2222222222222222,0.7042253521126761,0.10925691618506991,0.21365796942858115,0.6770851143863488
22083e7a8e5362c711bc05c1e1319a1f,Uzbekistan,Colombia,2026-06-18T02:00:00Z,betanysports,8.25,4.45,1.41,h2h,0.12121212121212122,0.2247191011235955,0.7092198581560284,0.11487655507648366,0.2129733886249416,0.6721500562985746
22083e7a8e5362c711bc05c1e1319a1f,Uzbekistan,Colombia,2026-06-18T02:00:00Z,winamax_de,7.5,4.6,1.39,h2h,0.13333333333333333,0.2173913043478261,0.7194244604316548,0.124593230577369,0.20314113681092774,0.6722656326117034
22083e7a8e5362c711bc05c1e1319a1f,Uzbekistan,Colombia,2026-06-18T02:00:00Z,tipico_de,8.5,4.5,1.4,h2h,0.11764705882352941,0.2222222222222222,0.7142857142857143,0.11160318866253321,0.21080602302922938,0.6775907883082374
66ebb9e3f949caded535d97ce686ca09,Czech Republic,South Africa,2026-06-18T16:00:00Z,unibet,1.96,3.2,3.95,h2h,0.5102040816326531,0.3125,0.2531645569620253,0.47422525699707363,0.29046296991070764,0.2353117730922188
66ebb9e3f949caded535d97ce686ca09,Czech Republic,South Africa,2026-06-18T16:00:00Z,leovegas_se,2.0,3.3,4.1,h2h,0.5,0.30303030303030304,0.24390243902439027,0.47758559830568303,0.28944581715495943,0.2329685845393576
66ebb9e3f949caded535d97ce686ca09,Czech Republic,South Africa,2026-06-18T16:00:00Z,tabtouch,1.95,3.2,3.95,h2h,0.5128205128205129,0.3125,0.2531645569620253,0.4755007993981003,0.28975829963321736,0.2347409009686824
66ebb9e3f949caded535d97ce686ca09,Czech Republic,South Africa,2026-06-18T16:00:00Z,leovegas,2.0,3.3,4.1,h2h,0.5,0.30303030303030304,0.24390243902439027,0.47758559830568303,0.28944581715495943,0.2329685845393576
66ebb9e3f949caded535d97ce686ca09,Czech Republic,South Africa,2026-06-18T16:00:00Z,grosvenor,1.96,3.25,4.0,h2h,0.5102040816326531,0.3076923076923077,0.25,0.4777655273796398,0.2881293642043366,0.2341051084160235
66ebb9e3f949caded535d97ce686ca09,Czech Republic,South Africa,2026-06-18T16:00:00Z,unibet_se,2.0,3.35,4.1,h2h,0.5,0.29850746268656714,0.24390243902439027,0.47965776148070544,0.286362842675048,0.23397939584424657
66ebb9e3f949caded535d97ce686ca09,Czech Republic,South Africa,2026-06-18T16:00:00Z,casumo,2.0,3.3,4.1,h2h,0.5,0.30303030303030304,0.24390243902439027,0.47758559830568303,0.28944581715495943,0.2329685845393576
66ebb9e3f949caded535d97ce686ca09,Czech Republic,South Africa,2026-06-18T16:00:00Z,betrivers,2.0,3.3,4.1,h2h,0.5,0.30303030303030304,0.24390243902439027,0.47758559830568303,0.28944581715495943,0.2329685845393576
66ebb9e3f949caded535d97ce686ca09,Czech Republic,South Africa,2026-06-18T16:00:00Z,gtbets,2.0,3.29,4.07,h2h,0.5,0.303951367781155,0.24570024570024568,0.4763485270523616,0.28957357267620765,0.23407790027143074
66ebb9e3f949caded535d97ce686ca09,Czech Republic,South Africa,2026-06-18T16:00:00Z,unibet_nl,2.02,3.35,4.2,h2h,0.49504950495049505,0.29850746268656714,0.23809523809523808,0.479860850584905,0.28934893080045015,0.23079021861464477
66ebb9e3f949caded535d97ce686ca09,Czech Republic,South Africa,2026-06-18T16:00:00Z,pmu_fr,2.0,3.3,4.1,h2h,0.5,0.30303030303030304,0.24390243902439027,0.47758559830568303,0.28944581715495943,0.2329685845393576
66ebb9e3f949caded535d97ce686ca09,Czech Republic,South Africa,2026-06-18T16:00:00Z,onexbet,2.01,3.34,4.09,h2h,0.49751243781094534,0.29940119760479045,0.24449877750611249,0.47772854599946146,0.2874953225924903,0.2347761314080483
66ebb9e3f949caded535d97ce686ca09,Czech Republic,South Africa,2026-06-18T16:00:00Z,marathonbet,1.95,3.25,3.98,h2h,0.5128205128205129,0.3076923076923077,0.25125628140703515,0.4784804039432556,0.2870882423659533,0.234431353690791
66ebb9e3f949caded535d97ce686ca09,Czech Republic,South Africa,2026-06-18T16:00:00Z,coolbet,1.98,3.5,4.2,h2h,0.5050505050505051,0.2857142857142857,0.23809523809523808,0.4908835904628331,0.2776998597475456,0.23141654978962128
66ebb9e3f949caded535d97ce686ca09,Czech Republic,South Africa,2026-06-18T16:00:00Z,betr_au,1.9,3.3,4.1,h2h,0.5263157894736842,0.30303030303030304,0.24390243902439027,0.49039507067778176,0.2823486770569047,0.22725625226531354
66ebb9e3f949caded535d97ce686ca09,Czech Republic,South Africa,2026-06-18T16:00:00Z,betright,1.9,3.25,3.95,h2h,0.5263157894736842,0.3076923076923077,0.2531645569620253,0.48411426416517395,0.2830206467427171,0.23286508909210898
66ebb9e3f949caded535d97ce686ca09,Czech Republic,South Africa,2026-06-18T16:00:00Z,betfred_uk,1.95,3.4,4.0,h2h,0.5128205128205129,0.29411764705882354,0.25,0.48519443453442745,0.27827327863003926,0.23653228683553335
66ebb9e3f949caded535d97ce686ca09,Czech Republic,South Africa,2026-06-18T16:00:00Z,sportsbet,1.9,3.4,4.1,h2h,0.5263157894736842,0.29411764705882354,0.24390243902439027,0.4945015963107485,0.27633912735012417,0.2291592763391274
66ebb9e3f949caded535d97ce686ca09,Czech Republic,South Africa,2026-06-18T16:00:00Z,skybet,1.91,3.3,4.0,h2h,0.5235602094240838,0.30303030303030304,0.25,0.48631322993036874,0.2814722027778801,0.23221456729175108
66ebb9e3f949caded535d97ce686ca09,Czech Republic,South Africa,2026-06-18T16:00:00Z,fanduel,1.91,3.4,4.1,h2h,0.5235602094240838,0.29411764705882354,0.24390243902439027,0.4931894569255263,0.2770564302140457,0.22975411286042813
66ebb9e3f949caded535d97ce686ca09,Czech Republic,South Africa,2026-06-18T16:00:00Z,paddypower,1.91,3.3,4.0,h2h,0.5235602094240838,0.30303030303030304,0.25,0.48631322993036874,0.2814722027778801,0.23221456729175108
66ebb9e3f949caded535d97ce686ca09,Czech Republic,South Africa,2026-06-18T16:00:00Z,pointsbetau,1.9,3.3,4.1,h2h,0.5263157894736842,0.30303030303030304,0.24390243902439027,0.49039507067778176,0.2823486770569047,0.22725625226531354
66ebb9e3f949caded535d97ce686ca09,Czech Republic,South Africa,2026-06-18T16:00:00Z,smarkets,2.02,3.35,4.2,h2h,0.49504950495049505,0.29850746268656714,0.23809523809523808,0.479860850584905,0.28934893080045015,0.23079021861464477
66ebb9e3f949caded535d97ce686ca09,Czech Republic,South Africa,2026-06-18T16:00:00Z,betfair_ex_uk,2.02,3.45,4.3,h2h,0.49504950495049505,0.2898550724637681,0.23255813953488372,0.4865529681862906,0.28488028861921944,0.22856674319449002
66ebb9e3f949caded535d97ce686ca09,Czech Republic,South Africa,2026-06-18T16:00:00Z,betfair_ex_eu,2.02,3.45,4.3,h2h,0.49504950495049505,0.2898550724637681,0.23255813953488372,0.4865529681862906,0.28488028861921944,0.22856674319449002
66ebb9e3f949caded535d97ce686ca09,Czech Republic,South Africa,2026-06-18T16:00:00Z,betfair_ex_au,2.02,3.45,4.3,h2h,0.49504950495049505,0.2898550724637681,0.23255813953488372,0.4865529681862906,0.28488028861921944,0.22856674319449002
66ebb9e3f949caded535d97ce686ca09,Czech Republic,South Africa,2026-06-18T16:00:00Z,pinnacle,1.93,3.29,4.06,h2h,0.5181347150259068,0.303951367781155,0.24630541871921185,0.48496708770681385,0.28449437060004573,0.23053854169314056
66ebb9e3f949caded535d97ce686ca09,Czech Republic,South Africa,2026-06-18T16:00:00Z,betonlineag,1.96,3.38,4.37,h2h,0.5102040816326531,0.2958579881656805,0.22883295194508008,0.4930008077274821,0.2858821251910843,0.2211170670814336
66ebb9e3f949caded535d97ce686ca09,Czech Republic,South Africa,2026-06-18T16:00:00Z,bovada,1.95,3.35,4.15,h2h,0.5128205128205129,0.29850746268656714,0.24096385542168672,0.48733678029971084,0.28367364823415997,0.22898957146612914
66ebb9e3f949caded535d97ce686ca09,Czech Republic,South Africa,2026-06-18T16:00:00Z,unibet_fr,1.93,3.35,4.15,h2h,0.5181347150259068,0.29850746268656714,0.24096385542168672,0.48991278301471247,0.2822482600651925,0.22783895692009515
66ebb9e3f949caded535d97ce686ca09,Czech Republic,South Africa,2026-06-18T16:00:00Z,winamax_fr,1.84,3.1,3.65,h2h,0.5434782608695652,0.3225806451612903,0.273972602739726,0.47672214029913634,0.2829576574678745,0.24032020223298928
66ebb9e3f949caded535d97ce686ca09,Czech Republic,South Africa,2026-06-18T16:00:00Z,unibet_uk,1.95,3.25,4.0,h2h,0.5128205128205129,0.3076923076923077,0.25,0.47904191616766467,0.2874251497005988,0.23353293413173648
66ebb9e3f949caded535d97ce686ca09,Czech Republic,South Africa,2026-06-18T16:00:00Z,everygame,1.95,3.35,4.2,h2h,0.5128205128205129,0.29850746268656714,0.23809523809523808,0.48866892419901026,0.28444907528002084,0.226882000520969
66ebb9e3f949caded535d97ce686ca09,Czech Republic,South Africa,2026-06-18T16:00:00Z,draftkings,1.95,3.4,4.1,h2h,0.5128205128205129,0.29411764705882354,0.24390243902439027,0.4880098022054963,0.27988797479432875,0.23210222300017505
66ebb9e3f949caded535d97ce686ca09,Czech Republic,South Africa,2026-06-18T16:00:00Z,betclic_fr,1.95,3.3,4.1,h2h,0.5128205128205129,0.30303030303030304,0.24390243902439027,0.48390557939914164,0.28594420600858367,0.23015021459227467
66ebb9e3f949caded535d97ce686ca09,Czech Republic,South Africa,2026-06-18T16:00:00Z,mybookieag,1.93,3.22,4.0,h2h,0.5181347150259068,0.3105590062111801,0.25,0.4803353397029977,0.28790285889030603,0.23176180140669636
66ebb9e3f949caded535d97ce686ca09,Czech Republic,South Africa,2026-06-18T16:00:00Z,ladbrokes_uk,2.0,3.3,3.9,h2h,0.5,0.30303030303030304,0.25641025641025644,0.471947194719472,0.28602860286028603,0.24202420242024206
66ebb9e3f949caded535d97ce686ca09,Czech Republic,South Africa,2026-06-18T16:00:00Z,coral,2.0,3.3,3.9,h2h,0.5,0.30303030303030304,0.25641025641025644,0.471947194719472,0.28602860286028603,0.24202420242024206
66ebb9e3f949caded535d97ce686ca09,Czech Republic,South Africa,2026-06-18T16:00:00Z,neds,1.98,3.25,3.8,h2h,0.5050505050505051,0.3076923076923077,0.2631578947368421,0.4694211106465468,0.2859857843323577,0.2445931050210954
66ebb9e3f949caded535d97ce686ca09,Czech Republic,South Africa,2026-06-18T16:00:00Z,ladbrokes_au,1.98,3.25,3.8,h2h,0.5050505050505051,0.3076923076923077,0.2631578947368421,0.4694211106465468,0.2859857843323577,0.2445931050210954
66ebb9e3f949caded535d97ce686ca09,Czech Republic,South Africa,2026-06-18T16:00:00Z,betmgm,1.98,3.3,3.9,h2h,0.5050505050505051,0.30303030303030304,0.25641025641025644,0.4744525547445255,0.2846715328467153,0.24087591240875914
66ebb9e3f949caded535d97ce686ca09,Czech Republic,South Africa,2026-06-18T16:00:00Z,boylesports,1.95,3.25,4.0,h2h,0.5128205128205129,0.3076923076923077,0.25,0.47904191616766467,0.2874251497005988,0.23353293413173648
66ebb9e3f949caded535d97ce686ca09,Czech Republic,South Africa,2026-06-18T16:00:00Z,sport888,1.95,3.1,3.9,h2h,0.5128205128205129,0.3225806451612903,0.25641025641025644,0.4696969696969697,0.2954545454545454,0.23484848484848486
66ebb9e3f949caded535d97ce686ca09,Czech Republic,South Africa,2026-06-18T16:00:00Z,williamhill,1.95,3.1,4.0,h2h,0.5128205128205129,0.3225806451612903,0.25,0.4724709468470185,0.29719946656505997,0.2303295865879215
66ebb9e3f949caded535d97ce686ca09,Czech Republic,South Africa,2026-06-18T16:00:00Z,winamax_de,1.86,3.2,3.75,h2h,0.5376344086021505,0.3125,0.26666666666666666,0.4814057046576002,0.27981706583223015,0.23877722951016972
66ebb9e3f949caded535d97ce686ca09,Czech Republic,South Africa,2026-06-18T16:00:00Z,tab,1.95,3.2,4.0,h2h,0.5128205128205129,0.3125,0.25,0.4769001490312966,0.2906110283159464,0.23248882265275708
66ebb9e3f949caded535d97ce686ca09,Czech Republic,South Africa,2026-06-18T16:00:00Z,tipico_de,1.93,3.4,4.1,h2h,0.5181347150259068,0.29411764705882354,0.24390243902439027,0.4905859581207109,0.2784796762273447,0.2309343656519444
66ebb9e3f949caded535d97ce686ca09,Czech Republic,South Africa,2026-06-18T16:00:00Z,codere_it,1.98,3.3,4.1,h2h,0.5050505050505051,0.30303030303030304,0.24390243902439027,0.48009367681498827,0.28805620608899296,0.23185011709601874
289bc2e9f5adad8ae4d9a75a7c5461ad,Switzerland,Bosnia & Herzegovina,2026-06-18T19:00:00Z,unibet,1.56,3.8,5.8,h2h,0.641025641025641,0.2631578947368421,0.1724137931034483,0.5954181975362005,0.24443483898854548,0.16014696347525395
289bc2e9f5adad8ae4d9a75a7c5461ad,Switzerland,Bosnia & Herzegovina,2026-06-18T19:00:00Z,leovegas_se,1.57,3.9,6.1,h2h,0.6369426751592356,0.25641025641025644,0.1639344262295082,0.6024309951886553,0.24251709293492027,0.15505191187642442
289bc2e9f5adad8ae4d9a75a7c5461ad,Switzerland,Bosnia & Herzegovina,2026-06-18T19:00:00Z,tabtouch,1.56,3.8,5.8,h2h,0.641025641025641,0.2631578947368421,0.1724137931034483,0.5954181975362005,0.24443483898854548,0.16014696347525395
289bc2e9f5adad8ae4d9a75a7c5461ad,Switzerland,Bosnia & Herzegovina,2026-06-18T19:00:00Z,leovegas,1.57,3.9,6.1,h2h,0.6369426751592356,0.25641025641025644,0.1639344262295082,0.6024309951886553,0.24251709293492027,0.15505191187642442
289bc2e9f5adad8ae4d9a75a7c5461ad,Switzerland,Bosnia & Herzegovina,2026-06-18T19:00:00Z,grosvenor,1.56,3.85,6.0,h2h,0.641025641025641,0.2597402597402597,0.16666666666666666,0.6005303384807362,0.24333177351427235,0.15613788800499143
289bc2e9f5adad8ae4d9a75a7c5461ad,Switzerland,Bosnia & Herzegovina,2026-06-18T19:00:00Z,unibet_se,1.6,3.95,6.25,h2h,0.625,0.2531645569620253,0.16,0.6020240199963421,0.24385783088459426,0.1541181491190636
289bc2e9f5adad8ae4d9a75a7c5461ad,Switzerland,Bosnia & Herzegovina,2026-06-18T19:00:00Z,casumo,1.57,3.9,6.1,h2h,0.6369426751592356,0.25641025641025644,0.1639344262295082,0.6024309951886553,0.24251709293492027,0.15505191187642442
289bc2e9f5adad8ae4d9a75a7c5461ad,Switzerland,Bosnia & Herzegovina,2026-06-18T19:00:00Z,betrivers,1.57,3.9,6.1,h2h,0.6369426751592356,0.25641025641025644,0.1639344262295082,0.6024309951886553,0.24251709293492027,0.15505191187642442
289bc2e9f5adad8ae4d9a75a7c5461ad,Switzerland,Bosnia & Herzegovina,2026-06-18T19:00:00Z,gtbets,1.62,3.98,5.52,h2h,0.6172839506172839,0.25125628140703515,0.1811594202898551,0.5880576879838114,0.2393601644557222,0.17258214756046641
289bc2e9f5adad8ae4d9a75a7c5461ad,Switzerland,Bosnia & Herzegovina,2026-06-18T19:00:00Z,unibet_nl,1.6,4.0,6.25,h2h,0.625,0.25,0.16,0.6038647342995169,0.24154589371980678,0.15458937198067635
289bc2e9f5adad8ae4d9a75a7c5461ad,Switzerland,Bosnia & Herzegovina,2026-06-18T19:00:00Z,winamax_fr,1.54,3.7,4.7,h2h,0.6493506493506493,0.27027027027027023,0.2127659574468085,0.5734353360153004,0.23867308580096283,0.18789157818373672
289bc2e9f5adad8ae4d9a75a7c5461ad,Switzerland,Bosnia & Herzegovina,2026-06-18T19:00:00Z,pmu_fr,1.57,3.9,6.1,h2h,0.6369426751592356,0.25641025641025644,0.1639344262295082,0.6024309951886553,0.24251709293492027,0.15505191187642442
289bc2e9f5adad8ae4d9a75a7c5461ad,Switzerland,Bosnia & Herzegovina,2026-06-18T19:00:00Z,onexbet,1.64,3.99,5.55,h2h,0.6097560975609756,0.2506265664160401,0.1801801801801802,0.5859868060682559,0.24085673231878188,0.17315646161296214
289bc2e9f5adad8ae4d9a75a7c5461ad,Switzerland,Bosnia & Herzegovina,2026-06-18T19:00:00Z,tipico_de,1.57,4.1,5.7,h2h,0.6369426751592356,0.24390243902439027,0.17543859649122806,0.603003405924244,0.230906182268552,0.16609041180720405
289bc2e9f5adad8ae4d9a75a7c5461ad,Switzerland,Bosnia & Herzegovina,2026-06-18T19:00:00Z,unibet_uk,1.6,3.8,5.25,h2h,0.625,0.2631578947368421,0.19047619047619047,0.5794365379029917,0.24397327911704908,0.17659018297995935
289bc2e9f5adad8ae4d9a75a7c5461ad,Switzerland,Bosnia & Herzegovina,2026-06-18T19:00:00Z,unibet_fr,1.6,3.95,5.5,h2h,0.625,0.2531645569620253,0.18181818181818182,0.5896322431808929,0.23883837698466542,0.17152937983444158
289bc2e9f5adad8ae4d9a75a7c5461ad,Switzerland,Bosnia & Herzegovina,2026-06-18T19:00:00Z,marathonbet,1.59,3.88,5.4,h2h,0.6289308176100629,0.2577319587628866,0.18518518518518517,0.5867724156472643,0.2404557064121522,0.1727718779405834
289bc2e9f5adad8ae4d9a75a7c5461ad,Switzerland,Bosnia & Herzegovina,2026-06-18T19:00:00Z,betright,1.6,3.65,5.25,h2h,0.625,0.273972602739726,0.19047619047619047,0.5736846044457751,0.2514781827707507,0.17483721278347428
289bc2e9f5adad8ae4d9a75a7c5461ad,Switzerland,Bosnia & Herzegovina,2026-06-18T19:00:00Z,betr_au,1.6,3.75,5.5,h2h,0.625,0.26666666666666666,0.18181818181818182,0.5822159491884262,0.2484121383203952,0.16937191249117856
289bc2e9f5adad8ae4d9a75a7c5461ad,Switzerland,Bosnia & Herzegovina,2026-06-18T19:00:00Z,coolbet,1.64,4.0,6.0,h2h,0.6097560975609756,0.25,0.16666666666666666,0.594059405940594,0.2435643564356436,0.16237623762376238
289bc2e9f5adad8ae4d9a75a7c5461ad,Switzerland,Bosnia & Herzegovina,2026-06-18T19:00:00Z,mybookieag,1.6,3.8,5.2,h2h,0.625,0.2631578947368421,0.1923076923076923,0.5784543325526933,0.24355971896955503,0.17798594847775176
289bc2e9f5adad8ae4d9a75a7c5461ad,Switzerland,Bosnia & Herzegovina,2026-06-18T19:00:00Z,betfred_uk,1.62,3.75,5.5,h2h,0.6172839506172839,0.26666666666666666,0.18181818181818182,0.5791912384161751,0.2502106149957877,0.17059814658803707
289bc2e9f5adad8ae4d9a75a7c5461ad,Switzerland,Bosnia & Herzegovina,2026-06-18T19:00:00Z,sportsbet,1.61,3.8,5.5,h2h,0.6211180124223602,0.2631578947368421,0.18181818181818182,0.58261087726145,0.24684302957656173,0.17054609316198813
289bc2e9f5adad8ae4d9a75a7c5461ad,Switzerland,Bosnia & Herzegovina,2026-06-18T19:00:00Z,skybet,1.6,3.75,5.5,h2h,0.625,0.26666666666666666,0.18181818181818182,0.5822159491884262,0.2484121383203952,0.16937191249117856
289bc2e9f5adad8ae4d9a75a7c5461ad,Switzerland,Bosnia & Herzegovina,2026-06-18T19:00:00Z,fanduel,1.62,3.9,5.8,h2h,0.6172839506172839,0.25641025641025644,0.1724137931034483,0.5900766943183595,0.2451087807168571,0.16481452496478322
289bc2e9f5adad8ae4d9a75a7c5461ad,Switzerland,Bosnia & Herzegovina,2026-06-18T19:00:00Z,smarkets,1.63,4.0,5.9,h2h,0.6134969325153374,0.25,0.1694915254237288,0.5939049248810931,0.24201625688904546,0.16407881822986134
289bc2e9f5adad8ae4d9a75a7c5461ad,Switzerland,Bosnia & Herzegovina,2026-06-18T19:00:00Z,paddypower,1.6,3.8,5.5,h2h,0.625,0.2631578947368421,0.18181818181818182,0.5841252096143097,0.24594745667970933,0.169927333705981
289bc2e9f5adad8ae4d9a75a7c5461ad,Switzerland,Bosnia & Herzegovina,2026-06-18T19:00:00Z,betfair_ex_uk,1.64,4.1,6.0,h2h,0.6097560975609756,0.24390243902439027,0.16666666666666666,0.5976095617529881,0.23904382470119526,0.16334661354581673
289bc2e9f5adad8ae4d9a75a7c5461ad,Switzerland,Bosnia & Herzegovina,2026-06-18T19:00:00Z,betfair_ex_au,1.64,4.1,6.0,h2h,0.6097560975609756,0.24390243902439027,0.16666666666666666,0.5976095617529881,0.23904382470119526,0.16334661354581673
289bc2e9f5adad8ae4d9a75a7c5461ad,Switzerland,Bosnia & Herzegovina,2026-06-18T19:00:00Z,betfair_ex_eu,1.64,4.1,6.0,h2h,0.6097560975609756,0.24390243902439027,0.16666666666666666,0.5976095617529881,0.23904382470119526,0.16334661354581673
289bc2e9f5adad8ae4d9a75a7c5461ad,Switzerland,Bosnia & Herzegovina,2026-06-18T19:00:00Z,pointsbetau,1.59,4.0,5.75,h2h,0.6289308176100629,0.25,0.17391304347826086,0.5973638075449647,0.23745211349912343,0.16518407895591194
289bc2e9f5adad8ae4d9a75a7c5461ad,Switzerland,Bosnia & Herzegovina,2026-06-18T19:00:00Z,pinnacle,1.61,3.92,5.1,h2h,0.6211180124223602,0.25510204081632654,0.19607843137254904,0.5792398491055855,0.23790208088265122,0.1828580700117633
289bc2e9f5adad8ae4d9a75a7c5461ad,Switzerland,Bosnia & Herzegovina,2026-06-18T19:00:00Z,betonlineag,1.57,4.2,6.2,h2h,0.6369426751592356,0.23809523809523808,0.16129032258064516,0.6146148036253777,0.22974886706948638,0.15563632930513596
289bc2e9f5adad8ae4d9a75a7c5461ad,Switzerland,Bosnia & Herzegovina,2026-06-18T19:00:00Z,bovada,1.63,4.0,5.25,h2h,0.6134969325153374,0.25,0.19047619047619047,0.5820802439193403,0.23719769939713117,0.1807220566835285
289bc2e9f5adad8ae4d9a75a7c5461ad,Switzerland,Bosnia & Herzegovina,2026-06-18T19:00:00Z,everygame,1.65,4.0,5.25,h2h,0.6060606060606061,0.25,0.19047619047619047,0.5791106514994829,0.2388831437435367,0.18200620475698032
289bc2e9f5adad8ae4d9a75a7c5461ad,Switzerland,Bosnia & Herzegovina,2026-06-18T19:00:00Z,draftkings,1.65,4.0,5.25,h2h,0.6060606060606061,0.25,0.19047619047619047,0.5791106514994829,0.2388831437435367,0.18200620475698032
289bc2e9f5adad8ae4d9a75a7c5461ad,Switzerland,Bosnia & Herzegovina,2026-06-18T19:00:00Z,betclic_fr,1.61,3.93,5.4,h2h,0.6211180124223602,0.2544529262086514,0.18518518518518517,0.5855427072038143,0.23987881898171529,0.17457847381447056
289bc2e9f5adad8ae4d9a75a7c5461ad,Switzerland,Bosnia & Herzegovina,2026-06-18T19:00:00Z,neds,1.62,3.9,5.25,h2h,0.6172839506172839,0.25641025641025644,0.19047619047619047,0.5800611932687404,0.24094849566547683,0.17899031106578275
289bc2e9f5adad8ae4d9a75a7c5461ad,Switzerland,Bosnia & Herzegovina,2026-06-18T19:00:00Z,ladbrokes_au,1.62,3.9,5.25,h2h,0.6172839506172839,0.25641025641025644,0.19047619047619047,0.5800611932687404,0.24094849566547683,0.17899031106578275
289bc2e9f5adad8ae4d9a75a7c5461ad,Switzerland,Bosnia & Herzegovina,2026-06-18T19:00:00Z,ladbrokes_uk,1.61,3.9,5.25,h2h,0.6211180124223602,0.25641025641025644,0.19047619047619047,0.5815687444079928,0.24008350730688938,0.1783477482851178
289bc2e9f5adad8ae4d9a75a7c5461ad,Switzerland,Bosnia & Herzegovina,2026-06-18T19:00:00Z,coral,1.65,3.9,5.25,h2h,0.6060606060606061,0.25641025641025644,0.19047619047619047,0.5755850727387729,0.24351676154332702,0.18089816571790004
289bc2e9f5adad8ae4d9a75a7c5461ad,Switzerland,Bosnia & Herzegovina,2026-06-18T19:00:00Z,betmgm,1.57,3.6,4.8,h2h,0.6369426751592356,0.2777777777777778,0.20833333333333334,0.5671524222134698,0.2473414730208744,0.1855061047656558
289bc2e9f5adad8ae4d9a75a7c5461ad,Switzerland,Bosnia & Herzegovina,2026-06-18T19:00:00Z,boylesports,1.6,3.8,5.0,h2h,0.625,0.2631578947368421,0.2,0.5743651753325273,0.2418379685610641,0.18379685610640872
289bc2e9f5adad8ae4d9a75a7c5461ad,Switzerland,Bosnia & Herzegovina,2026-06-18T19:00:00Z,sport888,1.61,3.6,5.0,h2h,0.6211180124223602,0.2777777777777778,0.2,0.5652201218363374,0.252778998932362,0.18200087923130065
289bc2e9f5adad8ae4d9a75a7c5461ad,Switzerland,Bosnia & Herzegovina,2026-06-18T19:00:00Z,williamhill,1.62,3.7,5.0,h2h,0.6172839506172839,0.27027027027027023,0.2,0.5675891268331594,0.24851199607289684,0.1838988770939437
289bc2e9f5adad8ae4d9a75a7c5461ad,Switzerland,Bosnia & Herzegovina,2026-06-18T19:00:00Z,winamax_de,1.56,3.75,4.8,h2h,0.641025641025641,0.26666666666666666,0.20833333333333334,0.5743825387708215,0.23894313612866172,0.18667432510051699
289bc2e9f5adad8ae4d9a75a7c5461ad,Switzerland,Bosnia & Herzegovina,2026-06-18T19:00:00Z,tab,1.68,3.7,5.0,h2h,0.5952380952380952,0.27027027027027023,0.2,0.5586423481096751,0.25365382292547406,0.18770382896485086
289bc2e9f5adad8ae4d9a75a7c5461ad,Switzerland,Bosnia & Herzegovina,2026-06-18T19:00:00Z,codere_it,1.63,3.95,5.4,h2h,0.6134969325153374,0.2531645569620253,0.18518518518518517,0.5832569967596833,0.24068579866285664,0.17605720457745996
fa9502285b257b03e62968d50d9229fc,Canada,Qatar,2026-06-18T22:00:00Z,unibet,1.32,4.75,10.0,h2h,0.7575757575757576,0.21052631578947367,0.1,0.7092728087203225,0.19710318052859488,0.09362401075108258
fa9502285b257b03e62968d50d9229fc,Canada,Qatar,2026-06-18T22:00:00Z,winamax_de,1.26,4.9,8.5,h2h,0.7936507936507936,0.2040816326530612,0.11764705882352941,0.7115522602248266,0.1829705812006697,0.10547715857450372
fa9502285b257b03e62968d50d9229fc,Canada,Qatar,2026-06-18T22:00:00Z,leovegas_se,1.33,4.9,10.5,h2h,0.7518796992481203,0.2040816326530612,0.09523809523809523,0.715258855585831,0.19414168937329696,0.09059945504087193
fa9502285b257b03e62968d50d9229fc,Canada,Qatar,2026-06-18T22:00:00Z,tabtouch,1.32,4.75,10.0,h2h,0.7575757575757576,0.21052631578947367,0.1,0.7092728087203225,0.19710318052859488,0.09362401075108258
fa9502285b257b03e62968d50d9229fc,Canada,Qatar,2026-06-18T22:00:00Z,leovegas,1.33,4.9,10.5,h2h,0.7518796992481203,0.2040816326530612,0.09523809523809523,0.715258855585831,0.19414168937329696,0.09059945504087193
fa9502285b257b03e62968d50d9229fc,Canada,Qatar,2026-06-18T22:00:00Z,grosvenor,1.32,4.75,10.0,h2h,0.7575757575757576,0.21052631578947367,0.1,0.7092728087203225,0.19710318052859488,0.09362401075108258
fa9502285b257b03e62968d50d9229fc,Canada,Qatar,2026-06-18T22:00:00Z,unibet_se,1.34,5.0,11.0,h2h,0.7462686567164178,0.2,0.09090909090909091,0.7195185766614339,0.1928309785452643,0.08765044479330196
fa9502285b257b03e62968d50d9229fc,Canada,Qatar,2026-06-18T22:00:00Z,casumo,1.33,4.9,10.5,h2h,0.7518796992481203,0.2040816326530612,0.09523809523809523,0.715258855585831,0.19414168937329696,0.09059945504087193
fa9502285b257b03e62968d50d9229fc,Canada,Qatar,2026-06-18T22:00:00Z,betrivers,1.33,4.9,10.5,h2h,0.7518796992481203,0.2040816326530612,0.09523809523809523,0.715258855585831,0.19414168937329696,0.09059945504087193
fa9502285b257b03e62968d50d9229fc,Canada,Qatar,2026-06-18T22:00:00Z,gtbets,1.38,4.89,9.78,h2h,0.7246376811594204,0.20449897750511248,0.10224948875255624,0.7025862068965517,0.1982758620689655,0.09913793103448275
fa9502285b257b03e62968d50d9229fc,Canada,Qatar,2026-06-18T22:00:00Z,unibet_nl,1.34,5.0,11.0,h2h,0.7462686567164178,0.2,0.09090909090909091,0.7195185766614339,0.1928309785452643,0.08765044479330196
fa9502285b257b03e62968d50d9229fc,Canada,Qatar,2026-06-18T22:00:00Z,winamax_fr,1.25,4.7,8.0,h2h,0.8,0.2127659574468085,0.125,0.7031323048153342,0.18700327255726973,0.10986442262739597
fa9502285b257b03e62968d50d9229fc,Canada,Qatar,2026-06-18T22:00:00Z,pmu_fr,1.33,4.9,10.5,h2h,0.7518796992481203,0.2040816326530612,0.09523809523809523,0.715258855585831,0.19414168937329696,0.09059945504087193
fa9502285b257b03e62968d50d9229fc,Canada,Qatar,2026-06-18T22:00:00Z,onexbet,1.32,5.19,11.0,h2h,0.7575757575757576,0.19267822736030826,0.09090909090909091,0.7276244952893675,0.18506056527590847,0.0873149394347241
fa9502285b257b03e62968d50d9229fc,Canada,Qatar,2026-06-18T22:00:00Z,tipico_de,1.28,5.7,10.0,h2h,0.78125,0.17543859649122806,0.1,0.73933796824738,0.1660267718169555,0.09463525993566463
fa9502285b257b03e62968d50d9229fc,Canada,Qatar,2026-06-18T22:00:00Z,unibet_uk,1.3,4.8,10.5,h2h,0.7692307692307692,0.20833333333333334,0.09523809523809523,0.7170294494238156,0.19419547588561675,0.08877507469056764
fa9502285b257b03e62968d50d9229fc,Canada,Qatar,2026-06-18T22:00:00Z,unibet_fr,1.29,5.2,11.0,h2h,0.7751937984496123,0.1923076923076923,0.09090909090909091,0.7324131219749546,0.18169479372070987,0.08589208430433559
fa9502285b257b03e62968d50d9229fc,Canada,Qatar,2026-06-18T22:00:00Z,marathonbet,1.29,4.95,10.5,h2h,0.7751937984496123,0.20202020202020202,0.09523809523809523,0.722823706114275,0.1883722385631141,0.08880405532261093
fa9502285b257b03e62968d50d9229fc,Canada,Qatar,2026-06-18T22:00:00Z,mybookieag,1.29,4.9,9.9,h2h,0.7751937984496123,0.2040816326530612,0.10101010101010101,0.7175823200497026,0.18891452915594212,0.09350315079435519
fa9502285b257b03e62968d50d9229fc,Canada,Qatar,2026-06-18T22:00:00Z,betfred_uk,1.33,4.6,11.0,h2h,0.7518796992481203,0.2173913043478261,0.09090909090909091,0.7091999775747042,0.20505129786399062,0.08574872456130515
fa9502285b257b03e62968d50d9229fc,Canada,Qatar,2026-06-18T22:00:00Z,betright,1.3,4.5,10.0,h2h,0.7692307692307692,0.2222222222222222,0.1,0.7047768206734534,0.20360219263899765,0.09162098668754895
fa9502285b257b03e62968d50d9229fc,Canada,Qatar,2026-06-18T22:00:00Z,betr_au,1.3,4.7,11.0,h2h,0.7692307692307692,0.2127659574468085,0.09090909090909091,0.7169601996949105,0.1983081403411455,0.08473165996394398
fa9502285b257b03e62968d50d9229fc,Canada,Qatar,2026-06-18T22:00:00Z,sportsbet,1.28,5.0,10.5,h2h,0.78125,0.2,0.09523809523809523,0.7257395631739011,0.1857893281725187,0.08847110865358032
fa9502285b257b03e62968d50d9229fc,Canada,Qatar,2026-06-18T22:00:00Z,coolbet,1.34,5.0,12.0,h2h,0.7462686567164178,0.2,0.08333333333333333,0.7248127567045181,0.19424981879681086,0.08093742449867118
fa9502285b257b03e62968d50d9229fc,Canada,Qatar,2026-06-18T22:00:00Z,fanduel,1.29,5.5,11.0,h2h,0.7751937984496123,0.18181818181818182,0.09090909090909091,0.7397444519166108,0.17350369872225962,0.08675184936112981
fa9502285b257b03e62968d50d9229fc,Canada,Qatar,2026-06-18T22:00:00Z,smarkets,1.31,5.5,11.0,h2h,0.7633587786259541,0.18181818181818182,0.09090909090909091,0.7367716008037508,0.17548559946416611,0.08774279973208306
fa9502285b257b03e62968d50d9229fc,Canada,Qatar,2026-06-18T22:00:00Z,skybet,1.29,5.5,9.5,h2h,0.7751937984496123,0.18181818181818182,0.10526315789473684,0.7297486033519555,0.171159217877095,0.09909217877094974
fa9502285b257b03e62968d50d9229fc,Canada,Qatar,2026-06-18T22:00:00Z,paddypower,1.25,5.0,10.0,h2h,0.8,0.2,0.1,0.7272727272727273,0.18181818181818182,0.09090909090909091
fa9502285b257b03e62968d50d9229fc,Canada,Qatar,2026-06-18T22:00:00Z,pointsbetau,1.31,5.0,10.0,h2h,0.7633587786259541,0.2,0.1,0.7178750897343862,0.1880832735104092,0.0940416367552046
fa9502285b257b03e62968d50d9229fc,Canada,Qatar,2026-06-18T22:00:00Z,betfair_ex_uk,1.33,5.6,11.5,h2h,0.7518796992481203,0.17857142857142858,0.08695652173913043,0.7390151819423247,0.17551610571130213,0.08546871234637321
fa9502285b257b03e62968d50d9229fc,Canada,Qatar,2026-06-18T22:00:00Z,betfair_ex_au,1.33,5.6,11.5,h2h,0.7518796992481203,0.17857142857142858,0.08695652173913043,0.7390151819423247,0.17551610571130213,0.08546871234637321
fa9502285b257b03e62968d50d9229fc,Canada,Qatar,2026-06-18T22:00:00Z,betfair_ex_eu,1.33,5.6,11.5,h2h,0.7518796992481203,0.17857142857142858,0.08695652173913043,0.7390151819423247,0.17551610571130213,0.08546871234637321
fa9502285b257b03e62968d50d9229fc,Canada,Qatar,2026-06-18T22:00:00Z,pinnacle,1.29,5.06,9.68,h2h,0.7751937984496123,0.19762845849802374,0.10330578512396695,0.7203546122237681,0.18364771734558516,0.09599767043064678
fa9502285b257b03e62968d50d9229fc,Canada,Qatar,2026-06-18T22:00:00Z,betonlineag,1.32,5.5,10.6,h2h,0.7575757575757576,0.18181818181818182,0.09433962264150944,0.7328539823008849,0.17588495575221239,0.09126106194690266
fa9502285b257b03e62968d50d9229fc,Canada,Qatar,2026-06-18T22:00:00Z,bovada,1.3,5.25,10.5,h2h,0.7692307692307692,0.19047619047619047,0.09523809523809523,0.7291666666666667,0.18055555555555558,0.09027777777777779
fa9502285b257b03e62968d50d9229fc,Canada,Qatar,2026-06-18T22:00:00Z,everygame,1.3,5.25,10.0,h2h,0.7692307692307692,0.19047619047619047,0.1,0.7258900795022467,0.1797442101624611,0.09436571033529209
fa9502285b257b03e62968d50d9229fc,Canada,Qatar,2026-06-18T22:00:00Z,draftkings,1.31,5.25,10.5,h2h,0.7633587786259541,0.19047619047619047,0.09523809523809523,0.7276507276507277,0.1815661815661816,0.0907830907830908
fa9502285b257b03e62968d50d9229fc,Canada,Qatar,2026-06-18T22:00:00Z,betclic_fr,1.3,5.25,10.5,h2h,0.7692307692307692,0.19047619047619047,0.09523809523809523,0.7291666666666667,0.18055555555555558,0.09027777777777779
fa9502285b257b03e62968d50d9229fc,Canada,Qatar,2026-06-18T22:00:00Z,neds,1.33,5.0,8.75,h2h,0.7518796992481203,0.2,0.11428571428571428,0.7052186177715092,0.18758815232722145,0.1071932299012694
fa9502285b257b03e62968d50d9229fc,Canada,Qatar,2026-06-18T22:00:00Z,ladbrokes_au,1.33,5.0,8.75,h2h,0.7518796992481203,0.2,0.11428571428571428,0.7052186177715092,0.18758815232722145,0.1071932299012694
fa9502285b257b03e62968d50d9229fc,Canada,Qatar,2026-06-18T22:00:00Z,betmgm,1.31,4.6,8.0,h2h,0.7633587786259541,0.2173913043478261,0.125,0.6903538063257418,0.19660075788841783,0.11304543578584024
fa9502285b257b03e62968d50d9229fc,Canada,Qatar,2026-06-18T22:00:00Z,ladbrokes_uk,1.33,5.0,9.0,h2h,0.7518796992481203,0.2,0.1111111111111111,0.7073247406475951,0.1881483810122603,0.10452687834014461
fa9502285b257b03e62968d50d9229fc,Canada,Qatar,2026-06-18T22:00:00Z,coral,1.33,5.0,9.5,h2h,0.7518796992481203,0.2,0.10526315789473684,0.7112375533428166,0.18918918918918923,0.09957325746799432
fa9502285b257b03e62968d50d9229fc,Canada,Qatar,2026-06-18T22:00:00Z,boylesports,1.3,4.75,11.0,h2h,0.7692307692307692,0.21052631578947367,0.09090909090909091,0.7184599518734961,0.19663114472327262,0.08490890340323137
fa9502285b257b03e62968d50d9229fc,Canada,Qatar,2026-06-18T22:00:00Z,sport888,1.3,4.6,10.0,h2h,0.7692307692307692,0.2173913043478261,0.1,0.7079101261926746,0.20006155740227763,0.0920283164050477
fa9502285b257b03e62968d50d9229fc,Canada,Qatar,2026-06-18T22:00:00Z,williamhill,1.3,4.8,10.0,h2h,0.7692307692307692,0.20833333333333334,0.1,0.7138607971445567,0.19333729922665083,0.0928019036287924
fa9502285b257b03e62968d50d9229fc,Canada,Qatar,2026-06-18T22:00:00Z,tab,1.32,4.5,12.0,h2h,0.7575757575757576,0.2222222222222222,0.08333333333333333,0.7125890736342042,0.20902612826603323,0.07838479809976247
fa9502285b257b03e62968d50d9229fc,Canada,Qatar,2026-06-18T22:00:00Z,codere_it,1.31,5.2,10.0,h2h,0.7633587786259541,0.1923076923076923,0.1,0.7231060184670152,0.18216709311380574,0.094726888419179
0f2aeae6ac8e77223848d23a4ca86b0d,Mexico,South Korea,2026-06-19T01:00:00Z,unibet,1.77,3.4,4.7,h2h,0.5649717514124294,0.29411764705882354,0.2127659574468085,0.5270970082791833,0.27440050136886895,0.19850249035194775
0f2aeae6ac8e77223848d23a4ca86b0d,Mexico,South Korea,2026-06-19T01:00:00Z,leovegas_se,1.8,3.5,4.8,h2h,0.5555555555555556,0.2857142857142857,0.20833333333333334,0.5293005671077504,0.2722117202268431,0.19848771266540643
0f2aeae6ac8e77223848d23a4ca86b0d,Mexico,South Korea,2026-06-19T01:00:00Z,tabtouch,1.77,3.4,4.7,h2h,0.5649717514124294,0.29411764705882354,0.2127659574468085,0.5270970082791833,0.27440050136886895,0.19850249035194775
0f2aeae6ac8e77223848d23a4ca86b0d,Mexico,South Korea,2026-06-19T01:00:00Z,leovegas,1.8,3.5,4.8,h2h,0.5555555555555556,0.2857142857142857,0.20833333333333334,0.5293005671077504,0.2722117202268431,0.19848771266540643
0f2aeae6ac8e77223848d23a4ca86b0d,Mexico,South Korea,2026-06-19T01:00:00Z,grosvenor,1.78,3.45,4.7,h2h,0.5617977528089888,0.2898550724637681,0.2127659574468085,0.5277976694225637,0.2723130004556995,0.19988933012173685
0f2aeae6ac8e77223848d23a4ca86b0d,Mexico,South Korea,2026-06-19T01:00:00Z,unibet_se,1.81,3.55,4.9,h2h,0.5524861878453039,0.28169014084507044,0.2040816326530612,0.5321280533504642,0.2713103595955888,0.19656158705394697
0f2aeae6ac8e77223848d23a4ca86b0d,Mexico,South Korea,2026-06-19T01:00:00Z,casumo,1.8,3.5,4.8,h2h,0.5555555555555556,0.2857142857142857,0.20833333333333334,0.5293005671077504,0.2722117202268431,0.19848771266540643
0f2aeae6ac8e77223848d23a4ca86b0d,Mexico,South Korea,2026-06-19T01:00:00Z,betrivers,1.8,3.5,4.8,h2h,0.5555555555555556,0.2857142857142857,0.20833333333333334,0.5293005671077504,0.2722117202268431,0.19848771266540643
0f2aeae6ac8e77223848d23a4ca86b0d,Mexico,South Korea,2026-06-19T01:00:00Z,unibet_uk,1.82,3.4,4.5,h2h,0.5494505494505494,0.29411764705882354,0.2222222222222222,0.5155333917379877,0.2759619920479817,0.20850461621403063
0f2aeae6ac8e77223848d23a4ca86b0d,Mexico,South Korea,2026-06-19T01:00:00Z,gtbets,1.8,3.55,4.63,h2h,0.5555555555555556,0.28169014084507044,0.2159827213822894,0.5274786989939186,0.26745398822226857,0.20506731278381282
0f2aeae6ac8e77223848d23a4ca86b0d,Mexico,South Korea,2026-06-19T01:00:00Z,unibet_nl,1.82,3.55,4.9,h2h,0.5494505494505494,0.28169014084507044,0.2040816326530612,0.5307560871422469,0.27210593763349,0.19713797522426313
0f2aeae6ac8e77223848d23a4ca86b0d,Mexico,South Korea,2026-06-19T01:00:00Z,winamax_fr,1.72,3.25,4.0,h2h,0.5813953488372093,0.3076923076923077,0.25,0.5104043973301925,0.2701217118178249,0.21947389085198274
0f2aeae6ac8e77223848d23a4ca86b0d,Mexico,South Korea,2026-06-19T01:00:00Z,unibet_fr,1.8,3.45,4.65,h2h,0.5555555555555556,0.2898550724637681,0.2150537634408602,0.523879500367377,0.2733284349742836,0.20279206465833943
0f2aeae6ac8e77223848d23a4ca86b0d,Mexico,South Korea,2026-06-19T01:00:00Z,pmu_fr,1.8,3.5,4.8,h2h,0.5555555555555556,0.2857142857142857,0.20833333333333334,0.5293005671077504,0.2722117202268431,0.19848771266540643
0f2aeae6ac8e77223848d23a4ca86b0d,Mexico,South Korea,2026-06-19T01:00:00Z,onexbet,1.83,3.62,4.57,h2h,0.5464480874316939,0.27624309392265195,0.2188183807439825,0.5246692947597769,0.26523337276530157,0.2100973324749216
0f2aeae6ac8e77223848d23a4ca86b0d,Mexico,South Korea,2026-06-19T01:00:00Z,marathonbet,1.78,3.52,4.45,h2h,0.5617977528089888,0.2840909090909091,0.2247191011235955,0.5247465712581991,0.26535480023852115,0.20989862850327962
0f2aeae6ac8e77223848d23a4ca86b0d,Mexico,South Korea,2026-06-19T01:00:00Z,mybookieag,1.83,3.28,4.4,h2h,0.5464480874316939,0.3048780487804878,0.22727272727272727,0.5066277241069422,0.28266119973039766,0.21071107616266008
0f2aeae6ac8e77223848d23a4ca86b0d,Mexico,South Korea,2026-06-19T01:00:00Z,coolbet,1.84,3.6,4.75,h2h,0.5434782608695652,0.2777777777777778,0.21052631578947367,0.5267373090192213,0.2692212912764909,0.20404139970428783
0f2aeae6ac8e77223848d23a4ca86b0d,Mexico,South Korea,2026-06-19T01:00:00Z,betfred_uk,1.83,3.4,4.6,h2h,0.5464480874316939,0.29411764705882354,0.2173913043478261,0.5165125495376485,0.27800528401585206,0.20548216644649933
0f2aeae6ac8e77223848d23a4ca86b0d,Mexico,South Korea,2026-06-19T01:00:00Z,betr_au,1.8,3.4,4.5,h2h,0.5555555555555556,0.29411764705882354,0.2222222222222222,0.5182926829268292,0.274390243902439,0.20731707317073167
0f2aeae6ac8e77223848d23a4ca86b0d,Mexico,South Korea,2026-06-19T01:00:00Z,betright,1.8,3.3,4.4,h2h,0.5555555555555556,0.30303030303030304,0.22727272727272727,0.5116279069767442,0.27906976744186046,0.20930232558139533
0f2aeae6ac8e77223848d23a4ca86b0d,Mexico,South Korea,2026-06-19T01:00:00Z,sportsbet,1.8,3.5,4.6,h2h,0.5555555555555556,0.2857142857142857,0.2173913043478261,0.5247718383311604,0.26988265971316816,0.20534550195567147
0f2aeae6ac8e77223848d23a4ca86b0d,Mexico,South Korea,2026-06-19T01:00:00Z,fanduel,1.83,3.5,4.7,h2h,0.5464480874316939,0.2857142857142857,0.2127659574468085,0.5229526958290946,0.27342955239064093,0.2036177517802645
0f2aeae6ac8e77223848d23a4ca86b0d,Mexico,South Korea,2026-06-19T01:00:00Z,skybet,1.8,3.4,4.5,h2h,0.5555555555555556,0.29411764705882354,0.2222222222222222,0.5182926829268292,0.274390243902439,0.20731707317073167
0f2aeae6ac8e77223848d23a4ca86b0d,Mexico,South Korea,2026-06-19T01:00:00Z,smarkets,1.82,3.7,4.7,h2h,0.5494505494505494,0.27027027027027023,0.2127659574468085,0.5321623110349469,0.2617663259685415,0.2060713629965114
0f2aeae6ac8e77223848d23a4ca86b0d,Mexico,South Korea,2026-06-19T01:00:00Z,paddypower,1.8,3.4,4.5,h2h,0.5555555555555556,0.29411764705882354,0.2222222222222222,0.5182926829268292,0.274390243902439,0.20731707317073167
0f2aeae6ac8e77223848d23a4ca86b0d,Mexico,South Korea,2026-06-19T01:00:00Z,pointsbetau,1.83,3.4,4.5,h2h,0.5464480874316939,0.29411764705882354,0.2222222222222222,0.5141647343482205,0.27674160701683637,0.209093658634943
0f2aeae6ac8e77223848d23a4ca86b0d,Mexico,South Korea,2026-06-19T01:00:00Z,betfair_ex_uk,1.83,3.65,4.8,h2h,0.5464480874316939,0.273972602739726,0.20833333333333334,0.5311746782482151,0.266314975669653,0.202510346082132
0f2aeae6ac8e77223848d23a4ca86b0d,Mexico,South Korea,2026-06-19T01:00:00Z,betfair_ex_au,1.83,3.65,4.8,h2h,0.5464480874316939,0.273972602739726,0.20833333333333334,0.5311746782482151,0.266314975669653,0.202510346082132
0f2aeae6ac8e77223848d23a4ca86b0d,Mexico,South Korea,2026-06-19T01:00:00Z,betfair_ex_eu,1.83,3.65,4.8,h2h,0.5464480874316939,0.273972602739726,0.20833333333333334,0.5311746782482151,0.266314975669653,0.202510346082132
0f2aeae6ac8e77223848d23a4ca86b0d,Mexico,South Korea,2026-06-19T01:00:00Z,pinnacle,1.77,3.57,4.44,h2h,0.5649717514124294,0.2801120448179272,0.2252252252252252,0.5278585343923273,0.26171137419451523,0.2104300914131575
0f2aeae6ac8e77223848d23a4ca86b0d,Mexico,South Korea,2026-06-19T01:00:00Z,betonlineag,1.83,3.58,4.75,h2h,0.5464480874316939,0.27932960893854747,0.21052631578947367,0.5273048072957527,0.2695440774724099,0.20315111523183735
0f2aeae6ac8e77223848d23a4ca86b0d,Mexico,South Korea,2026-06-19T01:00:00Z,bovada,1.79,3.65,4.55,h2h,0.5586592178770949,0.273972602739726,0.21978021978021978,0.5308369692029854,0.26032826708858736,0.20883476370842724
0f2aeae6ac8e77223848d23a4ca86b0d,Mexico,South Korea,2026-06-19T01:00:00Z,everygame,1.8,3.65,4.6,h2h,0.5555555555555556,0.273972602739726,0.2173913043478261,0.5306573957016435,0.26169405815423513,0.20764854614412137
0f2aeae6ac8e77223848d23a4ca86b0d,Mexico,South Korea,2026-06-19T01:00:00Z,draftkings,1.8,3.6,4.7,h2h,0.5555555555555556,0.2777777777777778,0.2127659574468085,0.5310734463276836,0.2655367231638418,0.2033898305084746
0f2aeae6ac8e77223848d23a4ca86b0d,Mexico,South Korea,2026-06-19T01:00:00Z,betclic_fr,1.81,3.45,4.6,h2h,0.5524861878453039,0.2898550724637681,0.2173913043478261,0.5213449187759728,0.27351718927087265,0.2051378919531545
0f2aeae6ac8e77223848d23a4ca86b0d,Mexico,South Korea,2026-06-19T01:00:00Z,ladbrokes_au,1.83,3.4,4.5,h2h,0.5464480874316939,0.29411764705882354,0.2222222222222222,0.5141647343482205,0.27674160701683637,0.209093658634943
0f2aeae6ac8e77223848d23a4ca86b0d,Mexico,South Korea,2026-06-19T01:00:00Z,neds,1.83,3.4,4.5,h2h,0.5464480874316939,0.29411764705882354,0.2222222222222222,0.5141647343482205,0.27674160701683637,0.209093658634943
0f2aeae6ac8e77223848d23a4ca86b0d,Mexico,South Korea,2026-06-19T01:00:00Z,ladbrokes_uk,1.83,3.4,4.5,h2h,0.5464480874316939,0.29411764705882354,0.2222222222222222,0.5141647343482205,0.27674160701683637,0.209093658634943
0f2aeae6ac8e77223848d23a4ca86b0d,Mexico,South Korea,2026-06-19T01:00:00Z,coral,1.85,3.4,4.5,h2h,0.5405405405405405,0.29411764705882354,0.2222222222222222,0.5114491057997661,0.2782884840381081,0.21026241016212607
0f2aeae6ac8e77223848d23a4ca86b0d,Mexico,South Korea,2026-06-19T01:00:00Z,betmgm,1.77,3.2,4.1,h2h,0.5649717514124294,0.3125,0.24390243902439027,0.5038208978149841,0.278675934103913,0.21750316808110287
0f2aeae6ac8e77223848d23a4ca86b0d,Mexico,South Korea,2026-06-19T01:00:00Z,boylesports,1.75,3.5,4.5,h2h,0.5714285714285714,0.2857142857142857,0.2222222222222222,0.5294117647058824,0.2647058823529412,0.20588235294117646
0f2aeae6ac8e77223848d23a4ca86b0d,Mexico,South Korea,2026-06-19T01:00:00Z,sport888,1.8,3.3,4.2,h2h,0.5555555555555556,0.30303030303030304,0.23809523809523808,0.506578947368421,0.27631578947368424,0.21710526315789472
0f2aeae6ac8e77223848d23a4ca86b0d,Mexico,South Korea,2026-06-19T01:00:00Z,williamhill,1.83,3.4,4.33,h2h,0.5464480874316939,0.29411764705882354,0.23094688221709006,0.5099782110925976,0.2744882724410158,0.21553351646638652
0f2aeae6ac8e77223848d23a4ca86b0d,Mexico,South Korea,2026-06-19T01:00:00Z,winamax_de,1.74,3.3,4.1,h2h,0.5747126436781609,0.30303030303030304,0.24390243902439027,0.5123835491933652,0.2701658713928653,0.21745057941376963
0f2aeae6ac8e77223848d23a4ca86b0d,Mexico,South Korea,2026-06-19T01:00:00Z,tab,1.85,3.4,4.5,h2h,0.5405405405405405,0.29411764705882354,0.2222222222222222,0.5114491057997661,0.2782884840381081,0.21026241016212607
0f2aeae6ac8e77223848d23a4ca86b0d,Mexico,South Korea,2026-06-19T01:00:00Z,tipico_de,1.77,3.6,4.7,h2h,0.5649717514124294,0.2777777777777778,0.2127659574468085,0.5352567144348486,0.2631678845971339,0.20157540096801743
0f2aeae6ac8e77223848d23a4ca86b0d,Mexico,South Korea,2026-06-19T01:00:00Z,codere_it,1.84,3.45,4.6,h2h,0.5434782608695652,0.2898550724637681,0.2173913043478261,0.5172413793103448,0.27586206896551724,0.20689655172413796
065b3573e875f8d23803357f73e5b99e,USA,Australia,2026-06-19T19:00:00Z,sportsbet,1.66,3.7,5.0,h2h,0.6024096385542169,0.27027027027027023,0.2,0.5615931030295671,0.25195798676461656,0.18644891020581628
065b3573e875f8d23803357f73e5b99e,USA,Australia,2026-06-19T19:00:00Z,fanduel,1.71,3.8,4.9,h2h,0.5847953216374269,0.2631578947368421,0.2040816326530612,0.5558706749858197,0.25014180374361883,0.19398752127056154
065b3573e875f8d23803357f73e5b99e,USA,Australia,2026-06-19T19:00:00Z,skybet,1.7,3.6,4.75,h2h,0.5882352941176471,0.2777777777777778,0.21052631578947367,0.546413165042339,0.25802843904777123,0.19555839590988974
065b3573e875f8d23803357f73e5b99e,USA,Australia,2026-06-19T19:00:00Z,paddypower,1.7,3.75,4.75,h2h,0.5882352941176471,0.26666666666666666,0.21052631578947367,0.5521115846571096,0.25029058504455637,0.19759783029833397
065b3573e875f8d23803357f73e5b99e,USA,Australia,2026-06-19T19:00:00Z,betfair_ex_uk,1.77,4.0,4.6,h2h,0.5649717514124294,0.25,0.2173913043478261,0.5472607221462138,0.2421628695496996,0.21057640830408664
065b3573e875f8d23803357f73e5b99e,USA,Australia,2026-06-19T19:00:00Z,betfair_ex_eu,1.77,4.1,4.6,h2h,0.5649717514124294,0.24390243902439027,0.2173913043478261,0.5505122741469395,0.23766017688782512,0.21182754896523545
065b3573e875f8d23803357f73e5b99e,USA,Australia,2026-06-19T19:00:00Z,betfair_ex_au,1.77,4.0,4.6,h2h,0.5649717514124294,0.25,0.2173913043478261,0.5472607221462138,0.2421628695496996,0.21057640830408664
065b3573e875f8d23803357f73e5b99e,USA,Australia,2026-06-19T19:00:00Z,tab,1.72,3.85,4.75,h2h,0.5813953488372093,0.2597402597402597,0.21052631578947367,0.5528348372859324,0.24698075847579315,0.20018440423827444
065b3573e875f8d23803357f73e5b99e,USA,Australia,2026-06-19T19:00:00Z,winamax_fr,1.66,3.45,4.0,h2h,0.6024096385542169,0.2898550724637681,0.25,0.5273818167921428,0.25375472923911796,0.21886345396873924
065b3573e875f8d23803357f73e5b99e,USA,Australia,2026-06-19T19:00:00Z,winamax_de,1.68,3.55,4.1,h2h,0.5952380952380952,0.28169014084507044,0.24390243902439027,0.5310687050753458,0.25132265479621996,0.21760864012843437
065b3573e875f8d23803357f73e5b99e,USA,Australia,2026-06-19T19:00:00Z,gtbets,1.75,3.74,4.74,h2h,0.5714285714285714,0.267379679144385,0.21097046413502107,0.5443324039843279,0.25470099116913736,0.20096660484653456
065b3573e875f8d23803357f73e5b99e,USA,Australia,2026-06-19T19:00:00Z,tipico_de,1.7,4.0,4.6,h2h,0.5882352941176471,0.25,0.2173913043478261,0.5572380375529982,0.23682616596002423,0.2059357964869776
065b3573e875f8d23803357f73e5b99e,USA,Australia,2026-06-19T19:00:00Z,onexbet,1.75,3.83,4.79,h2h,0.5714285714285714,0.2610966057441253,0.20876826722338204,0.5487680485302432,0.2507425809211294,0.20048937054862748
065b3573e875f8d23803357f73e5b99e,USA,Australia,2026-06-19T19:00:00Z,ladbrokes_au,1.75,3.6,4.6,h2h,0.5714285714285714,0.2777777777777778,0.2173913043478261,0.5357489485603365,0.2604335166612747,0.2038175347783889
065b3573e875f8d23803357f73e5b99e,USA,Australia,2026-06-19T19:00:00Z,neds,1.75,3.6,4.6,h2h,0.5714285714285714,0.2777777777777778,0.2173913043478261,0.5357489485603365,0.2604335166612747,0.2038175347783889
065b3573e875f8d23803357f73e5b99e,USA,Australia,2026-06-19T19:00:00Z,leovegas_se,1.79,3.65,4.5,h2h,0.5586592178770949,0.273972602739726,0.2222222222222222,0.5296080739033002,0.259725603366276,0.21066632273042385
065b3573e875f8d23803357f73e5b99e,USA,Australia,2026-06-19T19:00:00Z,tabtouch,1.77,3.6,4.4,h2h,0.5649717514124294,0.2777777777777778,0.22727272727272727,0.528,0.2596,0.21239999999999998
065b3573e875f8d23803357f73e5b99e,USA,Australia,2026-06-19T19:00:00Z,unibet,1.77,3.6,4.4,h2h,0.5649717514124294,0.2777777777777778,0.22727272727272727,0.528,0.2596,0.21239999999999998
065b3573e875f8d23803357f73e5b99e,USA,Australia,2026-06-19T19:00:00Z,unibet_se,1.8,3.7,4.6,h2h,0.5555555555555556,0.27027027027027023,0.2173913043478261,0.532540675844806,0.25907384230287855,0.20838548185231542
065b3573e875f8d23803357f73e5b99e,USA,Australia,2026-06-19T19:00:00Z,leovegas,1.79,3.65,4.5,h2h,0.5586592178770949,0.273972602739726,0.2222222222222222,0.5296080739033002,0.259725603366276,0.21066632273042385
065b3573e875f8d23803357f73e5b99e,USA,Australia,2026-06-19T19:00:00Z,grosvenor,1.78,3.6,4.4,h2h,0.5617977528089888,0.2777777777777778,0.22727272727272727,0.5265957446808511,0.2603723404255319,0.21303191489361703
065b3573e875f8d23803357f73e5b99e,USA,Australia,2026-06-19T19:00:00Z,casumo,1.79,3.65,4.5,h2h,0.5586592178770949,0.273972602739726,0.2222222222222222,0.5296080739033002,0.259725603366276,0.21066632273042385
065b3573e875f8d23803357f73e5b99e,USA,Australia,2026-06-19T19:00:00Z,betrivers,1.79,3.65,4.5,h2h,0.5586592178770949,0.273972602739726,0.2222222222222222,0.5296080739033002,0.259725603366276,0.21066632273042385
065b3573e875f8d23803357f73e5b99e,USA,Australia,2026-06-19T19:00:00Z,unibet_nl,1.81,3.75,4.6,h2h,0.5524861878453039,0.26666666666666666,0.2173913043478261,0.5330078637971789,0.257265128926105,0.20972700727671603
065b3573e875f8d23803357f73e5b99e,USA,Australia,2026-06-19T19:00:00Z,unibet_fr,1.74,3.7,4.6,h2h,0.5747126436781609,0.27027027027027023,0.2173913043478261,0.5409700591189371,0.2544021359099866,0.20462780497107624
065b3573e875f8d23803357f73e5b99e,USA,Australia,2026-06-19T19:00:00Z,pmu_fr,1.79,3.65,4.5,h2h,0.5586592178770949,0.273972602739726,0.2222222222222222,0.5296080739033002,0.259725603366276,0.21066632273042385
065b3573e875f8d23803357f73e5b99e,USA,Australia,2026-06-19T19:00:00Z,unibet_uk,1.75,3.6,4.5,h2h,0.5714285714285714,0.2777777777777778,0.2222222222222222,0.5333333333333333,0.2592592592592593,0.2074074074074074
065b3573e875f8d23803357f73e5b99e,USA,Australia,2026-06-19T19:00:00Z,marathonbet,1.7,3.72,4.65,h2h,0.5882352941176471,0.26881720430107525,0.2150537634408602,0.5486725663716815,0.25073746312684364,0.20058997050147492
065b3573e875f8d23803357f73e5b99e,USA,Australia,2026-06-19T19:00:00Z,coolbet,1.75,3.85,5.0,h2h,0.5714285714285714,0.2597402597402597,0.2,0.5541561712846347,0.251889168765743,0.1939546599496222
065b3573e875f8d23803357f73e5b99e,USA,Australia,2026-06-19T19:00:00Z,betr_au,1.7,3.7,4.7,h2h,0.5882352941176471,0.27027027027027023,0.2127659574468085,0.5491000947268708,0.252289232712346,0.19861067256078305
065b3573e875f8d23803357f73e5b99e,USA,Australia,2026-06-19T19:00:00Z,betfred_uk,1.73,3.75,4.6,h2h,0.5780346820809249,0.26666666666666666,0.2173913043478261,0.5442412960830402,0.2510766512596425,0.20468205265731726
065b3573e875f8d23803357f73e5b99e,USA,Australia,2026-06-19T19:00:00Z,betright,1.68,3.6,4.6,h2h,0.5952380952380952,0.2777777777777778,0.2173913043478261,0.545886075949367,0.25474683544303794,0.19936708860759494
065b3573e875f8d23803357f73e5b99e,USA,Australia,2026-06-19T19:00:00Z,smarkets,1.76,4.1,4.6,h2h,0.5681818181818182,0.24390243902439027,0.2173913043478261,0.5519138475945219,0.2369191150649655,0.21116703734051273
065b3573e875f8d23803357f73e5b99e,USA,Australia,2026-06-19T19:00:00Z,pinnacle,1.71,3.94,4.28,h2h,0.5847953216374269,0.25380710659898476,0.2336448598130841,0.5453922133029748,0.23670575755027587,0.2179020291467493
065b3573e875f8d23803357f73e5b99e,USA,Australia,2026-06-19T19:00:00Z,betonlineag,1.77,3.85,4.77,h2h,0.5649717514124294,0.2597402597402597,0.20964360587002098,0.5462064904124989,0.25111311377405793,0.20268039581344302
065b3573e875f8d23803357f73e5b99e,USA,Australia,2026-06-19T19:00:00Z,bovada,1.74,4.0,4.35,h2h,0.5747126436781609,0.25,0.2298850574712644,0.5449591280653951,0.2370572207084469,0.2179836512261581
065b3573e875f8d23803357f73e5b99e,USA,Australia,2026-06-19T19:00:00Z,everygame,1.73,4.0,4.4,h2h,0.5780346820809249,0.25,0.22727272727272727,0.547740570148139,0.2368977965890701,0.21536163326279098
065b3573e875f8d23803357f73e5b99e,USA,Australia,2026-06-19T19:00:00Z,draftkings,1.77,3.95,4.4,h2h,0.5649717514124294,0.2531645569620253,0.22727272727272727,0.5404312877998726,0.24216794415336057,0.2174007680467669
065b3573e875f8d23803357f73e5b99e,USA,Australia,2026-06-19T19:00:00Z,betclic_fr,1.72,3.63,4.5,h2h,0.5813953488372093,0.27548209366391185,0.2222222222222222,0.5387781757732878,0.25528883259781127,0.20593299162890108
065b3573e875f8d23803357f73e5b99e,USA,Australia,2026-06-19T19:00:00Z,ladbrokes_uk,1.75,3.6,4.6,h2h,0.5714285714285714,0.2777777777777778,0.2173913043478261,0.5357489485603365,0.2604335166612747,0.2038175347783889
065b3573e875f8d23803357f73e5b99e,USA,Australia,2026-06-19T19:00:00Z,coral,1.75,3.6,4.6,h2h,0.5714285714285714,0.2777777777777778,0.2173913043478261,0.5357489485603365,0.2604335166612747,0.2038175347783889
065b3573e875f8d23803357f73e5b99e,USA,Australia,2026-06-19T19:00:00Z,betmgm,1.69,3.3,4.2,h2h,0.591715976331361,0.30303030303030304,0.23809523809523808,0.5223289994347088,0.267495760316563,0.21017524024872805
065b3573e875f8d23803357f73e5b99e,USA,Australia,2026-06-19T19:00:00Z,mybookieag,1.77,3.5,4.4,h2h,0.5649717514124294,0.2857142857142857,0.22727272727272727,0.524112582105299,0.26505122009325116,0.2108361978014498
065b3573e875f8d23803357f73e5b99e,USA,Australia,2026-06-19T19:00:00Z,boylesports,1.7,3.75,4.75,h2h,0.5882352941176471,0.26666666666666666,0.21052631578947367,0.5521115846571096,0.25029058504455637,0.19759783029833397
065b3573e875f8d23803357f73e5b99e,USA,Australia,2026-06-19T19:00:00Z,sport888,1.7,3.6,4.4,h2h,0.5882352941176471,0.2777777777777778,0.22727272727272727,0.5380434782608695,0.25407608695652173,0.20788043478260868
065b3573e875f8d23803357f73e5b99e,USA,Australia,2026-06-19T19:00:00Z,williamhill,1.73,3.7,4.5,h2h,0.5780346820809249,0.27027027027027023,0.2222222222222222,0.5399533013361008,0.2524646517057984,0.20758204695810092
065b3573e875f8d23803357f73e5b99e,USA,Australia,2026-06-19T19:00:00Z,codere_it,1.78,3.7,4.6,h2h,0.5617977528089888,0.27027027027027023,0.2173913043478261,0.5353211297729131,0.2575328678366987,0.20714600239038813
4cd769aa7bae0ad9762bd69b80ef2903,Scotland,Morocco,2026-06-19T22:00:00Z,unibet,4.0,3.2,1.96,h2h,0.25,0.3125,0.5102040816326531,0.2330558858501784,0.291319857312723,0.47562425683709875
4cd769aa7bae0ad9762bd69b80ef2903,Scotland,Morocco,2026-06-19T22:00:00Z,winamax_de,3.65,3.15,1.9,h2h,0.273972602739726,0.31746031746031744,0.5263157894736842,0.2451110883587591,0.2840176103204669,0.4708713013207741
4cd769aa7bae0ad9762bd69b80ef2903,Scotland,Morocco,2026-06-19T22:00:00Z,unibet_se,4.2,3.3,2.0,h2h,0.23809523809523808,0.30303030303030304,0.5,0.22869022869022868,0.2910602910602911,0.4802494802494803
4cd769aa7bae0ad9762bd69b80ef2903,Scotland,Morocco,2026-06-19T22:00:00Z,leovegas,4.1,3.3,2.0,h2h,0.24390243902439027,0.30303030303030304,0.5,0.2329685845393576,0.28944581715495943,0.47758559830568303
4cd769aa7bae0ad9762bd69b80ef2903,Scotland,Morocco,2026-06-19T22:00:00Z,grosvenor,4.0,3.25,1.96,h2h,0.25,0.3076923076923077,0.5102040816326531,0.2341051084160235,0.2881293642043366,0.4777655273796398
4cd769aa7bae0ad9762bd69b80ef2903,Scotland,Morocco,2026-06-19T22:00:00Z,casumo,4.1,3.3,2.0,h2h,0.24390243902439027,0.30303030303030304,0.5,0.2329685845393576,0.28944581715495943,0.47758559830568303
4cd769aa7bae0ad9762bd69b80ef2903,Scotland,Morocco,2026-06-19T22:00:00Z,betrivers,4.1,3.3,2.0,h2h,0.24390243902439027,0.30303030303030304,0.5,0.2329685845393576,0.28944581715495943,0.47758559830568303
4cd769aa7bae0ad9762bd69b80ef2903,Scotland,Morocco,2026-06-19T22:00:00Z,gtbets,3.92,3.23,2.07,h2h,0.25510204081632654,0.30959752321981426,0.48309178743961356,0.24346645012580972,0.29547631098859883,0.4610572388855914
4cd769aa7bae0ad9762bd69b80ef2903,Scotland,Morocco,2026-06-19T22:00:00Z,winamax_fr,3.55,3.1,1.86,h2h,0.28169014084507044,0.3225806451612903,0.5376344086021505,0.24668435013262602,0.28249336870026526,0.4708222811671087
4cd769aa7bae0ad9762bd69b80ef2903,Scotland,Morocco,2026-06-19T22:00:00Z,unibet_nl,4.2,3.35,2.02,h2h,0.23809523809523808,0.29850746268656714,0.49504950495049505,0.23079021861464477,0.28934893080045015,0.479860850584905
4cd769aa7bae0ad9762bd69b80ef2903,Scotland,Morocco,2026-06-19T22:00:00Z,onexbet,4.21,3.27,2.0,h2h,0.23752969121140144,0.3058103975535168,0.5,0.2276627666943993,0.2931071094138902,0.4792301238917105
4cd769aa7bae0ad9762bd69b80ef2903,Scotland,Morocco,2026-06-19T22:00:00Z,tipico_de,4.3,3.3,1.93,h2h,0.23255813953488372,0.30303030303030304,0.5181347150259068,0.22070136530598097,0.287580566913854,0.4917180677801649
4cd769aa7bae0ad9762bd69b80ef2903,Scotland,Morocco,2026-06-19T22:00:00Z,unibet_fr,4.05,3.3,1.96,h2h,0.2469135802469136,0.30303030303030304,0.5102040816326531,0.23290482877822188,0.28583774440963594,0.4812574268121421
4cd769aa7bae0ad9762bd69b80ef2903,Scotland,Morocco,2026-06-19T22:00:00Z,pmu_fr,4.1,3.3,2.0,h2h,0.24390243902439027,0.30303030303030304,0.5,0.2329685845393576,0.28944581715495943,0.47758559830568303
4cd769aa7bae0ad9762bd69b80ef2903,Scotland,Morocco,2026-06-19T22:00:00Z,tabtouch,4.0,3.2,1.95,h2h,0.25,0.3125,0.5128205128205129,0.23248882265275708,0.2906110283159464,0.4769001490312966
4cd769aa7bae0ad9762bd69b80ef2903,Scotland,Morocco,2026-06-19T22:00:00Z,leovegas_se,4.1,3.3,2.0,h2h,0.24390243902439027,0.30303030303030304,0.5,0.2329685845393576,0.28944581715495943,0.47758559830568303
4cd769aa7bae0ad9762bd69b80ef2903,Scotland,Morocco,2026-06-19T22:00:00Z,unibet_uk,3.9,3.25,1.98,h2h,0.25641025641025644,0.3076923076923077,0.5050505050505051,0.23982558139534887,0.2877906976744186,0.4723837209302326
4cd769aa7bae0ad9762bd69b80ef2903,Scotland,Morocco,2026-06-19T22:00:00Z,marathonbet,4.1,3.18,1.95,h2h,0.24390243902439027,0.31446540880503143,0.5128205128205129,0.22769332452081956,0.2935668649482264,0.478739810530954
4cd769aa7bae0ad9762bd69b80ef2903,Scotland,Morocco,2026-06-19T22:00:00Z,mybookieag,3.9,3.2,1.96,h2h,0.25641025641025644,0.3125,0.5102040816326531,0.23761175935747847,0.28958933171692686,0.47279890892559484
4cd769aa7bae0ad9762bd69b80ef2903,Scotland,Morocco,2026-06-19T22:00:00Z,pointsbetau,4.1,3.3,1.95,h2h,0.24390243902439027,0.30303030303030304,0.5128205128205129,0.23015021459227467,0.28594420600858367,0.48390557939914164
4cd769aa7bae0ad9762bd69b80ef2903,Scotland,Morocco,2026-06-19T22:00:00Z,betfred_uk,4.0,3.3,1.95,h2h,0.25,0.30303030303030304,0.5128205128205129,0.23455440131219243,0.2843083652268999,0.4811372334609076
4cd769aa7bae0ad9762bd69b80ef2903,Scotland,Morocco,2026-06-19T22:00:00Z,betr_au,4.0,3.25,1.95,h2h,0.25,0.3076923076923077,0.5128205128205129,0.23353293413173648,0.2874251497005988,0.47904191616766467
4cd769aa7bae0ad9762bd69b80ef2903,Scotland,Morocco,2026-06-19T22:00:00Z,betright,3.9,3.2,1.93,h2h,0.25641025641025644,0.3125,0.5181347150259068,0.2358782416071497,0.28747660695871363,0.4766451514341367
4cd769aa7bae0ad9762bd69b80ef2903,Scotland,Morocco,2026-06-19T22:00:00Z,sportsbet,3.9,3.3,2.0,h2h,0.25641025641025644,0.30303030303030304,0.5,0.24202420242024203,0.286028602860286,0.4719471947194719
4cd769aa7bae0ad9762bd69b80ef2903,Scotland,Morocco,2026-06-19T22:00:00Z,fanduel,4.0,3.3,2.0,h2h,0.25,0.30303030303030304,0.5,0.23741007194244607,0.2877697841726619,0.47482014388489213
4cd769aa7bae0ad9762bd69b80ef2903,Scotland,Morocco,2026-06-19T22:00:00Z,skybet,3.8,3.25,2.0,h2h,0.2631578947368421,0.3076923076923077,0.5,0.24574669187145556,0.28733459357277885,0.4669187145557656
4cd769aa7bae0ad9762bd69b80ef2903,Scotland,Morocco,2026-06-19T22:00:00Z,paddypower,3.8,3.3,2.0,h2h,0.2631578947368421,0.30303030303030304,0.5,0.24682124158563945,0.28421839940164545,0.468960359012715
4cd769aa7bae0ad9762bd69b80ef2903,Scotland,Morocco,2026-06-19T22:00:00Z,smarkets,4.1,3.4,1.98,h2h,0.24390243902439027,0.29411764705882354,0.5050505050505051,0.23383119138589786,0.28197290725946506,0.48419590135463697
4cd769aa7bae0ad9762bd69b80ef2903,Scotland,Morocco,2026-06-19T22:00:00Z,betfair_ex_uk,4.3,3.45,2.02,h2h,0.23255813953488372,0.2898550724637681,0.49504950495049505,0.22856674319449002,0.28488028861921944,0.4865529681862906
4cd769aa7bae0ad9762bd69b80ef2903,Scotland,Morocco,2026-06-19T22:00:00Z,betfair_ex_eu,4.3,3.45,2.02,h2h,0.23255813953488372,0.2898550724637681,0.49504950495049505,0.22856674319449002,0.28488028861921944,0.4865529681862906
4cd769aa7bae0ad9762bd69b80ef2903,Scotland,Morocco,2026-06-19T22:00:00Z,betfair_ex_au,4.3,3.45,2.02,h2h,0.23255813953488372,0.2898550724637681,0.49504950495049505,0.22856674319449002,0.28488028861921944,0.4865529681862906
4cd769aa7bae0ad9762bd69b80ef2903,Scotland,Morocco,2026-06-19T22:00:00Z,pinnacle,4.1,3.2,1.95,h2h,0.24390243902439027,0.3125,0.5128205128205129,0.22811186254798024,0.29226832388959967,0.47961981356242
4cd769aa7bae0ad9762bd69b80ef2903,Scotland,Morocco,2026-06-19T22:00:00Z,coolbet,4.2,3.4,2.0,h2h,0.23809523809523808,0.29411764705882354,0.5,0.23066485753052918,0.2849389416553596,0.48439620081411133
4cd769aa7bae0ad9762bd69b80ef2903,Scotland,Morocco,2026-06-19T22:00:00Z,betonlineag,4.47,3.4,1.93,h2h,0.2237136465324385,0.29411764705882354,0.5181347150259068,0.21594689851943752,0.2839066577593781,0.5001464437211843
4cd769aa7bae0ad9762bd69b80ef2903,Scotland,Morocco,2026-06-19T22:00:00Z,bovada,4.15,3.25,1.97,h2h,0.24096385542168672,0.3076923076923077,0.5076142131979695,0.22812705991341684,0.2913007072740554,0.48057223281252787
4cd769aa7bae0ad9762bd69b80ef2903,Scotland,Morocco,2026-06-19T22:00:00Z,everygame,4.2,3.25,2.0,h2h,0.23809523809523808,0.3076923076923077,0.5,0.2276707530647986,0.29422066549912435,0.47810858143607704
4cd769aa7bae0ad9762bd69b80ef2903,Scotland,Morocco,2026-06-19T22:00:00Z,draftkings,4.1,3.3,2.0,h2h,0.24390243902439027,0.30303030303030304,0.5,0.2329685845393576,0.28944581715495943,0.47758559830568303
4cd769aa7bae0ad9762bd69b80ef2903,Scotland,Morocco,2026-06-19T22:00:00Z,betclic_fr,3.95,3.23,1.93,h2h,0.2531645569620253,0.30959752321981426,0.5181347150259068,0.23421714088195397,0.2864265345150831,0.4793563246029629
4cd769aa7bae0ad9762bd69b80ef2903,Scotland,Morocco,2026-06-19T22:00:00Z,neds,3.75,3.3,2.0,h2h,0.26666666666666666,0.30303030303030304,0.5,0.24929178470254953,0.28328611898017,0.4674220963172804
4cd769aa7bae0ad9762bd69b80ef2903,Scotland,Morocco,2026-06-19T22:00:00Z,ladbrokes_au,3.75,3.3,2.0,h2h,0.26666666666666666,0.30303030303030304,0.5,0.24929178470254953,0.28328611898017,0.4674220963172804
4cd769aa7bae0ad9762bd69b80ef2903,Scotland,Morocco,2026-06-19T22:00:00Z,ladbrokes_uk,3.75,3.3,2.0,h2h,0.26666666666666666,0.30303030303030304,0.5,0.24929178470254953,0.28328611898017,0.4674220963172804
4cd769aa7bae0ad9762bd69b80ef2903,Scotland,Morocco,2026-06-19T22:00:00Z,betmgm,3.5,3.1,1.91,h2h,0.2857142857142857,0.3225806451612903,0.5235602094240838,0.25243008185538884,0.28500170532060026,0.46256821282401095
4cd769aa7bae0ad9762bd69b80ef2903,Scotland,Morocco,2026-06-19T22:00:00Z,coral,3.8,3.3,2.05,h2h,0.2631578947368421,0.30303030303030304,0.48780487804878053,0.24967706218859564,0.28750692009595863,0.46281601771544567
4cd769aa7bae0ad9762bd69b80ef2903,Scotland,Morocco,2026-06-19T22:00:00Z,boylesports,4.0,3.1,1.95,h2h,0.25,0.3225806451612903,0.5128205128205129,0.2303295865879215,0.29719946656505997,0.4724709468470185
4cd769aa7bae0ad9762bd69b80ef2903,Scotland,Morocco,2026-06-19T22:00:00Z,sport888,3.9,3.0,1.95,h2h,0.25641025641025644,0.3333333333333333,0.5128205128205129,0.23255813953488375,0.3023255813953488,0.4651162790697675
4cd769aa7bae0ad9762bd69b80ef2903,Scotland,Morocco,2026-06-19T22:00:00Z,williamhill,4.0,3.1,2.0,h2h,0.25,0.3225806451612903,0.5,0.2330827067669173,0.3007518796992481,0.4661654135338346
4cd769aa7bae0ad9762bd69b80ef2903,Scotland,Morocco,2026-06-19T22:00:00Z,tab,4.0,3.2,1.95,h2h,0.25,0.3125,0.5128205128205129,0.23248882265275708,0.2906110283159464,0.4769001490312966
4cd769aa7bae0ad9762bd69b80ef2903,Scotland,Morocco,2026-06-19T22:00:00Z,codere_it,4.0,3.3,2.01,h2h,0.25,0.30303030303030304,0.49751243781094534,0.2379722311914756,0.28845118932300073,0.4735765794855236
ef0f74a991d3e35798ae5af77667bce1,Brazil,Haiti,2026-06-20T01:00:00Z,unibet,1.05,12.5,31.0,h2h,0.9523809523809523,0.08,0.03225806451612903,0.8945576268251861,0.07514284065331564,0.030299532521498238
ef0f74a991d3e35798ae5af77667bce1,Brazil,Haiti,2026-06-20T01:00:00Z,grosvenor,1.06,12.5,31.0,h2h,0.9433962264150942,0.08,0.03225806451612903,0.8936602015636171,0.07578238509259475,0.0305574133437882
ef0f74a991d3e35798ae5af77667bce1,Brazil,Haiti,2026-06-20T01:00:00Z,casumo,1.06,13.0,35.0,h2h,0.9433962264150942,0.07692307692307693,0.02857142857142857,0.8994227880129675,0.07333755040721121,0.027239661579821304
ef0f74a991d3e35798ae5af77667bce1,Brazil,Haiti,2026-06-20T01:00:00Z,betrivers,1.06,13.0,35.0,h2h,0.9433962264150942,0.07692307692307693,0.02857142857142857,0.8994227880129675,0.07333755040721121,0.027239661579821304
ef0f74a991d3e35798ae5af77667bce1,Brazil,Haiti,2026-06-20T01:00:00Z,pmu_fr,1.06,13.0,35.0,h2h,0.9433962264150942,0.07692307692307693,0.02857142857142857,0.8994227880129675,0.07333755040721121,0.027239661579821304
ef0f74a991d3e35798ae5af77667bce1,Brazil,Haiti,2026-06-20T01:00:00Z,unibet_nl,1.07,14.0,41.0,h2h,0.9345794392523364,0.07142857142857142,0.024390243902439025,0.907007979774038,0.06932132416844433,0.02367069605751758
ef0f74a991d3e35798ae5af77667bce1,Brazil,Haiti,2026-06-20T01:00:00Z,tipico_de,1.07,12.0,25.0,h2h,0.9345794392523364,0.08333333333333333,0.04,0.8834182396419211,0.07877145970140463,0.03781030065667422
ef0f74a991d3e35798ae5af77667bce1,Brazil,Haiti,2026-06-20T01:00:00Z,leovegas,1.06,13.0,35.0,h2h,0.9433962264150942,0.07692307692307693,0.02857142857142857,0.8994227880129675,0.07333755040721121,0.027239661579821304
ef0f74a991d3e35798ae5af77667bce1,Brazil,Haiti,2026-06-20T01:00:00Z,unibet_se,1.06,14.0,41.0,h2h,0.9433962264150942,0.07142857142857142,0.024390243902439025,0.9077969318361536,0.0687331962675945,0.02346987189625178
ef0f74a991d3e35798ae5af77667bce1,Brazil,Haiti,2026-06-20T01:00:00Z,leovegas_se,1.06,13.0,35.0,h2h,0.9433962264150942,0.07692307692307693,0.02857142857142857,0.8994227880129675,0.07333755040721121,0.027239661579821304
ef0f74a991d3e35798ae5af77667bce1,Brazil,Haiti,2026-06-20T01:00:00Z,tabtouch,1.05,12.5,31.0,h2h,0.9523809523809523,0.08,0.03225806451612903,0.8945576268251861,0.07514284065331564,0.030299532521498238
ef0f74a991d3e35798ae5af77667bce1,Brazil,Haiti,2026-06-20T01:00:00Z,marathonbet,1.06,10.25,30.0,h2h,0.9433962264150942,0.0975609756097561,0.03333333333333333,0.8781574400639698,0.09081433038710322,0.031028229548926936
ef0f74a991d3e35798ae5af77667bce1,Brazil,Haiti,2026-06-20T01:00:00Z,onexbet,1.07,12.4,36.0,h2h,0.9345794392523364,0.08064516129032258,0.027777777777777776,0.8960472753257807,0.07732020843536978,0.02663251623884959
ef0f74a991d3e35798ae5af77667bce1,Brazil,Haiti,2026-06-20T01:00:00Z,betfred_uk,1.09,9.5,26.0,h2h,0.9174311926605504,0.10526315789473684,0.038461538461538464,0.8645583576891439,0.09919669577696494,0.036244946533891036
ef0f74a991d3e35798ae5af77667bce1,Brazil,Haiti,2026-06-20T01:00:00Z,betright,1.08,9.0,21.0,h2h,0.9259259259259258,0.1111111111111111,0.047619047619047616,0.8536585365853657,0.1024390243902439,0.04390243902439024
ef0f74a991d3e35798ae5af77667bce1,Brazil,Haiti,2026-06-20T01:00:00Z,coolbet,1.1,11.0,35.0,h2h,0.9090909090909091,0.09090909090909091,0.02857142857142857,0.8838383838383839,0.0883838383838384,0.02777777777777778
ef0f74a991d3e35798ae5af77667bce1,Brazil,Haiti,2026-06-20T01:00:00Z,betr_au,1.08,9.5,24.0,h2h,0.9259259259259258,0.10526315789473684,0.041666666666666664,0.8630479218714511,0.0981149216443334,0.038837156484215304
ef0f74a991d3e35798ae5af77667bce1,Brazil,Haiti,2026-06-20T01:00:00Z,sportsbet,1.07,11.0,31.0,h2h,0.9345794392523364,0.09090909090909091,0.03225806451612903,0.8835570295900917,0.08594600196921802,0.03049696844069026
ef0f74a991d3e35798ae5af77667bce1,Brazil,Haiti,2026-06-20T01:00:00Z,fanduel,1.08,11.0,31.0,h2h,0.9259259259259258,0.09090909090909091,0.03225806451612903,0.8825965420851021,0.08665493322290094,0.030748524691997108
ef0f74a991d3e35798ae5af77667bce1,Brazil,Haiti,2026-06-20T01:00:00Z,skybet,1.07,10.5,21.0,h2h,0.9345794392523364,0.09523809523809523,0.047619047619047616,0.8674101610904584,0.08839322593969433,0.044196612969847164
ef0f74a991d3e35798ae5af77667bce1,Brazil,Haiti,2026-06-20T01:00:00Z,paddypower,1.07,11.0,29.0,h2h,0.9345794392523364,0.09090909090909091,0.034482758620689655,0.8817025981205084,0.08576561636263129,0.03253178551686014
ef0f74a991d3e35798ae5af77667bce1,Brazil,Haiti,2026-06-20T01:00:00Z,betfair_ex_eu,1.09,15.5,34.0,h2h,0.9174311926605504,0.06451612903225806,0.029411764705882353,0.9071270580337548,0.06379151569398663,0.029081426272258612
ef0f74a991d3e35798ae5af77667bce1,Brazil,Haiti,2026-06-20T01:00:00Z,betfair_ex_au,1.09,15.5,29.0,h2h,0.9174311926605504,0.06451612903225806,0.034482758620689655,0.9026013795042217,0.06347325830061946,0.03392536219515868
ef0f74a991d3e35798ae5af77667bce1,Brazil,Haiti,2026-06-20T01:00:00Z,pointsbetau,1.07,12.0,29.0,h2h,0.9345794392523364,0.08333333333333333,0.034482758620689655,0.8880496082884629,0.07918442340572128,0.0327659683058157
ef0f74a991d3e35798ae5af77667bce1,Brazil,Haiti,2026-06-20T01:00:00Z,smarkets,1.09,14.99,32.05,h2h,0.9174311926605504,0.066711140760507,0.031201248049921998,0.9035672351731633,0.06570302110331876,0.03072974372351788
ef0f74a991d3e35798ae5af77667bce1,Brazil,Haiti,2026-06-20T01:00:00Z,betfair_ex_uk,1.09,15.5,34.0,h2h,0.9174311926605504,0.06451612903225806,0.029411764705882353,0.9071270580337548,0.06379151569398663,0.029081426272258612
ef0f74a991d3e35798ae5af77667bce1,Brazil,Haiti,2026-06-20T01:00:00Z,betonlineag,1.07,13.35,34.0,h2h,0.9345794392523364,0.0749063670411985,0.029411764705882353,0.899587664213396,0.07210178282459428,0.028310552962009815
ef0f74a991d3e35798ae5af77667bce1,Brazil,Haiti,2026-06-20T01:00:00Z,winamax_de,1.04,10.0,18.0,h2h,0.9615384615384615,0.1,0.05555555555555555,0.8607498087222646,0.08951798010711554,0.04973221117061974
ef0f74a991d3e35798ae5af77667bce1,Brazil,Haiti,2026-06-20T01:00:00Z,winamax_fr,1.04,9.0,16.0,h2h,0.9615384615384615,0.1111111111111111,0.0625,0.8470588235294118,0.09788235294117646,0.055058823529411764
ef0f74a991d3e35798ae5af77667bce1,Brazil,Haiti,2026-06-20T01:00:00Z,unibet_fr,1.06,12.0,29.0,h2h,0.9433962264150942,0.08333333333333333,0.034482758620689655,0.8889797169570326,0.07852654166453787,0.03249374137842947
ef0f74a991d3e35798ae5af77667bce1,Brazil,Haiti,2026-06-20T01:00:00Z,everygame,1.07,12.0,29.0,h2h,0.9345794392523364,0.08333333333333333,0.034482758620689655,0.8880496082884629,0.07918442340572128,0.0327659683058157
ef0f74a991d3e35798ae5af77667bce1,Brazil,Haiti,2026-06-20T01:00:00Z,draftkings,1.07,13.0,26.0,h2h,0.9345794392523364,0.07692307692307693,0.038461538461538464,0.8901061280383429,0.0732625813077713,0.03663129065388565
ef0f74a991d3e35798ae5af77667bce1,Brazil,Haiti,2026-06-20T01:00:00Z,betclic_fr,1.06,10.5,26.0,h2h,0.9433962264150942,0.09523809523809523,0.038461538461538464,0.8758702557027815,0.08842118771856652,0.035708556578651865
ef0f74a991d3e35798ae5af77667bce1,Brazil,Haiti,2026-06-20T01:00:00Z,ladbrokes_uk,1.08,12.0,23.0,h2h,0.9259259259259258,0.08333333333333333,0.043478260869565216,0.8795411089866157,0.07915869980879542,0.041300191204588915
ef0f74a991d3e35798ae5af77667bce1,Brazil,Haiti,2026-06-20T01:00:00Z,coral,1.09,12.0,26.0,h2h,0.9174311926605504,0.08333333333333333,0.038461538461538464,0.8828023315035933,0.08018787844490972,0.0370097900514968
ef0f74a991d3e35798ae5af77667bce1,Brazil,Haiti,2026-06-20T01:00:00Z,ladbrokes_au,1.08,11.5,21.0,h2h,0.9259259259259258,0.08695652173913043,0.047619047619047616,0.8731019522776573,0.08199566160520608,0.044902386117136664
ef0f74a991d3e35798ae5af77667bce1,Brazil,Haiti,2026-06-20T01:00:00Z,neds,1.08,11.5,21.0,h2h,0.9259259259259258,0.08695652173913043,0.047619047619047616,0.8731019522776573,0.08199566160520608,0.044902386117136664
ef0f74a991d3e35798ae5af77667bce1,Brazil,Haiti,2026-06-20T01:00:00Z,betmgm,1.07,10.0,19.5,h2h,0.9345794392523364,0.1,0.05128205128205128,0.8606801580120496,0.0920927769072893,0.04722706508066118
ef0f74a991d3e35798ae5af77667bce1,Brazil,Haiti,2026-06-20T01:00:00Z,mybookieag,1.06,10.0,25.0,h2h,0.9433962264150942,0.1,0.04,0.8707767328456983,0.09230233368164403,0.03692093347265762
ef0f74a991d3e35798ae5af77667bce1,Brazil,Haiti,2026-06-20T01:00:00Z,boylesports,1.08,11.0,34.0,h2h,0.9259259259259258,0.09090909090909091,0.029411764705882353,0.8849976336961667,0.08689067676289638,0.028111689540937065
ef0f74a991d3e35798ae5af77667bce1,Brazil,Haiti,2026-06-20T01:00:00Z,sport888,1.08,10.0,29.0,h2h,0.9259259259259258,0.1,0.034482758620689655,0.8731783692641213,0.09430326388052511,0.03251836685535348
ef0f74a991d3e35798ae5af77667bce1,Brazil,Haiti,2026-06-20T01:00:00Z,williamhill,1.08,10.0,29.0,h2h,0.9259259259259258,0.1,0.034482758620689655,0.8731783692641213,0.09430326388052511,0.03251836685535348
ef0f74a991d3e35798ae5af77667bce1,Brazil,Haiti,2026-06-20T01:00:00Z,unibet_uk,1.07,10.0,29.0,h2h,0.9345794392523364,0.1,0.034482758620689655,0.8742049256925812,0.0935399270491062,0.03225514725831248
ef0f74a991d3e35798ae5af77667bce1,Brazil,Haiti,2026-06-20T01:00:00Z,tab,1.09,10.0,34.0,h2h,0.9174311926605504,0.1,0.029411764705882353,0.8763790081451697,0.09552531188782351,0.028095679967006914
ef0f74a991d3e35798ae5af77667bce1,Brazil,Haiti,2026-06-20T01:00:00Z,codere_it,1.08,12.0,29.0,h2h,0.9259259259259258,0.08333333333333333,0.034482758620689655,0.8871214438666258,0.07984092994799634,0.0330376261853778
f955d4b3395ce6e3b5ac1031ca52ca4e,Turkey,Paraguay,2026-06-20T03:00:00Z,unibet,2.18,3.15,3.35,h2h,0.4587155963302752,0.31746031746031744,0.29850746268656714,0.42683790069774497,0.29539892810193147,0.2777631712003236
f955d4b3395ce6e3b5ac1031ca52ca4e,Turkey,Paraguay,2026-06-20T03:00:00Z,grosvenor,2.2,3.2,3.35,h2h,0.45454545454545453,0.3125,0.29850746268656714,0.4265817747711898,0.293274970155193,0.28014325507361715
f955d4b3395ce6e3b5ac1031ca52ca4e,Turkey,Paraguay,2026-06-20T03:00:00Z,unibet_nl,2.25,3.3,3.5,h2h,0.4444444444444444,0.30303030303030304,0.2857142857142857,0.4301675977653632,0.2932960893854749,0.276536312849162
f955d4b3395ce6e3b5ac1031ca52ca4e,Turkey,Paraguay,2026-06-20T03:00:00Z,unibet_se,2.23,3.25,3.5,h2h,0.4484304932735426,0.3076923076923077,0.2857142857142857,0.4304228549806073,0.29533629741746287,0.2742408476019298
f955d4b3395ce6e3b5ac1031ca52ca4e,Turkey,Paraguay,2026-06-20T03:00:00Z,leovegas,2.23,3.25,3.45,h2h,0.4484304932735426,0.3076923076923077,0.2898550724637681,0.42871890951497893,0.29416712868258554,0.27711396180243564
f955d4b3395ce6e3b5ac1031ca52ca4e,Turkey,Paraguay,2026-06-20T03:00:00Z,tabtouch,2.18,3.15,3.35,h2h,0.4587155963302752,0.31746031746031744,0.29850746268656714,0.42683790069774497,0.29539892810193147,0.2777631712003236
f955d4b3395ce6e3b5ac1031ca52ca4e,Turkey,Paraguay,2026-06-20T03:00:00Z,gtbets,2.24,3.19,3.44,h2h,0.4464285714285714,0.31347962382445144,0.29069767441860467,0.4249248784114494,0.2983798519252811,0.2766952696632694
f955d4b3395ce6e3b5ac1031ca52ca4e,Turkey,Paraguay,2026-06-20T03:00:00Z,winamax_fr,2.05,3.0,3.1,h2h,0.48780487804878053,0.3333333333333333,0.3225806451612903,0.42650768172437514,0.29144691584498966,0.28204540243063514
f955d4b3395ce6e3b5ac1031ca52ca4e,Turkey,Paraguay,2026-06-20T03:00:00Z,leovegas_se,2.23,3.25,3.45,h2h,0.4484304932735426,0.3076923076923077,0.2898550724637681,0.42871890951497893,0.29416712868258554,0.27711396180243564
f955d4b3395ce6e3b5ac1031ca52ca4e,Turkey,Paraguay,2026-06-20T03:00:00Z,casumo,2.23,3.25,3.45,h2h,0.4484304932735426,0.3076923076923077,0.2898550724637681,0.42871890951497893,0.29416712868258554,0.27711396180243564
f955d4b3395ce6e3b5ac1031ca52ca4e,Turkey,Paraguay,2026-06-20T03:00:00Z,onexbet,2.27,3.23,3.42,h2h,0.44052863436123346,0.30959752321981426,0.29239766081871343,0.4225597790537103,0.2969692564866633,0.28047096445962644
f955d4b3395ce6e3b5ac1031ca52ca4e,Turkey,Paraguay,2026-06-20T03:00:00Z,unibet_uk,2.2,3.15,3.35,h2h,0.45454545454545453,0.31746031746031744,0.29850746268656714,0.4246051705059853,0.29654964289306907,0.27884518660094554
f955d4b3395ce6e3b5ac1031ca52ca4e,Turkey,Paraguay,2026-06-20T03:00:00Z,unibet_fr,2.2,3.2,3.45,h2h,0.45454545454545453,0.3125,0.2898550724637681,0.4300740163615115,0.29567588624853913,0.2742500973899494
f955d4b3395ce6e3b5ac1031ca52ca4e,Turkey,Paraguay,2026-06-20T03:00:00Z,betrivers,2.23,3.25,3.45,h2h,0.4484304932735426,0.3076923076923077,0.2898550724637681,0.42871890951497893,0.29416712868258554,0.27711396180243564
f955d4b3395ce6e3b5ac1031ca52ca4e,Turkey,Paraguay,2026-06-20T03:00:00Z,betright,2.2,3.05,3.3,h2h,0.45454545454545453,0.3278688524590164,0.30303030303030304,0.4187643020594966,0.30205949656750575,0.27917620137299776
f955d4b3395ce6e3b5ac1031ca52ca4e,Turkey,Paraguay,2026-06-20T03:00:00Z,betfred_uk,2.2,3.2,3.4,h2h,0.45454545454545453,0.3125,0.29411764705882354,0.4283464566929133,0.2944881889763779,0.27716535433070866
f955d4b3395ce6e3b5ac1031ca52ca4e,Turkey,Paraguay,2026-06-20T03:00:00Z,coolbet,2.25,3.25,3.55,h2h,0.4444444444444444,0.3076923076923077,0.28169014084507044,0.4299021891010712,0.2976245924545878,0.2724732184443409
f955d4b3395ce6e3b5ac1031ca52ca4e,Turkey,Paraguay,2026-06-20T03:00:00Z,sportsbet,2.2,3.2,3.4,h2h,0.45454545454545453,0.3125,0.29411764705882354,0.4283464566929133,0.2944881889763779,0.27716535433070866
f955d4b3395ce6e3b5ac1031ca52ca4e,Turkey,Paraguay,2026-06-20T03:00:00Z,betr_au,2.2,3.15,3.4,h2h,0.45454545454545453,0.31746031746031744,0.29411764705882354,0.4263535031847133,0.2977707006369426,0.27587579617834396
f955d4b3395ce6e3b5ac1031ca52ca4e,Turkey,Paraguay,2026-06-20T03:00:00Z,fanduel,2.25,3.2,3.4,h2h,0.4444444444444444,0.3125,0.29411764705882354,0.42285270112708895,0.29731830547998445,0.27982899339292655
f955d4b3395ce6e3b5ac1031ca52ca4e,Turkey,Paraguay,2026-06-20T03:00:00Z,skybet,2.2,3.1,3.3,h2h,0.45454545454545453,0.3225806451612903,0.30303030303030304,0.42081447963800905,0.2986425339366516,0.28054298642533937
f955d4b3395ce6e3b5ac1031ca52ca4e,Turkey,Paraguay,2026-06-20T03:00:00Z,paddypower,2.2,3.2,3.3,h2h,0.45454545454545453,0.3125,0.30303030303030304,0.4247787610619469,0.2920353982300885,0.2831858407079646
f955d4b3395ce6e3b5ac1031ca52ca4e,Turkey,Paraguay,2026-06-20T03:00:00Z,smarkets,2.18,2.98,3.2,h2h,0.4587155963302752,0.33557046979865773,0.3125,0.41445732862780543,0.303193616244502,0.2823490551276925
f955d4b3395ce6e3b5ac1031ca52ca4e,Turkey,Paraguay,2026-06-20T03:00:00Z,betfair_ex_eu,2.2,3.1,3.5,h2h,0.45454545454545453,0.3225806451612903,0.2857142857142857,0.4276704769412692,0.303508080409933,0.26882144264879776
f955d4b3395ce6e3b5ac1031ca52ca4e,Turkey,Paraguay,2026-06-20T03:00:00Z,betfair_ex_uk,2.2,3.1,3.5,h2h,0.45454545454545453,0.3225806451612903,0.2857142857142857,0.4276704769412692,0.303508080409933,0.26882144264879776
f955d4b3395ce6e3b5ac1031ca52ca4e,Turkey,Paraguay,2026-06-20T03:00:00Z,betfair_ex_au,2.2,3.1,3.5,h2h,0.45454545454545453,0.3225806451612903,0.2857142857142857,0.4276704769412692,0.303508080409933,0.26882144264879776
f955d4b3395ce6e3b5ac1031ca52ca4e,Turkey,Paraguay,2026-06-20T03:00:00Z,pointsbetau,2.2,3.2,3.4,h2h,0.45454545454545453,0.3125,0.29411764705882354,0.4283464566929133,0.2944881889763779,0.27716535433070866
f955d4b3395ce6e3b5ac1031ca52ca4e,Turkey,Paraguay,2026-06-20T03:00:00Z,pinnacle,2.2,3.13,3.42,h2h,0.45454545454545453,0.3194888178913738,0.29239766081871343,0.42623016094224075,0.2995866945919903,0.27418314446576886
f955d4b3395ce6e3b5ac1031ca52ca4e,Turkey,Paraguay,2026-06-20T03:00:00Z,marathonbet,2.21,3.14,3.32,h2h,0.45248868778280543,0.3184713375796178,0.30120481927710846,0.4220327592768021,0.29703579554195303,0.2809314451812448
f955d4b3395ce6e3b5ac1031ca52ca4e,Turkey,Paraguay,2026-06-20T03:00:00Z,betonlineag,2.22,3.3,3.55,h2h,0.4504504504504504,0.30303030303030304,0.28169014084507044,0.4351459772676621,0.29273456652551816,0.2721194562068197
f955d4b3395ce6e3b5ac1031ca52ca4e,Turkey,Paraguay,2026-06-20T03:00:00Z,bovada,2.22,3.15,3.45,h2h,0.4504504504504504,0.31746031746031744,0.2898550724637681,0.4258508199612061,0.3001234350202786,0.2740257450185153
f955d4b3395ce6e3b5ac1031ca52ca4e,Turkey,Paraguay,2026-06-20T03:00:00Z,everygame,2.25,3.15,3.45,h2h,0.4444444444444444,0.31746031746031744,0.2898550724637681,0.4225721784776903,0.30183727034120733,0.2755905511811024
f955d4b3395ce6e3b5ac1031ca52ca4e,Turkey,Paraguay,2026-06-20T03:00:00Z,draftkings,2.25,3.2,3.45,h2h,0.4444444444444444,0.3125,0.2898550724637681,0.42457456013844824,0.2985289875973464,0.2768964522642054
f955d4b3395ce6e3b5ac1031ca52ca4e,Turkey,Paraguay,2026-06-20T03:00:00Z,betclic_fr,2.15,3.15,3.37,h2h,0.46511627906976744,0.31746031746031744,0.29673590504451036,0.43093754440091747,0.29413197474983255,0.27493048084925
f955d4b3395ce6e3b5ac1031ca52ca4e,Turkey,Paraguay,2026-06-20T03:00:00Z,ladbrokes_uk,2.2,3.2,3.3,h2h,0.45454545454545453,0.3125,0.30303030303030304,0.4247787610619469,0.2920353982300885,0.2831858407079646
f955d4b3395ce6e3b5ac1031ca52ca4e,Turkey,Paraguay,2026-06-20T03:00:00Z,neds,2.2,3.2,3.3,h2h,0.45454545454545453,0.3125,0.30303030303030304,0.4247787610619469,0.2920353982300885,0.2831858407079646
f955d4b3395ce6e3b5ac1031ca52ca4e,Turkey,Paraguay,2026-06-20T03:00:00Z,ladbrokes_au,2.2,3.2,3.3,h2h,0.45454545454545453,0.3125,0.30303030303030304,0.4247787610619469,0.2920353982300885,0.2831858407079646
f955d4b3395ce6e3b5ac1031ca52ca4e,Turkey,Paraguay,2026-06-20T03:00:00Z,coral,2.25,3.25,3.3,h2h,0.4444444444444444,0.3076923076923077,0.30303030303030304,0.4212076583210604,0.2916053019145803,0.2871870397643594
f955d4b3395ce6e3b5ac1031ca52ca4e,Turkey,Paraguay,2026-06-20T03:00:00Z,mybookieag,2.18,3.12,3.34,h2h,0.4587155963302752,0.3205128205128205,0.29940119760479045,0.4252762859334954,0.29714817414583977,0.27757553992066475
f955d4b3395ce6e3b5ac1031ca52ca4e,Turkey,Paraguay,2026-06-20T03:00:00Z,boylesports,2.25,3.0,3.4,h2h,0.4444444444444444,0.3333333333333333,0.29411764705882354,0.4146341463414634,0.31097560975609756,0.27439024390243905
f955d4b3395ce6e3b5ac1031ca52ca4e,Turkey,Paraguay,2026-06-20T03:00:00Z,sport888,2.2,3.0,3.25,h2h,0.45454545454545453,0.3333333333333333,0.3076923076923077,0.4148936170212766,0.30425531914893617,0.28085106382978725
f955d4b3395ce6e3b5ac1031ca52ca4e,Turkey,Paraguay,2026-06-20T03:00:00Z,williamhill,2.2,3.1,3.3,h2h,0.45454545454545453,0.3225806451612903,0.30303030303030304,0.42081447963800905,0.2986425339366516,0.28054298642533937
f955d4b3395ce6e3b5ac1031ca52ca4e,Turkey,Paraguay,2026-06-20T03:00:00Z,betmgm,2.1,3.0,3.1,h2h,0.47619047619047616,0.3333333333333333,0.3225806451612903,0.4206241519674355,0.2944369063772049,0.28493894165535955
f955d4b3395ce6e3b5ac1031ca52ca4e,Turkey,Paraguay,2026-06-20T03:00:00Z,winamax_de,2.1,3.1,3.15,h2h,0.47619047619047616,0.3225806451612903,0.31746031746031744,0.42660550458715596,0.2889908256880734,0.2844036697247706
f955d4b3395ce6e3b5ac1031ca52ca4e,Turkey,Paraguay,2026-06-20T03:00:00Z,tab,2.2,3.15,3.3,h2h,0.45454545454545453,0.31746031746031744,0.30303030303030304,0.4228187919463087,0.2953020134228188,0.2818791946308725
f955d4b3395ce6e3b5ac1031ca52ca4e,Turkey,Paraguay,2026-06-20T03:00:00Z,tipico_de,2.2,3.1,3.6,h2h,0.45454545454545453,0.3225806451612903,0.2777777777777778,0.43088803088803085,0.30579150579150577,0.2633204633204633
f955d4b3395ce6e3b5ac1031ca52ca4e,Turkey,Paraguay,2026-06-20T03:00:00Z,codere_it,2.23,3.2,3.45,h2h,0.4484304932735426,0.3125,0.2898550724637681,0.42675737837994554,0.29739654805852456,0.27584607356153
4f0c518545b0096c68326daf25bffc1e,Netherlands,Sweden,2026-06-20T17:00:00Z,unibet,1.62,3.85,5.1,h2h,0.6172839506172839,0.2597402597402597,0.19607843137254904,0.5752329056073123,0.24204605378801194,0.18272104060467573
4f0c518545b0096c68326daf25bffc1e,Netherlands,Sweden,2026-06-20T17:00:00Z,grosvenor,1.63,3.85,5.2,h2h,0.6134969325153374,0.2597402597402597,0.1923076923076923,0.5757588829932561,0.2437628517607811,0.18047826524596294
4f0c518545b0096c68326daf25bffc1e,Netherlands,Sweden,2026-06-20T17:00:00Z,betrivers,1.65,3.95,5.3,h2h,0.6060606060606061,0.2531645569620253,0.18867924528301888,0.5783548587609643,0.24159127011533946,0.18005387112369642
4f0c518545b0096c68326daf25bffc1e,Netherlands,Sweden,2026-06-20T17:00:00Z,pmu_fr,1.65,3.95,5.3,h2h,0.6060606060606061,0.2531645569620253,0.18867924528301888,0.5783548587609643,0.24159127011533946,0.18005387112369642
4f0c518545b0096c68326daf25bffc1e,Netherlands,Sweden,2026-06-20T17:00:00Z,unibet_nl,1.66,4.0,5.4,h2h,0.6024096385542169,0.25,0.18518518518518517,0.5805827330394581,0.2409418342113751,0.17847543274916672
4f0c518545b0096c68326daf25bffc1e,Netherlands,Sweden,2026-06-20T17:00:00Z,unibet_se,1.65,4.0,5.4,h2h,0.6060606060606061,0.25,0.18518518518518517,0.582053354890865,0.24009700889248178,0.17784963621665317
4f0c518545b0096c68326daf25bffc1e,Netherlands,Sweden,2026-06-20T17:00:00Z,leovegas,1.65,3.95,5.3,h2h,0.6060606060606061,0.2531645569620253,0.18867924528301888,0.5783548587609643,0.24159127011533946,0.18005387112369642
4f0c518545b0096c68326daf25bffc1e,Netherlands,Sweden,2026-06-20T17:00:00Z,unibet_fr,1.62,4.0,5.2,h2h,0.6172839506172839,0.25,0.1923076923076923,0.582567779520502,0.23593995070580331,0.18149226977369484
4f0c518545b0096c68326daf25bffc1e,Netherlands,Sweden,2026-06-20T17:00:00Z,tabtouch,1.62,3.85,5.1,h2h,0.6172839506172839,0.2597402597402597,0.19607843137254904,0.5752329056073123,0.24204605378801194,0.18272104060467573
4f0c518545b0096c68326daf25bffc1e,Netherlands,Sweden,2026-06-20T17:00:00Z,gtbets,1.64,3.91,5.16,h2h,0.6097560975609756,0.2557544757033248,0.19379844961240308,0.5756168260561934,0.24143519046858242,0.18294798347522423
4f0c518545b0096c68326daf25bffc1e,Netherlands,Sweden,2026-06-20T17:00:00Z,winamax_fr,1.54,3.7,4.5,h2h,0.6493506493506493,0.27027027027027023,0.2222222222222222,0.5686863856820821,0.23669649566227197,0.19461711865564588
4f0c518545b0096c68326daf25bffc1e,Netherlands,Sweden,2026-06-20T17:00:00Z,leovegas_se,1.65,3.95,5.3,h2h,0.6060606060606061,0.2531645569620253,0.18867924528301888,0.5783548587609643,0.24159127011533946,0.18005387112369642
4f0c518545b0096c68326daf25bffc1e,Netherlands,Sweden,2026-06-20T17:00:00Z,casumo,1.65,3.95,5.3,h2h,0.6060606060606061,0.2531645569620253,0.18867924528301888,0.5783548587609643,0.24159127011533946,0.18005387112369642
4f0c518545b0096c68326daf25bffc1e,Netherlands,Sweden,2026-06-20T17:00:00Z,onexbet,1.64,4.08,5.4,h2h,0.6097560975609756,0.24509803921568626,0.18518518518518517,0.5862817728956443,0.2356622812619747,0.17805594584238088
4f0c518545b0096c68326daf25bffc1e,Netherlands,Sweden,2026-06-20T17:00:00Z,unibet_uk,1.62,3.9,5.0,h2h,0.6172839506172839,0.25641025641025644,0.2,0.574915973819211,0.23881125066336462,0.18627277551742438
4f0c518545b0096c68326daf25bffc1e,Netherlands,Sweden,2026-06-20T17:00:00Z,marathonbet,1.59,3.96,5.25,h2h,0.6289308176100629,0.25252525252525254,0.19047619047619047,0.5867262706052678,0.23557948743999393,0.17769424195473826
4f0c518545b0096c68326daf25bffc1e,Netherlands,Sweden,2026-06-20T17:00:00Z,mybookieag,1.62,3.85,5.0,h2h,0.6172839506172839,0.2597402597402597,0.2,0.5731384166492989,0.24116473635632835,0.18569684699437286
4f0c518545b0096c68326daf25bffc1e,Netherlands,Sweden,2026-06-20T17:00:00Z,betright,1.62,3.75,4.9,h2h,0.6172839506172839,0.26666666666666666,0.2040816326530612,0.5673397554649869,0.2450907743608744,0.18756947017413855
4f0c518545b0096c68326daf25bffc1e,Netherlands,Sweden,2026-06-20T17:00:00Z,betfred_uk,1.67,3.75,5.0,h2h,0.5988023952095809,0.26666666666666666,0.2,0.562008242787561,0.2502810041213938,0.18771075309104535
4f0c518545b0096c68326daf25bffc1e,Netherlands,Sweden,2026-06-20T17:00:00Z,sportsbet,1.65,3.9,5.0,h2h,0.6060606060606061,0.25641025641025644,0.2,0.5704256252742431,0.2413339183852567,0.1882404563405002
4f0c518545b0096c68326daf25bffc1e,Netherlands,Sweden,2026-06-20T17:00:00Z,betr_au,1.65,3.8,5.0,h2h,0.6060606060606061,0.2631578947368421,0.2,0.5668257756563246,0.2461217183770883,0.18705250596658712
4f0c518545b0096c68326daf25bffc1e,Netherlands,Sweden,2026-06-20T17:00:00Z,coolbet,1.68,4.0,5.5,h2h,0.5952380952380952,0.25,0.18181818181818182,0.5795574288724974,0.24341412012644892,0.17702845100105374
4f0c518545b0096c68326daf25bffc1e,Netherlands,Sweden,2026-06-20T17:00:00Z,fanduel,1.65,4.0,5.1,h2h,0.6060606060606061,0.25,0.19607843137254904,0.5760271071579839,0.23761118170266834,0.18636171113934774
4f0c518545b0096c68326daf25bffc1e,Netherlands,Sweden,2026-06-20T17:00:00Z,skybet,1.62,3.8,5.0,h2h,0.6172839506172839,0.2631578947368421,0.2,0.5713254751022372,0.24356507096463795,0.18510945393312486
4f0c518545b0096c68326daf25bffc1e,Netherlands,Sweden,2026-06-20T17:00:00Z,smarkets,1.65,4.2,5.5,h2h,0.6060606060606061,0.23809523809523808,0.18181818181818182,0.5907172995780591,0.2320675105485232,0.17721518987341772
4f0c518545b0096c68326daf25bffc1e,Netherlands,Sweden,2026-06-20T17:00:00Z,paddypower,1.62,3.8,5.0,h2h,0.6172839506172839,0.2631578947368421,0.2,0.5713254751022372,0.24356507096463795,0.18510945393312486
4f0c518545b0096c68326daf25bffc1e,Netherlands,Sweden,2026-06-20T17:00:00Z,betfair_ex_au,1.64,4.2,5.5,h2h,0.6097560975609756,0.23809523809523808,0.18181818181818182,0.5921862182116489,0.2312346185397867,0.1765791632485644
4f0c518545b0096c68326daf25bffc1e,Netherlands,Sweden,2026-06-20T17:00:00Z,betfair_ex_uk,1.64,4.2,5.6,h2h,0.6097560975609756,0.23809523809523808,0.17857142857142858,0.594059405940594,0.23196605374823195,0.173974540311174
4f0c518545b0096c68326daf25bffc1e,Netherlands,Sweden,2026-06-20T17:00:00Z,betfair_ex_eu,1.64,4.2,5.6,h2h,0.6097560975609756,0.23809523809523808,0.17857142857142858,0.594059405940594,0.23196605374823195,0.173974540311174
4f0c518545b0096c68326daf25bffc1e,Netherlands,Sweden,2026-06-20T17:00:00Z,pointsbetau,1.67,4.0,5.0,h2h,0.5988023952095809,0.25,0.2,0.5709391949757351,0.2383671139023694,0.19069369112189552
4f0c518545b0096c68326daf25bffc1e,Netherlands,Sweden,2026-06-20T17:00:00Z,pinnacle,1.61,4.01,4.96,h2h,0.6211180124223602,0.24937655860349128,0.20161290322580647,0.5793430484718027,0.23260406684279364,0.18805288468540374
4f0c518545b0096c68326daf25bffc1e,Netherlands,Sweden,2026-06-20T17:00:00Z,betonlineag,1.65,4.1,5.35,h2h,0.6060606060606061,0.24390243902439027,0.1869158878504673,0.584504696555859,0.23522749983345545,0.18026780361068548
4f0c518545b0096c68326daf25bffc1e,Netherlands,Sweden,2026-06-20T17:00:00Z,bovada,1.63,4.1,5.1,h2h,0.6134969325153374,0.24390243902439027,0.19607843137254904,0.582353924135242,0.23152119422937673,0.1861248816353813
4f0c518545b0096c68326daf25bffc1e,Netherlands,Sweden,2026-06-20T17:00:00Z,everygame,1.65,4.1,5.0,h2h,0.6060606060606061,0.24390243902439027,0.2,0.5772208925805997,0.23229621286780233,0.19048289455159792
4f0c518545b0096c68326daf25bffc1e,Netherlands,Sweden,2026-06-20T17:00:00Z,draftkings,1.65,4.1,5.25,h2h,0.6060606060606061,0.24390243902439027,0.19047619047619047,0.5825045666734322,0.23442256951491786,0.1830728638116501
4f0c518545b0096c68326daf25bffc1e,Netherlands,Sweden,2026-06-20T17:00:00Z,betclic_fr,1.6,3.9,5.1,h2h,0.625,0.25641025641025644,0.19607843137254904,0.5800524934383202,0.23797025371828526,0.1819772528433946
4f0c518545b0096c68326daf25bffc1e,Netherlands,Sweden,2026-06-20T17:00:00Z,ladbrokes_uk,1.67,3.9,5.0,h2h,0.5988023952095809,0.25641025641025644,0.2,0.5674708261793209,0.24299391787678612,0.18953525594389314
4f0c518545b0096c68326daf25bffc1e,Netherlands,Sweden,2026-06-20T17:00:00Z,coral,1.67,3.9,5.0,h2h,0.5988023952095809,0.25641025641025644,0.2,0.5674708261793209,0.24299391787678612,0.18953525594389314
4f0c518545b0096c68326daf25bffc1e,Netherlands,Sweden,2026-06-20T17:00:00Z,ladbrokes_au,1.65,3.8,4.8,h2h,0.6060606060606061,0.2631578947368421,0.20833333333333334,0.5624421831637373,0.244218316373728,0.1933395004625347
4f0c518545b0096c68326daf25bffc1e,Netherlands,Sweden,2026-06-20T17:00:00Z,neds,1.65,3.8,4.8,h2h,0.6060606060606061,0.2631578947368421,0.20833333333333334,0.5624421831637373,0.244218316373728,0.1933395004625347
4f0c518545b0096c68326daf25bffc1e,Netherlands,Sweden,2026-06-20T17:00:00Z,betmgm,1.61,3.6,4.5,h2h,0.6211180124223602,0.2777777777777778,0.2222222222222222,0.554016620498615,0.24776854416743618,0.19821483533394893
4f0c518545b0096c68326daf25bffc1e,Netherlands,Sweden,2026-06-20T17:00:00Z,boylesports,1.62,3.8,5.0,h2h,0.6172839506172839,0.2631578947368421,0.2,0.5713254751022372,0.24356507096463795,0.18510945393312486
4f0c518545b0096c68326daf25bffc1e,Netherlands,Sweden,2026-06-20T17:00:00Z,sport888,1.61,3.7,4.8,h2h,0.6211180124223602,0.27027027027027023,0.20833333333333334,0.5647956749880745,0.24576244235967562,0.18944188265224998
4f0c518545b0096c68326daf25bffc1e,Netherlands,Sweden,2026-06-20T17:00:00Z,williamhill,1.65,3.8,5.0,h2h,0.6060606060606061,0.2631578947368421,0.2,0.5668257756563246,0.2461217183770883,0.18705250596658712
4f0c518545b0096c68326daf25bffc1e,Netherlands,Sweden,2026-06-20T17:00:00Z,winamax_de,1.56,3.8,4.6,h2h,0.641025641025641,0.2631578947368421,0.2173913043478261,0.5715406748626732,0.23463248757520272,0.19382683756212402
4f0c518545b0096c68326daf25bffc1e,Netherlands,Sweden,2026-06-20T17:00:00Z,tab,1.65,3.7,5.5,h2h,0.6060606060606061,0.27027027027027023,0.18181818181818182,0.5727554179566563,0.2554179566563467,0.1718266253869969
4f0c518545b0096c68326daf25bffc1e,Netherlands,Sweden,2026-06-20T17:00:00Z,tipico_de,1.57,4.2,5.5,h2h,0.6369426751592356,0.23809523809523808,0.18181818181818182,0.6026768243366641,0.22528633671632445,0.1720368389470114
f1ab0f69832972a329243522ceaa7804,Germany,Ivory Coast,2026-06-20T20:00:00Z,unibet,1.56,4.0,5.6,h2h,0.641025641025641,0.25,0.17857142857142858,0.5993150684931506,0.23373287671232879,0.16695205479452055
f1ab0f69832972a329243522ceaa7804,Germany,Ivory Coast,2026-06-20T20:00:00Z,grosvenor,1.56,4.0,5.6,h2h,0.641025641025641,0.25,0.17857142857142858,0.5993150684931506,0.23373287671232879,0.16695205479452055
f1ab0f69832972a329243522ceaa7804,Germany,Ivory Coast,2026-06-20T20:00:00Z,betrivers,1.57,4.1,5.8,h2h,0.6369426751592356,0.24390243902439027,0.1724137931034483,0.6047351422831422,0.2315693105815935,0.16369554713526435
f1ab0f69832972a329243522ceaa7804,Germany,Ivory Coast,2026-06-20T20:00:00Z,pmu_fr,1.57,4.1,5.8,h2h,0.6369426751592356,0.24390243902439027,0.1724137931034483,0.6047351422831422,0.2315693105815935,0.16369554713526435
f1ab0f69832972a329243522ceaa7804,Germany,Ivory Coast,2026-06-20T20:00:00Z,unibet_nl,1.6,4.2,6.0,h2h,0.625,0.23809523809523808,0.16666666666666666,0.6069364161849711,0.2312138728323699,0.16184971098265893
f1ab0f69832972a329243522ceaa7804,Germany,Ivory Coast,2026-06-20T20:00:00Z,unibet_se,1.57,4.2,6.0,h2h,0.6369426751592356,0.23809523809523808,0.16666666666666666,0.6114427136409958,0.22856310962294366,0.15999417673606056
f1ab0f69832972a329243522ceaa7804,Germany,Ivory Coast,2026-06-20T20:00:00Z,leovegas,1.57,4.1,5.8,h2h,0.6369426751592356,0.24390243902439027,0.1724137931034483,0.6047351422831422,0.2315693105815935,0.16369554713526435
f1ab0f69832972a329243522ceaa7804,Germany,Ivory Coast,2026-06-20T20:00:00Z,unibet_fr,1.54,4.25,5.7,h2h,0.6493506493506493,0.23529411764705882,0.17543859649122806,0.6125467785981591,0.2219581268332153,0.16549509456862543
f1ab0f69832972a329243522ceaa7804,Germany,Ivory Coast,2026-06-20T20:00:00Z,tabtouch,1.56,4.0,5.6,h2h,0.641025641025641,0.25,0.17857142857142858,0.5993150684931506,0.23373287671232879,0.16695205479452055
f1ab0f69832972a329243522ceaa7804,Germany,Ivory Coast,2026-06-20T20:00:00Z,gtbets,1.54,4.3,5.56,h2h,0.6493506493506493,0.23255813953488372,0.1798561151079137,0.6115766747500794,0.21902978584072608,0.16939353940919466
f1ab0f69832972a329243522ceaa7804,Germany,Ivory Coast,2026-06-20T20:00:00Z,leovegas_se,1.57,4.1,5.8,h2h,0.6369426751592356,0.24390243902439027,0.1724137931034483,0.6047351422831422,0.2315693105815935,0.16369554713526435
f1ab0f69832972a329243522ceaa7804,Germany,Ivory Coast,2026-06-20T20:00:00Z,casumo,1.57,4.1,5.8,h2h,0.6369426751592356,0.24390243902439027,0.1724137931034483,0.6047351422831422,0.2315693105815935,0.16369554713526435
f1ab0f69832972a329243522ceaa7804,Germany,Ivory Coast,2026-06-20T20:00:00Z,winamax_fr,1.48,3.95,4.9,h2h,0.6756756756756757,0.2531645569620253,0.2040816326530612,0.5964009490648013,0.22346162142174833,0.1801374295134502
f1ab0f69832972a329243522ceaa7804,Germany,Ivory Coast,2026-06-20T20:00:00Z,onexbet,1.56,4.32,5.86,h2h,0.641025641025641,0.23148148148148145,0.1706484641638225,0.6145062627439558,0.22190503932420627,0.16358869793183806
f1ab0f69832972a329243522ceaa7804,Germany,Ivory Coast,2026-06-20T20:00:00Z,unibet_uk,1.54,4.2,5.5,h2h,0.6493506493506493,0.23809523809523808,0.18181818181818182,0.6072874493927125,0.2226720647773279,0.1700404858299595
f1ab0f69832972a329243522ceaa7804,Germany,Ivory Coast,2026-06-20T20:00:00Z,marathonbet,1.52,4.2,5.7,h2h,0.6578947368421053,0.23809523809523808,0.17543859649122806,0.6140350877192982,0.22222222222222218,0.1637426900584795
f1ab0f69832972a329243522ceaa7804,Germany,Ivory Coast,2026-06-20T20:00:00Z,mybookieag,1.53,4.1,5.5,h2h,0.6535947712418301,0.24390243902439027,0.18181818181818182,0.6055642086041141,0.22597883882055966,0.16845695257532628
f1ab0f69832972a329243522ceaa7804,Germany,Ivory Coast,2026-06-20T20:00:00Z,sportsbet,1.53,4.2,6.0,h2h,0.6535947712418301,0.23809523809523808,0.16666666666666666,0.6175562417291575,0.22496691662990734,0.15747684164093514
f1ab0f69832972a329243522ceaa7804,Germany,Ivory Coast,2026-06-20T20:00:00Z,betfred_uk,1.53,4.2,6.0,h2h,0.6535947712418301,0.23809523809523808,0.16666666666666666,0.6175562417291575,0.22496691662990734,0.15747684164093514
f1ab0f69832972a329243522ceaa7804,Germany,Ivory Coast,2026-06-20T20:00:00Z,betright,1.51,4.0,5.75,h2h,0.6622516556291391,0.25,0.17391304347826086,0.6097156869242494,0.23016767181390413,0.16011664126184635
f1ab0f69832972a329243522ceaa7804,Germany,Ivory Coast,2026-06-20T20:00:00Z,coolbet,1.53,4.3,6.25,h2h,0.6535947712418301,0.23255813953488372,0.16,0.6247602664094011,0.22229842037357758,0.15294131321702137
f1ab0f69832972a329243522ceaa7804,Germany,Ivory Coast,2026-06-20T20:00:00Z,betr_au,1.52,4.1,5.75,h2h,0.6578947368421053,0.24390243902439027,0.17391304347826086,0.6115910446986795,0.22673619218097388,0.16167276312034656
f1ab0f69832972a329243522ceaa7804,Germany,Ivory Coast,2026-06-20T20:00:00Z,paddypower,1.5,4.2,5.5,h2h,0.6666666666666666,0.23809523809523808,0.18181818181818182,0.6135458167330677,0.21912350597609562,0.16733067729083667
f1ab0f69832972a329243522ceaa7804,Germany,Ivory Coast,2026-06-20T20:00:00Z,fanduel,1.54,4.2,6.0,h2h,0.6493506493506493,0.23809523809523808,0.16666666666666666,0.6160164271047227,0.22587268993839832,0.15811088295687883
f1ab0f69832972a329243522ceaa7804,Germany,Ivory Coast,2026-06-20T20:00:00Z,skybet,1.53,4.0,5.75,h2h,0.6535947712418301,0.25,0.17391304347826086,0.6065800751631832,0.23201687874991758,0.16140304608689918
f1ab0f69832972a329243522ceaa7804,Germany,Ivory Coast,2026-06-20T20:00:00Z,smarkets,1.54,4.2,5.7,h2h,0.6493506493506493,0.23809523809523808,0.17543859649122806,0.6109324758842443,0.22400857449088957,0.165058949624866
f1ab0f69832972a329243522ceaa7804,Germany,Ivory Coast,2026-06-20T20:00:00Z,betfair_ex_au,1.55,4.6,5.7,h2h,0.6451612903225806,0.2173913043478261,0.17543859649122806,0.6215479435818418,0.20943463316344674,0.16901742325471136
f1ab0f69832972a329243522ceaa7804,Germany,Ivory Coast,2026-06-20T20:00:00Z,betfair_ex_uk,1.55,4.6,5.7,h2h,0.6451612903225806,0.2173913043478261,0.17543859649122806,0.6215479435818418,0.20943463316344674,0.16901742325471136
f1ab0f69832972a329243522ceaa7804,Germany,Ivory Coast,2026-06-20T20:00:00Z,betfair_ex_eu,1.56,4.6,5.7,h2h,0.641025641025641,0.2173913043478261,0.17543859649122806,0.6200340522133937,0.21027241770715097,0.16969353007945515
f1ab0f69832972a329243522ceaa7804,Germany,Ivory Coast,2026-06-20T20:00:00Z,pinnacle,1.53,4.29,5.29,h2h,0.6535947712418301,0.2331002331002331,0.1890359168241966,0.6075820248182804,0.21669009276735873,0.17572788241436085
f1ab0f69832972a329243522ceaa7804,Germany,Ivory Coast,2026-06-20T20:00:00Z,betonlineag,1.56,4.45,6.0,h2h,0.641025641025641,0.2247191011235955,0.16666666666666666,0.6209013534254221,0.2176642946839682,0.16143435189060976
f1ab0f69832972a329243522ceaa7804,Germany,Ivory Coast,2026-06-20T20:00:00Z,bovada,1.56,4.4,5.45,h2h,0.641025641025641,0.22727272727272727,0.18348623853211007,0.6094647486402683,0.21608295633609514,0.17445229502363643
f1ab0f69832972a329243522ceaa7804,Germany,Ivory Coast,2026-06-20T20:00:00Z,everygame,1.55,4.4,5.5,h2h,0.6451612903225806,0.22727272727272727,0.18181818181818182,0.611961057023644,0.21557719054242003,0.17246175243393602
f1ab0f69832972a329243522ceaa7804,Germany,Ivory Coast,2026-06-20T20:00:00Z,draftkings,1.56,4.4,5.75,h2h,0.641025641025641,0.22727272727272727,0.17391304347826086,0.6150629649438419,0.21806777848008943,0.16686925657606844
f1ab0f69832972a329243522ceaa7804,Germany,Ivory Coast,2026-06-20T20:00:00Z,betclic_fr,1.52,4.15,5.5,h2h,0.6578947368421053,0.24096385542168672,0.18181818181818182,0.608780305657056,0.22297495532499398,0.16824473901795003
f1ab0f69832972a329243522ceaa7804,Germany,Ivory Coast,2026-06-20T20:00:00Z,neds,1.55,4.2,5.5,h2h,0.6451612903225806,0.23809523809523808,0.18181818181818182,0.6057427559984266,0.2235479218565622,0.17070932214501117
f1ab0f69832972a329243522ceaa7804,Germany,Ivory Coast,2026-06-20T20:00:00Z,ladbrokes_au,1.55,4.2,5.5,h2h,0.6451612903225806,0.23809523809523808,0.18181818181818182,0.6057427559984266,0.2235479218565622,0.17070932214501117
f1ab0f69832972a329243522ceaa7804,Germany,Ivory Coast,2026-06-20T20:00:00Z,coral,1.55,4.2,5.5,h2h,0.6451612903225806,0.23809523809523808,0.18181818181818182,0.6057427559984266,0.2235479218565622,0.17070932214501117
f1ab0f69832972a329243522ceaa7804,Germany,Ivory Coast,2026-06-20T20:00:00Z,ladbrokes_uk,1.55,4.2,5.5,h2h,0.6451612903225806,0.23809523809523808,0.18181818181818182,0.6057427559984266,0.2235479218565622,0.17070932214501117
f1ab0f69832972a329243522ceaa7804,Germany,Ivory Coast,2026-06-20T20:00:00Z,betmgm,1.5,3.9,5.0,h2h,0.6666666666666666,0.25641025641025644,0.2,0.593607305936073,0.22831050228310504,0.17808219178082194
f1ab0f69832972a329243522ceaa7804,Germany,Ivory Coast,2026-06-20T20:00:00Z,boylesports,1.53,4.0,5.5,h2h,0.6535947712418301,0.25,0.18181818181818182,0.6021623101135898,0.23032708361844806,0.16751060626796224
f1ab0f69832972a329243522ceaa7804,Germany,Ivory Coast,2026-06-20T20:00:00Z,sport888,1.53,3.9,5.5,h2h,0.6535947712418301,0.25641025641025644,0.18181818181818182,0.5986269256530474,0.23484594775619558,0.16652712659075686
f1ab0f69832972a329243522ceaa7804,Germany,Ivory Coast,2026-06-20T20:00:00Z,williamhill,1.55,4.0,5.5,h2h,0.6451612903225806,0.25,0.18181818181818182,0.5990469707283866,0.23213070115724985,0.16882232811436354
f1ab0f69832972a329243522ceaa7804,Germany,Ivory Coast,2026-06-20T20:00:00Z,winamax_de,1.49,4.0,5.0,h2h,0.6711409395973155,0.25,0.2,0.5986231667165519,0.22298712960191558,0.17838970368153248
f1ab0f69832972a329243522ceaa7804,Germany,Ivory Coast,2026-06-20T20:00:00Z,tab,1.55,3.9,6.0,h2h,0.6451612903225806,0.25641025641025644,0.16666666666666666,0.6039488966318234,0.2400309717382888,0.1560201316298877
f1ab0f69832972a329243522ceaa7804,Germany,Ivory Coast,2026-06-20T20:00:00Z,tipico_de,1.52,4.6,5.7,h2h,0.6578947368421053,0.2173913043478261,0.17543859649122806,0.6261343012704174,0.2068965517241379,0.1669691470054446
f1ab0f69832972a329243522ceaa7804,Germany,Ivory Coast,2026-06-20T20:00:00Z,codere_it,1.56,4.3,5.8,h2h,0.641025641025641,0.23255813953488372,0.1724137931034483,0.6128366424218595,0.22233143306467465,0.1648319245134657
681895f294b670b4c7b14495dfb583bc,Ecuador,Curaçao,2026-06-21T00:00:00Z,unibet,1.19,6.25,14.0,h2h,0.8403361344537815,0.16,0.07142857142857142,0.7840677434530343,0.14928649835345775,0.06664575819350792
681895f294b670b4c7b14495dfb583bc,Ecuador,Curaçao,2026-06-21T00:00:00Z,winamax_de,1.16,6.5,10.0,h2h,0.8620689655172414,0.15384615384615385,0.1,0.77252198716425,0.13786546232469693,0.089612550511053
681895f294b670b4c7b14495dfb583bc,Ecuador,Curaçao,2026-06-21T00:00:00Z,grosvenor,1.2,6.25,15.0,h2h,0.8333333333333334,0.16,0.06666666666666667,0.7861635220125787,0.1509433962264151,0.06289308176100629
681895f294b670b4c7b14495dfb583bc,Ecuador,Curaçao,2026-06-21T00:00:00Z,betrivers,1.21,6.4,15.0,h2h,0.8264462809917356,0.15625,0.06666666666666667,0.7875695276223603,0.14889986381610248,0.06353060856153707
681895f294b670b4c7b14495dfb583bc,Ecuador,Curaçao,2026-06-21T00:00:00Z,pmu_fr,1.21,6.4,15.0,h2h,0.8264462809917356,0.15625,0.06666666666666667,0.7875695276223603,0.14889986381610248,0.06353060856153707
681895f294b670b4c7b14495dfb583bc,Ecuador,Curaçao,2026-06-21T00:00:00Z,unibet_nl,1.22,6.75,16.0,h2h,0.819672131147541,0.14814814814814814,0.0625,0.795550808441678,0.14378844241464403,0.06066074914367795
681895f294b670b4c7b14495dfb583bc,Ecuador,Curaçao,2026-06-21T00:00:00Z,unibet_se,1.21,6.5,16.0,h2h,0.8264462809917356,0.15384615384615385,0.0625,0.7925319108401601,0.14753286340255287,0.0599352257572871
681895f294b670b4c7b14495dfb583bc,Ecuador,Curaçao,2026-06-21T00:00:00Z,leovegas,1.21,6.4,15.0,h2h,0.8264462809917356,0.15625,0.06666666666666667,0.7875695276223603,0.14889986381610248,0.06353060856153707
681895f294b670b4c7b14495dfb583bc,Ecuador,Curaçao,2026-06-21T00:00:00Z,unibet_fr,1.19,6.7,15.0,h2h,0.8403361344537815,0.14925373134328357,0.06666666666666667,0.7955795856653182,0.14130443387189978,0.06311598046278191
681895f294b670b4c7b14495dfb583bc,Ecuador,Curaçao,2026-06-21T00:00:00Z,tabtouch,1.19,6.25,14.0,h2h,0.8403361344537815,0.16,0.07142857142857142,0.7840677434530343,0.14928649835345775,0.06664575819350792
681895f294b670b4c7b14495dfb583bc,Ecuador,Curaçao,2026-06-21T00:00:00Z,gtbets,1.27,6.21,15.16,h2h,0.7874015748031495,0.1610305958132045,0.06596306068601583,0.776227598972655,0.15874541879150916,0.06502698223583588
681895f294b670b4c7b14495dfb583bc,Ecuador,Curaçao,2026-06-21T00:00:00Z,winamax_fr,1.15,6.0,9.5,h2h,0.8695652173913044,0.16666666666666666,0.10526315789473684,0.7617774807885066,0.14600735048446373,0.09221516872702973
681895f294b670b4c7b14495dfb583bc,Ecuador,Curaçao,2026-06-21T00:00:00Z,leovegas_se,1.21,6.4,15.0,h2h,0.8264462809917356,0.15625,0.06666666666666667,0.7875695276223603,0.14889986381610248,0.06353060856153707
681895f294b670b4c7b14495dfb583bc,Ecuador,Curaçao,2026-06-21T00:00:00Z,casumo,1.21,6.4,15.0,h2h,0.8264462809917356,0.15625,0.06666666666666667,0.7875695276223603,0.14889986381610248,0.06353060856153707
681895f294b670b4c7b14495dfb583bc,Ecuador,Curaçao,2026-06-21T00:00:00Z,tipico_de,1.17,7.8,14.0,h2h,0.8547008547008548,0.12820512820512822,0.07142857142857142,0.8106543138390273,0.12159814707585409,0.0677475390851187
681895f294b670b4c7b14495dfb583bc,Ecuador,Curaçao,2026-06-21T00:00:00Z,onexbet,1.18,7.15,19.0,h2h,0.8474576271186441,0.13986013986013984,0.05263157894736842,0.8149027935239672,0.13448745403612322,0.05060975243990953
681895f294b670b4c7b14495dfb583bc,Ecuador,Curaçao,2026-06-21T00:00:00Z,unibet_uk,1.19,6.0,15.0,h2h,0.8403361344537815,0.16666666666666666,0.06666666666666667,0.7826767545003914,0.1552308896425776,0.062092355857031045
681895f294b670b4c7b14495dfb583bc,Ecuador,Curaçao,2026-06-21T00:00:00Z,marathonbet,1.16,6.55,17.5,h2h,0.8620689655172414,0.15267175572519084,0.05714285714285714,0.8042561551468886,0.1424331511405177,0.053310693712593754
681895f294b670b4c7b14495dfb583bc,Ecuador,Curaçao,2026-06-21T00:00:00Z,mybookieag,1.18,6.2,13.25,h2h,0.8474576271186441,0.16129032258064516,0.07547169811320754,0.781629099627977,0.14876166734855042,0.06960923302347266
681895f294b670b4c7b14495dfb583bc,Ecuador,Curaçao,2026-06-21T00:00:00Z,coolbet,1.22,6.5,18.0,h2h,0.819672131147541,0.15384615384615385,0.05555555555555555,0.7965143985295119,0.14949962557015456,0.053985975900333584
681895f294b670b4c7b14495dfb583bc,Ecuador,Curaçao,2026-06-21T00:00:00Z,betfred_uk,1.2,6.0,15.0,h2h,0.8333333333333334,0.16666666666666666,0.06666666666666667,0.78125,0.15625,0.0625
681895f294b670b4c7b14495dfb583bc,Ecuador,Curaçao,2026-06-21T00:00:00Z,betright,1.19,5.75,14.0,h2h,0.8403361344537815,0.17391304347826086,0.07142857142857142,0.7740198552919402,0.160188457008245,0.0657916876998149
681895f294b670b4c7b14495dfb583bc,Ecuador,Curaçao,2026-06-21T00:00:00Z,smarkets,1.21,7.2,14.49,h2h,0.8264462809917356,0.1388888888888889,0.06901311249137336,0.7990019368490705,0.13427671438713545,0.06672134876379401
681895f294b670b4c7b14495dfb583bc,Ecuador,Curaçao,2026-06-21T00:00:00Z,sportsbet,1.18,7.0,14.0,h2h,0.8474576271186441,0.14285714285714285,0.07142857142857142,0.798175598631699,0.13454960091220067,0.06727480045610033
681895f294b670b4c7b14495dfb583bc,Ecuador,Curaçao,2026-06-21T00:00:00Z,betr_au,1.2,6.0,15.0,h2h,0.8333333333333334,0.16666666666666666,0.06666666666666667,0.78125,0.15625,0.0625
681895f294b670b4c7b14495dfb583bc,Ecuador,Curaçao,2026-06-21T00:00:00Z,fanduel,1.2,7.0,14.0,h2h,0.8333333333333334,0.14285714285714285,0.07142857142857142,0.7954545454545454,0.13636363636363635,0.06818181818181818
681895f294b670b4c7b14495dfb583bc,Ecuador,Curaçao,2026-06-21T00:00:00Z,paddypower,1.18,7.0,14.0,h2h,0.8474576271186441,0.14285714285714285,0.07142857142857142,0.798175598631699,0.13454960091220067,0.06727480045610033
681895f294b670b4c7b14495dfb583bc,Ecuador,Curaçao,2026-06-21T00:00:00Z,skybet,1.2,7.0,11.0,h2h,0.8333333333333334,0.14285714285714285,0.09090909090909091,0.7809330628803246,0.13387423935091278,0.08519269776876268
681895f294b670b4c7b14495dfb583bc,Ecuador,Curaçao,2026-06-21T00:00:00Z,betfair_ex_au,1.21,7.0,15.0,h2h,0.8264462809917356,0.14285714285714285,0.06666666666666667,0.7977511016562833,0.13789697614344323,0.06435192220027351
681895f294b670b4c7b14495dfb583bc,Ecuador,Curaçao,2026-06-21T00:00:00Z,betfair_ex_uk,1.21,7.0,15.0,h2h,0.8264462809917356,0.14285714285714285,0.06666666666666667,0.7977511016562833,0.13789697614344323,0.06435192220027351
681895f294b670b4c7b14495dfb583bc,Ecuador,Curaçao,2026-06-21T00:00:00Z,betfair_ex_eu,1.21,7.0,15.0,h2h,0.8264462809917356,0.14285714285714285,0.06666666666666667,0.7977511016562833,0.13789697614344323,0.06435192220027351
681895f294b670b4c7b14495dfb583bc,Ecuador,Curaçao,2026-06-21T00:00:00Z,pointsbetau,1.2,6.5,14.0,h2h,0.8333333333333334,0.15384615384615385,0.07142857142857142,0.7871972318339101,0.1453287197231834,0.06747404844290657
681895f294b670b4c7b14495dfb583bc,Ecuador,Curaçao,2026-06-21T00:00:00Z,pinnacle,1.18,7.04,11.47,h2h,0.8474576271186441,0.14204545454545456,0.08718395815170009,0.787097453372921,0.13192826633239302,0.08097428029468585
681895f294b670b4c7b14495dfb583bc,Ecuador,Curaçao,2026-06-21T00:00:00Z,betonlineag,1.22,6.85,14.0,h2h,0.819672131147541,0.14598540145985403,0.07142857142857142,0.7903607308570345,0.14076497688256676,0.06887429226039872
681895f294b670b4c7b14495dfb583bc,Ecuador,Curaçao,2026-06-21T00:00:00Z,bovada,1.19,7.25,12.0,h2h,0.8403361344537815,0.13793103448275862,0.08333333333333333,0.7915747332984556,0.12992743898278097,0.07849782771876351
681895f294b670b4c7b14495dfb583bc,Ecuador,Curaçao,2026-06-21T00:00:00Z,everygame,1.2,7.5,12.0,h2h,0.8333333333333334,0.13333333333333333,0.08333333333333333,0.7936507936507936,0.12698412698412698,0.07936507936507936
681895f294b670b4c7b14495dfb583bc,Ecuador,Curaçao,2026-06-21T00:00:00Z,draftkings,1.21,7.0,13.0,h2h,0.8264462809917356,0.14285714285714285,0.07692307692307693,0.7899305555555556,0.1365451388888889,0.07352430555555556
681895f294b670b4c7b14495dfb583bc,Ecuador,Curaçao,2026-06-21T00:00:00Z,betclic_fr,1.18,6.4,13.75,h2h,0.8474576271186441,0.15625,0.07272727272727272,0.7872818200524259,0.145155085572166,0.06756309437540818
681895f294b670b4c7b14495dfb583bc,Ecuador,Curaçao,2026-06-21T00:00:00Z,coral,1.22,6.5,13.0,h2h,0.819672131147541,0.15384615384615385,0.07692307692307693,0.78031212484994,0.14645858343337334,0.07322929171668667
681895f294b670b4c7b14495dfb583bc,Ecuador,Curaçao,2026-06-21T00:00:00Z,ladbrokes_uk,1.22,6.5,13.0,h2h,0.819672131147541,0.15384615384615385,0.07692307692307693,0.78031212484994,0.14645858343337334,0.07322929171668667
681895f294b670b4c7b14495dfb583bc,Ecuador,Curaçao,2026-06-21T00:00:00Z,ladbrokes_au,1.22,6.25,12.0,h2h,0.819672131147541,0.16,0.08333333333333333,0.7710892921400297,0.1505166298257338,0.07839407803423636
681895f294b670b4c7b14495dfb583bc,Ecuador,Curaçao,2026-06-21T00:00:00Z,neds,1.22,6.25,12.0,h2h,0.819672131147541,0.16,0.08333333333333333,0.7710892921400297,0.1505166298257338,0.07839407803423636
681895f294b670b4c7b14495dfb583bc,Ecuador,Curaçao,2026-06-21T00:00:00Z,betmgm,1.19,5.75,11.0,h2h,0.8403361344537815,0.17391304347826086,0.09090909090909091,0.7603762810687344,0.1573648303429207,0.08225888858834492
681895f294b670b4c7b14495dfb583bc,Ecuador,Curaçao,2026-06-21T00:00:00Z,boylesports,1.18,6.5,17.0,h2h,0.8474576271186441,0.15384615384615385,0.058823529411764705,0.7993923171525718,0.1451204514215438,0.05548723142588439
681895f294b670b4c7b14495dfb583bc,Ecuador,Curaçao,2026-06-21T00:00:00Z,sport888,1.18,6.0,15.0,h2h,0.8474576271186441,0.16666666666666666,0.06666666666666667,0.7841087297438578,0.1542080501829587,0.06168322007318348
681895f294b670b4c7b14495dfb583bc,Ecuador,Curaçao,2026-06-21T00:00:00Z,williamhill,1.18,6.0,15.0,h2h,0.8474576271186441,0.16666666666666666,0.06666666666666667,0.7841087297438578,0.1542080501829587,0.06168322007318348
681895f294b670b4c7b14495dfb583bc,Ecuador,Curaçao,2026-06-21T00:00:00Z,tab,1.22,5.5,17.0,h2h,0.819672131147541,0.18181818181818182,0.058823529411764705,0.7730467135179826,0.17147581645307977,0.05547747002893757
681895f294b670b4c7b14495dfb583bc,Ecuador,Curaçao,2026-06-21T00:00:00Z,codere_it,1.2,6.6,14.0,h2h,0.8333333333333334,0.15151515151515152,0.07142857142857142,0.7889344262295083,0.14344262295081966,0.06762295081967212
dfc5202cf1b8ae002cf952cd04f235b9,Tunisia,Japan,2026-06-21T04:00:00Z,unibet,4.9,3.5,1.71,h2h,0.2040816326530612,0.2857142857142857,0.5847953216374269,0.18991559306974679,0.2658818302976455,0.5442025766326077
dfc5202cf1b8ae002cf952cd04f235b9,Tunisia,Japan,2026-06-21T04:00:00Z,grosvenor,5.0,3.55,1.72,h2h,0.2,0.28169014084507044,0.5813953488372093,0.1881316243529702,0.2649741188070003,0.5468942568400297
dfc5202cf1b8ae002cf952cd04f235b9,Tunisia,Japan,2026-06-21T04:00:00Z,betrivers,5.1,3.6,1.74,h2h,0.19607843137254904,0.2777777777777778,0.5747126436781609,0.18699623858140785,0.2649113379903278,0.5480924234282644
dfc5202cf1b8ae002cf952cd04f235b9,Tunisia,Japan,2026-06-21T04:00:00Z,pmu_fr,5.1,3.6,1.74,h2h,0.19607843137254904,0.2777777777777778,0.5747126436781609,0.18699623858140785,0.2649113379903278,0.5480924234282644
dfc5202cf1b8ae002cf952cd04f235b9,Tunisia,Japan,2026-06-21T04:00:00Z,unibet_nl,5.2,3.65,1.75,h2h,0.1923076923076923,0.273972602739726,0.5714285714285714,0.1853195038804671,0.2640168274461449,0.550663668673388
dfc5202cf1b8ae002cf952cd04f235b9,Tunisia,Japan,2026-06-21T04:00:00Z,unibet_se,5.2,3.65,1.74,h2h,0.1923076923076923,0.273972602739726,0.5747126436781609,0.1847348672154513,0.2631839204165334,0.5520812123680153
dfc5202cf1b8ae002cf952cd04f235b9,Tunisia,Japan,2026-06-21T04:00:00Z,leovegas,5.1,3.6,1.74,h2h,0.19607843137254904,0.2777777777777778,0.5747126436781609,0.18699623858140785,0.2649113379903278,0.5480924234282644
dfc5202cf1b8ae002cf952cd04f235b9,Tunisia,Japan,2026-06-21T04:00:00Z,unibet_fr,4.85,3.55,1.75,h2h,0.2061855670103093,0.28169014084507044,0.5714285714285714,0.19464243753426805,0.26591994987076056,0.5394376125949714
dfc5202cf1b8ae002cf952cd04f235b9,Tunisia,Japan,2026-06-21T04:00:00Z,tabtouch,4.9,3.5,1.71,h2h,0.2040816326530612,0.2857142857142857,0.5847953216374269,0.18991559306974679,0.2658818302976455,0.5442025766326077
dfc5202cf1b8ae002cf952cd04f235b9,Tunisia,Japan,2026-06-21T04:00:00Z,gtbets,4.74,3.38,1.88,h2h,0.21097046413502107,0.2958579881656805,0.5319148936170213,0.2031016275234284,0.2848229924440978,0.5120753800324738
dfc5202cf1b8ae002cf952cd04f235b9,Tunisia,Japan,2026-06-21T04:00:00Z,winamax_fr,4.2,3.3,1.68,h2h,0.23809523809523808,0.30303030303030304,0.5952380952380952,0.20952380952380953,0.2666666666666667,0.5238095238095238
dfc5202cf1b8ae002cf952cd04f235b9,Tunisia,Japan,2026-06-21T04:00:00Z,leovegas_se,5.1,3.6,1.74,h2h,0.19607843137254904,0.2777777777777778,0.5747126436781609,0.18699623858140785,0.2649113379903278,0.5480924234282644
dfc5202cf1b8ae002cf952cd04f235b9,Tunisia,Japan,2026-06-21T04:00:00Z,casumo,5.1,3.6,1.74,h2h,0.19607843137254904,0.2777777777777778,0.5747126436781609,0.18699623858140785,0.2649113379903278,0.5480924234282644
dfc5202cf1b8ae002cf952cd04f235b9,Tunisia,Japan,2026-06-21T04:00:00Z,onexbet,5.03,3.52,1.79,h2h,0.19880715705765406,0.2840909090909091,0.5586592178770949,0.19087491404146,0.27275591409901817,0.5363691718595217
dfc5202cf1b8ae002cf952cd04f235b9,Tunisia,Japan,2026-06-21T04:00:00Z,unibet_uk,4.75,3.45,1.75,h2h,0.21052631578947367,0.2898550724637681,0.5714285714285714,0.19642130947539652,0.2704351362342416,0.533143554290362
dfc5202cf1b8ae002cf952cd04f235b9,Tunisia,Japan,2026-06-21T04:00:00Z,marathonbet,4.9,3.42,1.74,h2h,0.2040816326530612,0.29239766081871343,0.5747126436781609,0.1905182680855968,0.2729647700641592,0.5365169618502439
dfc5202cf1b8ae002cf952cd04f235b9,Tunisia,Japan,2026-06-21T04:00:00Z,mybookieag,4.7,3.4,1.75,h2h,0.2127659574468085,0.29411764705882354,0.5714285714285714,0.19731387829547337,0.2727574199966838,0.5299287017078427
dfc5202cf1b8ae002cf952cd04f235b9,Tunisia,Japan,2026-06-21T04:00:00Z,betfred_uk,5.0,3.5,1.73,h2h,0.2,0.2857142857142857,0.5780346820809249,0.18801428349635152,0.2685918335662164,0.5433938829374321
dfc5202cf1b8ae002cf952cd04f235b9,Tunisia,Japan,2026-06-21T04:00:00Z,betr_au,4.8,3.4,1.75,h2h,0.20833333333333334,0.29411764705882354,0.5714285714285714,0.1940006521030323,0.2738832735572221,0.5321160743397456
dfc5202cf1b8ae002cf952cd04f235b9,Tunisia,Japan,2026-06-21T04:00:00Z,betright,4.6,3.35,1.74,h2h,0.2173913043478261,0.29850746268656714,0.5747126436781609,0.19932975412919332,0.2737065280579968,0.5269637178128098
dfc5202cf1b8ae002cf952cd04f235b9,Tunisia,Japan,2026-06-21T04:00:00Z,smarkets,5.4,3.65,1.78,h2h,0.18518518518518517,0.273972602739726,0.5617977528089888,0.1813841815796086,0.2683492001451743,0.5502666182752172
dfc5202cf1b8ae002cf952cd04f235b9,Tunisia,Japan,2026-06-21T04:00:00Z,sportsbet,4.6,3.5,1.8,h2h,0.2173913043478261,0.2857142857142857,0.5555555555555556,0.20534550195567147,0.26988265971316816,0.5247718383311604
dfc5202cf1b8ae002cf952cd04f235b9,Tunisia,Japan,2026-06-21T04:00:00Z,fanduel,4.7,3.5,1.8,h2h,0.2127659574468085,0.2857142857142857,0.5555555555555556,0.2018583787247677,0.2710669657161166,0.5270746555591157
dfc5202cf1b8ae002cf952cd04f235b9,Tunisia,Japan,2026-06-21T04:00:00Z,paddypower,4.5,3.4,1.75,h2h,0.2222222222222222,0.29411764705882354,0.5714285714285714,0.20429184549356225,0.2703862660944206,0.5253218884120172
dfc5202cf1b8ae002cf952cd04f235b9,Tunisia,Japan,2026-06-21T04:00:00Z,pointsbetau,4.75,3.4,1.8,h2h,0.21052631578947367,0.29411764705882354,0.5555555555555556,0.19857235561323813,0.2774172615184945,0.5240103828682673
dfc5202cf1b8ae002cf952cd04f235b9,Tunisia,Japan,2026-06-21T04:00:00Z,skybet,4.5,3.4,1.8,h2h,0.2222222222222222,0.29411764705882354,0.5555555555555556,0.2073170731707317,0.27439024390243905,0.5182926829268293
dfc5202cf1b8ae002cf952cd04f235b9,Tunisia,Japan,2026-06-21T04:00:00Z,betfair_ex_au,5.5,3.65,1.75,h2h,0.18181818181818182,0.273972602739726,0.5714285714285714,0.1770003463803256,0.26671285071007966,0.5562868029095946
dfc5202cf1b8ae002cf952cd04f235b9,Tunisia,Japan,2026-06-21T04:00:00Z,betfair_ex_uk,5.5,3.65,1.75,h2h,0.18181818181818182,0.273972602739726,0.5714285714285714,0.1770003463803256,0.26671285071007966,0.5562868029095946
dfc5202cf1b8ae002cf952cd04f235b9,Tunisia,Japan,2026-06-21T04:00:00Z,betfair_ex_eu,5.5,3.65,1.75,h2h,0.18181818181818182,0.273972602739726,0.5714285714285714,0.1770003463803256,0.26671285071007966,0.5562868029095946
dfc5202cf1b8ae002cf952cd04f235b9,Tunisia,Japan,2026-06-21T04:00:00Z,pinnacle,4.85,3.46,1.74,h2h,0.2061855670103093,0.28901734104046245,0.5747126436781609,0.19271200112674614,0.270130984238358,0.5371570146348957
dfc5202cf1b8ae002cf952cd04f235b9,Tunisia,Japan,2026-06-21T04:00:00Z,betonlineag,5.03,3.5,1.82,h2h,0.19880715705765406,0.2857142857142857,0.5494505494505494,0.19227518593644352,0.27632691007437454,0.5313979039891819
dfc5202cf1b8ae002cf952cd04f235b9,Tunisia,Japan,2026-06-21T04:00:00Z,bovada,4.95,3.5,1.76,h2h,0.20202020202020202,0.2857142857142857,0.5681818181818182,0.19132217287324907,0.27058421592073795,0.5380936112060131
dfc5202cf1b8ae002cf952cd04f235b9,Tunisia,Japan,2026-06-21T04:00:00Z,everygame,5.0,3.5,1.75,h2h,0.2,0.2857142857142857,0.5714285714285714,0.1891891891891892,0.27027027027027023,0.5405405405405405
dfc5202cf1b8ae002cf952cd04f235b9,Tunisia,Japan,2026-06-21T04:00:00Z,draftkings,5.0,3.55,1.77,h2h,0.2,0.28169014084507044,0.5649717514124294,0.19108367418310096,0.2691319354691563,0.5397843903477428
dfc5202cf1b8ae002cf952cd04f235b9,Tunisia,Japan,2026-06-21T04:00:00Z,betclic_fr,4.7,3.45,1.73,h2h,0.2127659574468085,0.2898550724637681,0.5780346820809249,0.1968859786570783,0.26822147817051245,0.5348925431724093
dfc5202cf1b8ae002cf952cd04f235b9,Tunisia,Japan,2026-06-21T04:00:00Z,neds,4.6,3.4,1.8,h2h,0.2173913043478261,0.29411764705882354,0.5555555555555556,0.20372836218375498,0.2756324900133155,0.5206391478029294
dfc5202cf1b8ae002cf952cd04f235b9,Tunisia,Japan,2026-06-21T04:00:00Z,coral,4.6,3.5,1.8,h2h,0.2173913043478261,0.2857142857142857,0.5555555555555556,0.20534550195567147,0.26988265971316816,0.5247718383311604
dfc5202cf1b8ae002cf952cd04f235b9,Tunisia,Japan,2026-06-21T04:00:00Z,ladbrokes_uk,4.6,3.4,1.8,h2h,0.2173913043478261,0.29411764705882354,0.5555555555555556,0.20372836218375498,0.2756324900133155,0.5206391478029294
dfc5202cf1b8ae002cf952cd04f235b9,Tunisia,Japan,2026-06-21T04:00:00Z,betmgm,4.2,3.2,1.74,h2h,0.23809523809523808,0.3125,0.5747126436781609,0.21158230734154126,0.2777017783857729,0.5107159142726858
dfc5202cf1b8ae002cf952cd04f235b9,Tunisia,Japan,2026-06-21T04:00:00Z,ladbrokes_au,4.6,3.4,1.8,h2h,0.2173913043478261,0.29411764705882354,0.5555555555555556,0.20372836218375498,0.2756324900133155,0.5206391478029294
dfc5202cf1b8ae002cf952cd04f235b9,Tunisia,Japan,2026-06-21T04:00:00Z,boylesports,4.75,3.3,1.75,h2h,0.21052631578947367,0.30303030303030304,0.5714285714285714,0.19403611927761447,0.2792944141117178,0.5266694666106678
dfc5202cf1b8ae002cf952cd04f235b9,Tunisia,Japan,2026-06-21T04:00:00Z,sport888,4.5,3.25,1.75,h2h,0.2222222222222222,0.3076923076923077,0.5714285714285714,0.20177383592017736,0.2793791574279379,0.5188470066518847
dfc5202cf1b8ae002cf952cd04f235b9,Tunisia,Japan,2026-06-21T04:00:00Z,williamhill,4.6,3.3,1.8,h2h,0.2173913043478261,0.30303030303030304,0.5555555555555556,0.20204081632653062,0.2816326530612245,0.5163265306122449
dfc5202cf1b8ae002cf952cd04f235b9,Tunisia,Japan,2026-06-21T04:00:00Z,winamax_de,4.3,3.4,1.7,h2h,0.23255813953488372,0.29411764705882354,0.5882352941176471,0.20858895705521474,0.2638036809815951,0.5276073619631902
dfc5202cf1b8ae002cf952cd04f235b9,Tunisia,Japan,2026-06-21T04:00:00Z,tab,4.75,3.4,1.75,h2h,0.21052631578947367,0.29411764705882354,0.5714285714285714,0.19564323879983558,0.2733251130291821,0.5310316481709823
dfc5202cf1b8ae002cf952cd04f235b9,Tunisia,Japan,2026-06-21T04:00:00Z,tipico_de,5.3,3.6,1.7,h2h,0.18867924528301888,0.2777777777777778,0.5882352941176471,0.17889505992399884,0.26337328266588717,0.557731657410114
dfc5202cf1b8ae002cf952cd04f235b9,Tunisia,Japan,2026-06-21T04:00:00Z,codere_it,4.8,3.55,1.79,h2h,0.20833333333333334,0.28169014084507044,0.5586592178770949,0.1986619355040408,0.2686133212449002,0.5327247432510591
73529a242e319a86bf3d00ddb4accc37,Spain,Saudi Arabia,2026-06-21T16:00:00Z,unibet,1.1,9.0,23.0,h2h,0.9090909090909091,0.1111111111111111,0.043478260869565216,0.8546655656482247,0.10445912469033856,0.040875309661436834
73529a242e319a86bf3d00ddb4accc37,Spain,Saudi Arabia,2026-06-21T16:00:00Z,onexbet,1.09,10.9,29.0,h2h,0.9174311926605504,0.09174311926605504,0.034482758620689655,0.879054258866323,0.0879054258866323,0.03304031524704456
73529a242e319a86bf3d00ddb4accc37,Spain,Saudi Arabia,2026-06-21T16:00:00Z,pmu_fr,1.11,9.5,26.0,h2h,0.9009009009009008,0.10526315789473684,0.038461538461538464,0.8624151114680259,0.10076639723468514,0.036818491297288806
73529a242e319a86bf3d00ddb4accc37,Spain,Saudi Arabia,2026-06-21T16:00:00Z,unibet_nl,1.12,10.0,29.0,h2h,0.8928571428571428,0.1,0.034482758620689655,0.8690961400143851,0.09733876768161114,0.03356509230400384
73529a242e319a86bf3d00ddb4accc37,Spain,Saudi Arabia,2026-06-21T16:00:00Z,betrivers,1.11,9.5,26.0,h2h,0.9009009009009008,0.10526315789473684,0.038461538461538464,0.8624151114680259,0.10076639723468514,0.036818491297288806
73529a242e319a86bf3d00ddb4accc37,Spain,Saudi Arabia,2026-06-21T16:00:00Z,unibet_se,1.11,10.0,29.0,h2h,0.9009009009009008,0.1,0.034482758620689655,0.8701131147049115,0.0965825557322452,0.03330432956284317
73529a242e319a86bf3d00ddb4accc37,Spain,Saudi Arabia,2026-06-21T16:00:00Z,casumo,1.11,9.5,26.0,h2h,0.9009009009009008,0.10526315789473684,0.038461538461538464,0.8624151114680259,0.10076639723468514,0.036818491297288806
73529a242e319a86bf3d00ddb4accc37,Spain,Saudi Arabia,2026-06-21T16:00:00Z,unibet_fr,1.1,9.5,25.0,h2h,0.9090909090909091,0.10526315789473684,0.04,0.8622254492648393,0.09983663096750771,0.037937919767652935
73529a242e319a86bf3d00ddb4accc37,Spain,Saudi Arabia,2026-06-21T16:00:00Z,leovegas,1.11,9.5,26.0,h2h,0.9009009009009008,0.10526315789473684,0.038461538461538464,0.8624151114680259,0.10076639723468514,0.036818491297288806
73529a242e319a86bf3d00ddb4accc37,Spain,Saudi Arabia,2026-06-21T16:00:00Z,tipico_de,1.11,9.5,20.0,h2h,0.9009009009009008,0.10526315789473684,0.05,0.8529933331836852,0.09966553682462007,0.04734112999169454
73529a242e319a86bf3d00ddb4accc37,Spain,Saudi Arabia,2026-06-21T16:00:00Z,tabtouch,1.1,9.0,23.0,h2h,0.9090909090909091,0.1111111111111111,0.043478260869565216,0.8546655656482247,0.10445912469033856,0.040875309661436834
73529a242e319a86bf3d00ddb4accc37,Spain,Saudi Arabia,2026-06-21T16:00:00Z,winamax_fr,1.07,7.5,15.0,h2h,0.9345794392523364,0.13333333333333333,0.06666666666666667,0.8237232289950576,0.11751784733662822,0.05875892366831411
73529a242e319a86bf3d00ddb4accc37,Spain,Saudi Arabia,2026-06-21T16:00:00Z,leovegas_se,1.11,9.5,26.0,h2h,0.9009009009009008,0.10526315789473684,0.038461538461538464,0.8624151114680259,0.10076639723468514,0.036818491297288806
73529a242e319a86bf3d00ddb4accc37,Spain,Saudi Arabia,2026-06-21T16:00:00Z,gtbets,1.13,9.04,21.19,h2h,0.8849557522123894,0.11061946902654868,0.04719207173194903,0.8486608260325407,0.10608260325406758,0.04525657071339174
73529a242e319a86bf3d00ddb4accc37,Spain,Saudi Arabia,2026-06-21T16:00:00Z,winamax_de,1.07,8.0,16.0,h2h,0.9345794392523364,0.125,0.0625,0.8328995314940134,0.1114003123373243,0.05570015616866215
73529a242e319a86bf3d00ddb4accc37,Spain,Saudi Arabia,2026-06-21T16:00:00Z,grosvenor,1.1,9.0,23.0,h2h,0.9090909090909091,0.1111111111111111,0.043478260869565216,0.8546655656482247,0.10445912469033856,0.040875309661436834
73529a242e319a86bf3d00ddb4accc37,Spain,Saudi Arabia,2026-06-21T16:00:00Z,unibet_uk,1.1,8.5,26.0,h2h,0.9090909090909091,0.11764705882352941,0.038461538461538464,0.8534466113149256,0.1104460320525198,0.03610735663255455
73529a242e319a86bf3d00ddb4accc37,Spain,Saudi Arabia,2026-06-21T16:00:00Z,marathonbet,1.08,9.2,25.0,h2h,0.9259259259259258,0.10869565217391305,0.04,0.8616297539485119,0.10114784068091229,0.03722240537057572
73529a242e319a86bf3d00ddb4accc37,Spain,Saudi Arabia,2026-06-21T16:00:00Z,mybookieag,1.09,8.3,21.0,h2h,0.9174311926605504,0.12048192771084336,0.047619047619047616,0.8451441787846021,0.1109888138403875,0.0438670073750103
73529a242e319a86bf3d00ddb4accc37,Spain,Saudi Arabia,2026-06-21T16:00:00Z,betright,1.11,7.5,18.0,h2h,0.9009009009009008,0.13333333333333333,0.05555555555555555,0.8266740148801323,0.12234775420225959,0.050978230917608156
73529a242e319a86bf3d00ddb4accc37,Spain,Saudi Arabia,2026-06-21T16:00:00Z,coolbet,1.13,9.5,25.0,h2h,0.8849557522123894,0.10526315789473684,0.04,0.8589977756478653,0.10217552489285132,0.038826699459283506
73529a242e319a86bf3d00ddb4accc37,Spain,Saudi Arabia,2026-06-21T16:00:00Z,betr_au,1.11,8.25,20.0,h2h,0.9009009009009008,0.12121212121212122,0.05,0.8403040372789427,0.11305908865207592,0.04663687406898132
73529a242e319a86bf3d00ddb4accc37,Spain,Saudi Arabia,2026-06-21T16:00:00Z,betfred_uk,1.11,8.5,21.0,h2h,0.9009009009009008,0.11764705882352941,0.047619047619047616,0.8449904139742952,0.11034580700134915,0.0446637790243556
73529a242e319a86bf3d00ddb4accc37,Spain,Saudi Arabia,2026-06-21T16:00:00Z,sportsbet,1.11,9.0,26.0,h2h,0.9009009009009008,0.1111111111111111,0.038461538461538464,0.8576140736668498,0.10577240241891148,0.0366135239142386
73529a242e319a86bf3d00ddb4accc37,Spain,Saudi Arabia,2026-06-21T16:00:00Z,skybet,1.1,9.0,19.0,h2h,0.9090909090909091,0.1111111111111111,0.05263157894736842,0.8473736372646186,0.10356788899900893,0.04905847373637265
73529a242e319a86bf3d00ddb4accc37,Spain,Saudi Arabia,2026-06-21T16:00:00Z,fanduel,1.11,9.0,28.0,h2h,0.9009009009009008,0.1111111111111111,0.03571428571428571,0.8598628314054662,0.10604974920667416,0.03408741938785955
73529a242e319a86bf3d00ddb4accc37,Spain,Saudi Arabia,2026-06-21T16:00:00Z,smarkets,1.12,10.5,25.0,h2h,0.8928571428571428,0.09523809523809523,0.04,0.8684576192681798,0.09263547938860585,0.03890690134321446
73529a242e319a86bf3d00ddb4accc37,Spain,Saudi Arabia,2026-06-21T16:00:00Z,paddypower,1.1,8.5,26.0,h2h,0.9090909090909091,0.11764705882352941,0.038461538461538464,0.8534466113149256,0.1104460320525198,0.03610735663255455
73529a242e319a86bf3d00ddb4accc37,Spain,Saudi Arabia,2026-06-21T16:00:00Z,betfair_ex_uk,1.13,10.5,25.0,h2h,0.8849557522123894,0.09523809523809523,0.04,0.8674388249095386,0.09335294020455033,0.039208234885911145
73529a242e319a86bf3d00ddb4accc37,Spain,Saudi Arabia,2026-06-21T16:00:00Z,betfair_ex_au,1.13,10.5,23.0,h2h,0.8849557522123894,0.09523809523809523,0.043478260869565216,0.8644914177301283,0.09303574305095665,0.042472839218914996
73529a242e319a86bf3d00ddb4accc37,Spain,Saudi Arabia,2026-06-21T16:00:00Z,betfair_ex_eu,1.13,10.5,25.0,h2h,0.8849557522123894,0.09523809523809523,0.04,0.8674388249095386,0.09335294020455033,0.039208234885911145
73529a242e319a86bf3d00ddb4accc37,Spain,Saudi Arabia,2026-06-21T16:00:00Z,pinnacle,1.09,10.21,21.53,h2h,0.9174311926605504,0.0979431929480901,0.046446818392940084,0.8640166434830253,0.09224075821709085,0.04374259829988377
73529a242e319a86bf3d00ddb4accc37,Spain,Saudi Arabia,2026-06-21T16:00:00Z,betonlineag,1.11,10.1,26.0,h2h,0.9009009009009008,0.09900990099009901,0.038461538461538464,0.867608723663648,0.09535105774917321,0.037040218587178826
73529a242e319a86bf3d00ddb4accc37,Spain,Saudi Arabia,2026-06-21T16:00:00Z,everygame,1.1,11.0,23.0,h2h,0.9090909090909091,0.09090909090909091,0.043478260869565216,0.8712121212121212,0.08712121212121213,0.041666666666666664
73529a242e319a86bf3d00ddb4accc37,Spain,Saudi Arabia,2026-06-21T16:00:00Z,draftkings,1.1,10.5,23.0,h2h,0.9090909090909091,0.09523809523809523,0.043478260869565216,0.8676127178013293,0.09089276091252022,0.04149452128615053
73529a242e319a86bf3d00ddb4accc37,Spain,Saudi Arabia,2026-06-21T16:00:00Z,betclic_fr,1.09,8.75,22.0,h2h,0.9174311926605504,0.11428571428571428,0.045454545454545456,0.8517039609764732,0.10609797913878352,0.04219805988474345
73529a242e319a86bf3d00ddb4accc37,Spain,Saudi Arabia,2026-06-21T16:00:00Z,coral,1.12,9.5,19.0,h2h,0.8928571428571428,0.10526315789473684,0.05263157894736842,0.849731663685152,0.10017889087656529,0.05008944543828264
73529a242e319a86bf3d00ddb4accc37,Spain,Saudi Arabia,2026-06-21T16:00:00Z,neds,1.12,8.75,16.0,h2h,0.8928571428571428,0.11428571428571428,0.0625,0.8347245409015025,0.10684474123539232,0.05843071786310518
73529a242e319a86bf3d00ddb4accc37,Spain,Saudi Arabia,2026-06-21T16:00:00Z,ladbrokes_au,1.12,8.75,16.0,h2h,0.8928571428571428,0.11428571428571428,0.0625,0.8347245409015025,0.10684474123539232,0.05843071786310518
73529a242e319a86bf3d00ddb4accc37,Spain,Saudi Arabia,2026-06-21T16:00:00Z,ladbrokes_uk,1.12,9.5,19.0,h2h,0.8928571428571428,0.10526315789473684,0.05263157894736842,0.849731663685152,0.10017889087656529,0.05008944543828264
73529a242e319a86bf3d00ddb4accc37,Spain,Saudi Arabia,2026-06-21T16:00:00Z,betmgm,1.1,8.25,15.5,h2h,0.9090909090909091,0.12121212121212122,0.06451612903225806,0.8303571428571429,0.11071428571428572,0.058928571428571434
73529a242e319a86bf3d00ddb4accc37,Spain,Saudi Arabia,2026-06-21T16:00:00Z,boylesports,1.11,9.0,26.0,h2h,0.9009009009009008,0.1111111111111111,0.038461538461538464,0.8576140736668498,0.10577240241891148,0.0366135239142386
73529a242e319a86bf3d00ddb4accc37,Spain,Saudi Arabia,2026-06-21T16:00:00Z,sport888,1.1,9.0,23.0,h2h,0.9090909090909091,0.1111111111111111,0.043478260869565216,0.8546655656482247,0.10445912469033856,0.040875309661436834
73529a242e319a86bf3d00ddb4accc37,Spain,Saudi Arabia,2026-06-21T16:00:00Z,williamhill,1.1,9.5,23.0,h2h,0.9090909090909091,0.10526315789473684,0.043478260869565216,0.8593903638151426,0.09950835791543756,0.041101278269419866
73529a242e319a86bf3d00ddb4accc37,Spain,Saudi Arabia,2026-06-21T16:00:00Z,bovada,1.08,10.75,25.0,h2h,0.9259259259259258,0.09302325581395349,0.04,0.8743818323789693,0.08784487246225925,0.03777329515877148
73529a242e319a86bf3d00ddb4accc37,Spain,Saudi Arabia,2026-06-21T16:00:00Z,tab,1.12,7.0,26.0,h2h,0.8928571428571428,0.14285714285714285,0.038461538461538464,0.8312020460358056,0.13299232736572889,0.03580562659846548
73529a242e319a86bf3d00ddb4accc37,Spain,Saudi Arabia,2026-06-21T16:00:00Z,codere_it,1.11,9.4,24.0,h2h,0.9009009009009008,0.10638297872340426,0.041666666666666664,0.85885927042646,0.10141848831631604,0.03972224125722378
5f92f257386ec5bf7c6e2498a21f3a61,Belgium,Iran,2026-06-21T19:00:00Z,pinnacle,1.37,4.59,7.65,h2h,0.7299270072992701,0.2178649237472767,0.13071895424836602,0.6767915069301091,0.2020053081686818,0.12120318490120909
5f92f257386ec5bf7c6e2498a21f3a61,Belgium,Iran,2026-06-21T19:00:00Z,tipico_de,1.37,4.9,8.0,h2h,0.7299270072992701,0.2040816326530612,0.125,0.6892550067694688,0.19271007332125964,0.11803491990927154
5f92f257386ec5bf7c6e2498a21f3a61,Belgium,Iran,2026-06-21T19:00:00Z,unibet_fr,1.39,4.7,7.8,h2h,0.7194244604316548,0.2127659574468085,0.12820512820512822,0.6784491533265476,0.20064772832423428,0.12090311834921812
5f92f257386ec5bf7c6e2498a21f3a61,Belgium,Iran,2026-06-21T19:00:00Z,marathonbet,1.38,4.55,7.8,h2h,0.7246376811594204,0.21978021978021978,0.12820512820512822,0.6755753526354863,0.20489977728285075,0.11952487008166295
5f92f257386ec5bf7c6e2498a21f3a61,Belgium,Iran,2026-06-21T19:00:00Z,mybookieag,1.39,4.5,7.4,h2h,0.7194244604316548,0.2222222222222222,0.13513513513513511,0.6681246363435727,0.20637627655945906,0.12549908709696833
5f92f257386ec5bf7c6e2498a21f3a61,Belgium,Iran,2026-06-21T19:00:00Z,coolbet,1.41,4.8,8.6,h2h,0.7092198581560284,0.20833333333333334,0.11627906976744186,0.6860105693488883,0.20151560474623592,0.11247382590487585
5f92f257386ec5bf7c6e2498a21f3a61,Belgium,Iran,2026-06-21T19:00:00Z,winamax_fr,1.34,4.3,6.25,h2h,0.7462686567164178,0.23255813953488372,0.16,0.6552960109236321,0.2042085243343412,0.14049546474202676
5f92f257386ec5bf7c6e2498a21f3a61,Belgium,Iran,2026-06-21T19:00:00Z,betr_au,1.4,4.4,7.75,h2h,0.7142857142857143,0.22727272727272727,0.12903225806451613,0.667188417139503,0.2122872236352964,0.12052435922520054
5f92f257386ec5bf7c6e2498a21f3a61,Belgium,Iran,2026-06-21T19:00:00Z,onexbet,1.42,4.69,8.0,h2h,0.7042253521126761,0.21321961620469082,0.125,0.6755515864299115,0.20453800697877916,0.11991040659130929
5f92f257386ec5bf7c6e2498a21f3a61,Belgium,Iran,2026-06-21T19:00:00Z,smarkets,1.42,4.7,8.6,h2h,0.7042253521126761,0.2127659574468085,0.11627906976744186,0.6815499274946886,0.20591508447711868,0.11253498802819276
5f92f257386ec5bf7c6e2498a21f3a61,Belgium,Iran,2026-06-21T19:00:00Z,pointsbetau,1.4,4.75,7.5,h2h,0.7142857142857143,0.21052631578947367,0.13333333333333333,0.6750355281856939,0.19895783988630977,0.1260066319279962
5f92f257386ec5bf7c6e2498a21f3a61,Belgium,Iran,2026-06-21T19:00:00Z,unibet_uk,1.4,4.5,7.5,h2h,0.7142857142857143,0.2222222222222222,0.13333333333333333,0.6676557863501484,0.20771513353115725,0.12462908011869436
5f92f257386ec5bf7c6e2498a21f3a61,Belgium,Iran,2026-06-21T19:00:00Z,winamax_de,1.36,4.4,6.5,h2h,0.7352941176470588,0.22727272727272727,0.15384615384615385,0.6586219602063375,0.2035740604274134,0.13780397936624908
5f92f257386ec5bf7c6e2498a21f3a61,Belgium,Iran,2026-06-21T19:00:00Z,betfred_uk,1.4,4.5,8.0,h2h,0.7142857142857143,0.2222222222222222,0.125,0.6728971962616822,0.20934579439252335,0.11775700934579439
5f92f257386ec5bf7c6e2498a21f3a61,Belgium,Iran,2026-06-21T19:00:00Z,betright,1.4,4.25,7.5,h2h,0.7142857142857143,0.23529411764705882,0.13333333333333333,0.6595964821520952,0.2172788411795137,0.12312467666839111
5f92f257386ec5bf7c6e2498a21f3a61,Belgium,Iran,2026-06-21T19:00:00Z,gtbets,1.42,4.6,7.49,h2h,0.7042253521126761,0.2173913043478261,0.13351134846461948,0.6674312015466334,0.2060331100426564,0.1265356884107102
5f92f257386ec5bf7c6e2498a21f3a61,Belgium,Iran,2026-06-21T19:00:00Z,betclic_fr,1.38,4.55,7.5,h2h,0.7246376811594204,0.21978021978021978,0.13333333333333333,0.6723607991488355,0.20392481380777866,0.12371438704338572
5f92f257386ec5bf7c6e2498a21f3a61,Belgium,Iran,2026-06-21T19:00:00Z,bovada,1.39,4.75,8.0,h2h,0.7194244604316548,0.21052631578947367,0.125,0.6819507380322132,0.19956032123468972,0.11848894073309703
5f92f257386ec5bf7c6e2498a21f3a61,Belgium,Iran,2026-06-21T19:00:00Z,everygame,1.4,4.75,8.0,h2h,0.7142857142857143,0.21052631578947367,0.125,0.6803939122649956,0.20053715308863027,0.11906893464637423
5f92f257386ec5bf7c6e2498a21f3a61,Belgium,Iran,2026-06-21T19:00:00Z,draftkings,1.41,4.8,8.0,h2h,0.7092198581560284,0.20833333333333334,0.125,0.6802721088435374,0.19982993197278912,0.11989795918367346
5f92f257386ec5bf7c6e2498a21f3a61,Belgium,Iran,2026-06-21T19:00:00Z,ladbrokes_uk,1.44,4.5,7.5,h2h,0.6944444444444444,0.2222222222222222,0.13333333333333333,0.6613756613756613,0.21164021164021163,0.12698412698412698
5f92f257386ec5bf7c6e2498a21f3a61,Belgium,Iran,2026-06-21T19:00:00Z,coral,1.44,4.5,7.5,h2h,0.6944444444444444,0.2222222222222222,0.13333333333333333,0.6613756613756613,0.21164021164021163,0.12698412698412698
5f92f257386ec5bf7c6e2498a21f3a61,Belgium,Iran,2026-06-21T19:00:00Z,ladbrokes_au,1.42,4.4,7.25,h2h,0.7042253521126761,0.22727272727272727,0.13793103448275862,0.658505872881531,0.21251780442994858,0.12897632268852052
5f92f257386ec5bf7c6e2498a21f3a61,Belgium,Iran,2026-06-21T19:00:00Z,neds,1.42,4.4,7.25,h2h,0.7042253521126761,0.22727272727272727,0.13793103448275862,0.658505872881531,0.21251780442994858,0.12897632268852052
5f92f257386ec5bf7c6e2498a21f3a61,Belgium,Iran,2026-06-21T19:00:00Z,betmgm,1.36,4.1,6.75,h2h,0.7352941176470588,0.24390243902439027,0.14814814814814814,0.6522353939336805,0.2163512526219038,0.13141335344441563
5f92f257386ec5bf7c6e2498a21f3a61,Belgium,Iran,2026-06-21T19:00:00Z,sportsbet,1.36,4.5,8.0,h2h,0.7352941176470588,0.2222222222222222,0.125,0.6792452830188679,0.20528301886792452,0.11547169811320755
5f92f257386ec5bf7c6e2498a21f3a61,Belgium,Iran,2026-06-21T19:00:00Z,fanduel,1.4,4.6,8.0,h2h,0.7142857142857143,0.2173913043478261,0.125,0.6759735488611316,0.20573108008817048,0.11829537105069801
5f92f257386ec5bf7c6e2498a21f3a61,Belgium,Iran,2026-06-21T19:00:00Z,skybet,1.4,4.5,8.0,h2h,0.7142857142857143,0.2222222222222222,0.125,0.6728971962616822,0.20934579439252335,0.11775700934579439
5f92f257386ec5bf7c6e2498a21f3a61,Belgium,Iran,2026-06-21T19:00:00Z,paddypower,1.36,4.5,8.0,h2h,0.7352941176470588,0.2222222222222222,0.125,0.6792452830188679,0.20528301886792452,0.11547169811320755
5f92f257386ec5bf7c6e2498a21f3a61,Belgium,Iran,2026-06-21T19:00:00Z,betfair_ex_uk,1.43,4.8,8.6,h2h,0.6993006993006994,0.20833333333333334,0.11627906976744186,0.6829687965322127,0.20346778730022166,0.11356341616756557
5f92f257386ec5bf7c6e2498a21f3a61,Belgium,Iran,2026-06-21T19:00:00Z,betfair_ex_eu,1.43,4.8,8.6,h2h,0.6993006993006994,0.20833333333333334,0.11627906976744186,0.6829687965322127,0.20346778730022166,0.11356341616756557
5f92f257386ec5bf7c6e2498a21f3a61,Belgium,Iran,2026-06-21T19:00:00Z,betfair_ex_au,1.43,4.8,8.6,h2h,0.6993006993006994,0.20833333333333334,0.11627906976744186,0.6829687965322127,0.20346778730022166,0.11356341616756557
5f92f257386ec5bf7c6e2498a21f3a61,Belgium,Iran,2026-06-21T19:00:00Z,tabtouch,1.38,4.7,7.5,h2h,0.7246376811594204,0.2127659574468085,0.13333333333333333,0.6767653496140997,0.19870982605690585,0.12452482432899434
5f92f257386ec5bf7c6e2498a21f3a61,Belgium,Iran,2026-06-21T19:00:00Z,unibet_nl,1.41,4.9,8.5,h2h,0.7092198581560284,0.2040816326530612,0.11764705882352941,0.6879294397463003,0.1979552061310782,0.11411535412262157
5f92f257386ec5bf7c6e2498a21f3a61,Belgium,Iran,2026-06-21T19:00:00Z,leovegas,1.4,4.8,8.0,h2h,0.7142857142857143,0.20833333333333334,0.125,0.6818181818181818,0.19886363636363635,0.11931818181818181
5f92f257386ec5bf7c6e2498a21f3a61,Belgium,Iran,2026-06-21T19:00:00Z,casumo,1.4,4.8,8.0,h2h,0.7142857142857143,0.20833333333333334,0.125,0.6818181818181818,0.19886363636363635,0.11931818181818181
5f92f257386ec5bf7c6e2498a21f3a61,Belgium,Iran,2026-06-21T19:00:00Z,grosvenor,1.38,4.7,7.5,h2h,0.7246376811594204,0.2127659574468085,0.13333333333333333,0.6767653496140997,0.19870982605690585,0.12452482432899434
5f92f257386ec5bf7c6e2498a21f3a61,Belgium,Iran,2026-06-21T19:00:00Z,betrivers,1.4,4.8,8.0,h2h,0.7142857142857143,0.20833333333333334,0.125,0.6818181818181818,0.19886363636363635,0.11931818181818181
5f92f257386ec5bf7c6e2498a21f3a61,Belgium,Iran,2026-06-21T19:00:00Z,unibet_se,1.4,4.9,8.0,h2h,0.7142857142857143,0.2040816326530612,0.125,0.684596577017115,0.19559902200488996,0.11980440097799512
5f92f257386ec5bf7c6e2498a21f3a61,Belgium,Iran,2026-06-21T19:00:00Z,unibet,1.38,4.7,7.5,h2h,0.7246376811594204,0.2127659574468085,0.13333333333333333,0.6767653496140997,0.19870982605690585,0.12452482432899434
5f92f257386ec5bf7c6e2498a21f3a61,Belgium,Iran,2026-06-21T19:00:00Z,leovegas_se,1.4,4.8,8.0,h2h,0.7142857142857143,0.20833333333333334,0.125,0.6818181818181818,0.19886363636363635,0.11931818181818181
5f92f257386ec5bf7c6e2498a21f3a61,Belgium,Iran,2026-06-21T19:00:00Z,boylesports,1.4,4.33,7.5,h2h,0.7142857142857143,0.23094688221709006,0.13333333333333333,0.6622550319146767,0.21412402879458367,0.12362093929073965
5f92f257386ec5bf7c6e2498a21f3a61,Belgium,Iran,2026-06-21T19:00:00Z,betonlineag,1.4,4.77,9.0,h2h,0.7142857142857143,0.20964360587002098,0.1111111111111111,0.6901041666666666,0.2025462962962963,0.10734953703703702
5f92f257386ec5bf7c6e2498a21f3a61,Belgium,Iran,2026-06-21T19:00:00Z,sport888,1.4,4.2,7.0,h2h,0.7142857142857143,0.23809523809523808,0.14285714285714285,0.6521739130434784,0.2173913043478261,0.13043478260869565
5f92f257386ec5bf7c6e2498a21f3a61,Belgium,Iran,2026-06-21T19:00:00Z,williamhill,1.4,4.2,7.5,h2h,0.7142857142857143,0.23809523809523808,0.13333333333333333,0.6578947368421053,0.2192982456140351,0.12280701754385966
5f92f257386ec5bf7c6e2498a21f3a61,Belgium,Iran,2026-06-21T19:00:00Z,tab,1.42,4.25,8.5,h2h,0.7042253521126761,0.23529411764705882,0.11764705882352941,0.6661442006269593,0.2225705329153605,0.11128526645768025
5f92f257386ec5bf7c6e2498a21f3a61,Belgium,Iran,2026-06-21T19:00:00Z,codere_it,1.41,4.7,7.8,h2h,0.7092198581560284,0.2127659574468085,0.12820512820512822,0.6753246753246753,0.2025974025974026,0.12207792207792209
852a3abe6d46820720febc0fedebff9a,Uruguay,Cape Verde,2026-06-21T22:00:00Z,unibet,1.44,4.2,7.0,h2h,0.6944444444444444,0.23809523809523808,0.14285714285714285,0.6457564575645757,0.22140221402214022,0.13284132841328414
852a3abe6d46820720febc0fedebff9a,Uruguay,Cape Verde,2026-06-21T22:00:00Z,pmu_fr,1.45,4.35,7.5,h2h,0.6896551724137931,0.2298850574712644,0.13333333333333333,0.6550218340611353,0.21834061135371177,0.12663755458515283
852a3abe6d46820720febc0fedebff9a,Uruguay,Cape Verde,2026-06-21T22:00:00Z,unibet_nl,1.47,4.4,8.0,h2h,0.6802721088435374,0.22727272727272727,0.125,0.6588305757280826,0.22010930598188214,0.12106011829003517
852a3abe6d46820720febc0fedebff9a,Uruguay,Cape Verde,2026-06-21T22:00:00Z,unibet_fr,1.43,4.55,7.2,h2h,0.6993006993006994,0.21978021978021978,0.1388888888888889,0.6609836065573771,0.20773770491803276,0.13127868852459015
852a3abe6d46820720febc0fedebff9a,Uruguay,Cape Verde,2026-06-21T22:00:00Z,leovegas,1.45,4.35,7.5,h2h,0.6896551724137931,0.2298850574712644,0.13333333333333333,0.6550218340611353,0.21834061135371177,0.12663755458515283
852a3abe6d46820720febc0fedebff9a,Uruguay,Cape Verde,2026-06-21T22:00:00Z,unibet_se,1.45,4.4,7.5,h2h,0.6896551724137931,0.22727272727272727,0.13333333333333333,0.6566510794945777,0.21639637846980397,0.12695254203561834
852a3abe6d46820720febc0fedebff9a,Uruguay,Cape Verde,2026-06-21T22:00:00Z,tipico_de,1.4,4.7,7.8,h2h,0.7142857142857143,0.2127659574468085,0.12820512820512822,0.6768833087149188,0.2016248153618907,0.12149187592319056
852a3abe6d46820720febc0fedebff9a,Uruguay,Cape Verde,2026-06-21T22:00:00Z,betrivers,1.45,4.35,7.5,h2h,0.6896551724137931,0.2298850574712644,0.13333333333333333,0.6550218340611353,0.21834061135371177,0.12663755458515283
852a3abe6d46820720febc0fedebff9a,Uruguay,Cape Verde,2026-06-21T22:00:00Z,leovegas_se,1.45,4.35,7.5,h2h,0.6896551724137931,0.2298850574712644,0.13333333333333333,0.6550218340611353,0.21834061135371177,0.12663755458515283
852a3abe6d46820720febc0fedebff9a,Uruguay,Cape Verde,2026-06-21T22:00:00Z,tabtouch,1.43,4.2,7.0,h2h,0.6993006993006994,0.23809523809523808,0.14285714285714285,0.6473489519112208,0.22040690505548702,0.1322441430332922
852a3abe6d46820720febc0fedebff9a,Uruguay,Cape Verde,2026-06-21T22:00:00Z,winamax_fr,1.37,4.1,6.0,h2h,0.7299270072992701,0.24390243902439027,0.16666666666666666,0.6400083253115487,0.21385644040898094,0.14613523427947028
852a3abe6d46820720febc0fedebff9a,Uruguay,Cape Verde,2026-06-21T22:00:00Z,gtbets,1.47,4.44,7.0,h2h,0.6802721088435374,0.2252252252252252,0.14285714285714285,0.6488951245177131,0.21483689933356714,0.13626797614871974
852a3abe6d46820720febc0fedebff9a,Uruguay,Cape Verde,2026-06-21T22:00:00Z,grosvenor,1.43,4.25,7.5,h2h,0.6993006993006994,0.23529411764705882,0.13333333333333333,0.6548199887011453,0.22032766678650298,0.12485234451235169
852a3abe6d46820720febc0fedebff9a,Uruguay,Cape Verde,2026-06-21T22:00:00Z,winamax_de,1.39,4.3,6.0,h2h,0.7194244604316548,0.23255813953488372,0.16666666666666666,0.6431188772839446,0.20789191614527505,0.14898920657078046
852a3abe6d46820720febc0fedebff9a,Uruguay,Cape Verde,2026-06-21T22:00:00Z,onexbet,1.46,4.46,7.5,h2h,0.684931506849315,0.2242152466367713,0.13333333333333333,0.6570211896699376,0.21507868540764777,0.12790012492241454
852a3abe6d46820720febc0fedebff9a,Uruguay,Cape Verde,2026-06-21T22:00:00Z,unibet_uk,1.42,4.35,7.0,h2h,0.7042253521126761,0.2298850574712644,0.14285714285714285,0.6538965361736853,0.21345588077393865,0.13264758305237614
852a3abe6d46820720febc0fedebff9a,Uruguay,Cape Verde,2026-06-21T22:00:00Z,casumo,1.45,4.35,7.5,h2h,0.6896551724137931,0.2298850574712644,0.13333333333333333,0.6550218340611353,0.21834061135371177,0.12663755458515283
852a3abe6d46820720febc0fedebff9a,Uruguay,Cape Verde,2026-06-21T22:00:00Z,marathonbet,1.42,4.33,7.3,h2h,0.7042253521126761,0.23094688221709006,0.136986301369863,0.6568294973775861,0.21540366888595203,0.12776683373646194
852a3abe6d46820720febc0fedebff9a,Uruguay,Cape Verde,2026-06-21T22:00:00Z,mybookieag,1.42,4.3,6.8,h2h,0.7042253521126761,0.23255813953488372,0.14705882352941177,0.6497489000488867,0.2145682414114928,0.13568285853962045
852a3abe6d46820720febc0fedebff9a,Uruguay,Cape Verde,2026-06-21T22:00:00Z,sportsbet,1.4,4.4,8.0,h2h,0.7142857142857143,0.22727272727272727,0.125,0.6697108066971081,0.21308980213089804,0.11719939117199392
852a3abe6d46820720febc0fedebff9a,Uruguay,Cape Verde,2026-06-21T22:00:00Z,betfred_uk,1.44,4.33,7.5,h2h,0.6944444444444444,0.23094688221709006,0.13333333333333333,0.6559254456657416,0.21813686876643598,0.1259376855678224
852a3abe6d46820720febc0fedebff9a,Uruguay,Cape Verde,2026-06-21T22:00:00Z,betright,1.41,4.2,7.0,h2h,0.7092198581560284,0.23809523809523808,0.14285714285714285,0.650557620817844,0.2184014869888476,0.13104089219330856
852a3abe6d46820720febc0fedebff9a,Uruguay,Cape Verde,2026-06-21T22:00:00Z,coolbet,1.45,4.5,8.25,h2h,0.6896551724137931,0.2222222222222222,0.12121212121212122,0.667565745111261,0.21510451786918405,0.11732973701955496
852a3abe6d46820720febc0fedebff9a,Uruguay,Cape Verde,2026-06-21T22:00:00Z,betr_au,1.42,4.25,7.5,h2h,0.7042253521126761,0.23529411764705882,0.13333333333333333,0.6564044481054366,0.2193163097199341,0.12427924217462932
852a3abe6d46820720febc0fedebff9a,Uruguay,Cape Verde,2026-06-21T22:00:00Z,fanduel,1.42,4.5,7.5,h2h,0.7042253521126761,0.2222222222222222,0.13333333333333333,0.6645008860011814,0.20968694624926165,0.125812167749557
852a3abe6d46820720febc0fedebff9a,Uruguay,Cape Verde,2026-06-21T22:00:00Z,smarkets,1.43,4.8,8.0,h2h,0.6993006993006994,0.20833333333333334,0.125,0.6772009029345373,0.20174943566591422,0.12104966139954854
852a3abe6d46820720febc0fedebff9a,Uruguay,Cape Verde,2026-06-21T22:00:00Z,skybet,1.4,4.5,7.0,h2h,0.7142857142857143,0.2222222222222222,0.14285714285714285,0.661764705882353,0.20588235294117646,0.1323529411764706
852a3abe6d46820720febc0fedebff9a,Uruguay,Cape Verde,2026-06-21T22:00:00Z,paddypower,1.4,4.33,7.5,h2h,0.7142857142857143,0.23094688221709006,0.13333333333333333,0.6622550319146767,0.21412402879458367,0.12362093929073965
852a3abe6d46820720febc0fedebff9a,Uruguay,Cape Verde,2026-06-21T22:00:00Z,betfair_ex_eu,1.45,4.8,8.2,h2h,0.6896551724137931,0.20833333333333334,0.12195121951219513,0.6761724789555059,0.2042604363511424,0.11956708469335166
852a3abe6d46820720febc0fedebff9a,Uruguay,Cape Verde,2026-06-21T22:00:00Z,betfair_ex_uk,1.45,4.8,8.2,h2h,0.6896551724137931,0.20833333333333334,0.12195121951219513,0.6761724789555059,0.2042604363511424,0.11956708469335166
852a3abe6d46820720febc0fedebff9a,Uruguay,Cape Verde,2026-06-21T22:00:00Z,betfair_ex_au,1.45,4.8,8.2,h2h,0.6896551724137931,0.20833333333333334,0.12195121951219513,0.6761724789555059,0.2042604363511424,0.11956708469335166
852a3abe6d46820720febc0fedebff9a,Uruguay,Cape Verde,2026-06-21T22:00:00Z,pinnacle,1.39,4.5,7.53,h2h,0.7194244604316548,0.2222222222222222,0.13280212483399734,0.6695753724309232,0.20682439281755183,0.123600234751525
852a3abe6d46820720febc0fedebff9a,Uruguay,Cape Verde,2026-06-21T22:00:00Z,betonlineag,1.44,4.65,8.0,h2h,0.6944444444444444,0.2150537634408602,0.125,0.671286271113036,0.20788220008661756,0.12083152880034646
852a3abe6d46820720febc0fedebff9a,Uruguay,Cape Verde,2026-06-21T22:00:00Z,bovada,1.4,4.65,7.75,h2h,0.7142857142857143,0.2150537634408602,0.12903225806451613,0.67489114658926,0.20319303338171263,0.1219158200290276
852a3abe6d46820720febc0fedebff9a,Uruguay,Cape Verde,2026-06-21T22:00:00Z,everygame,1.4,4.6,7.5,h2h,0.7142857142857143,0.2173913043478261,0.13333333333333333,0.6706842923794712,0.20412130637636083,0.12519440124416797
852a3abe6d46820720febc0fedebff9a,Uruguay,Cape Verde,2026-06-21T22:00:00Z,draftkings,1.42,4.7,8.0,h2h,0.7042253521126761,0.2127659574468085,0.125,0.675845705863321,0.20419168134593954,0.11996261279073947
852a3abe6d46820720febc0fedebff9a,Uruguay,Cape Verde,2026-06-21T22:00:00Z,ladbrokes_uk,1.44,4.4,7.0,h2h,0.6944444444444444,0.22727272727272727,0.14285714285714285,0.6523212470349035,0.2134869535750593,0.13419179939003728
852a3abe6d46820720febc0fedebff9a,Uruguay,Cape Verde,2026-06-21T22:00:00Z,coral,1.44,4.5,7.0,h2h,0.6944444444444444,0.2222222222222222,0.14285714285714285,0.6554307116104868,0.2097378277153558,0.1348314606741573
852a3abe6d46820720febc0fedebff9a,Uruguay,Cape Verde,2026-06-21T22:00:00Z,betmgm,1.4,4.1,6.25,h2h,0.7142857142857143,0.24390243902439027,0.16,0.6387884831110557,0.21812289667206783,0.1430886202168765
852a3abe6d46820720febc0fedebff9a,Uruguay,Cape Verde,2026-06-21T22:00:00Z,neds,1.44,4.4,7.0,h2h,0.6944444444444444,0.22727272727272727,0.14285714285714285,0.6523212470349035,0.2134869535750593,0.13419179939003728
852a3abe6d46820720febc0fedebff9a,Uruguay,Cape Verde,2026-06-21T22:00:00Z,ladbrokes_au,1.44,4.4,7.0,h2h,0.6944444444444444,0.22727272727272727,0.14285714285714285,0.6523212470349035,0.2134869535750593,0.13419179939003728
852a3abe6d46820720febc0fedebff9a,Uruguay,Cape Verde,2026-06-21T22:00:00Z,boylesports,1.4,4.2,7.0,h2h,0.7142857142857143,0.23809523809523808,0.14285714285714285,0.6521739130434784,0.2173913043478261,0.13043478260869565
852a3abe6d46820720febc0fedebff9a,Uruguay,Cape Verde,2026-06-21T22:00:00Z,sport888,1.4,4.0,7.0,h2h,0.7142857142857143,0.25,0.14285714285714285,0.6451612903225806,0.22580645161290322,0.12903225806451613
852a3abe6d46820720febc0fedebff9a,Uruguay,Cape Verde,2026-06-21T22:00:00Z,williamhill,1.44,4.2,7.0,h2h,0.6944444444444444,0.23809523809523808,0.14285714285714285,0.6457564575645757,0.22140221402214022,0.13284132841328414
852a3abe6d46820720febc0fedebff9a,Uruguay,Cape Verde,2026-06-21T22:00:00Z,betclic_fr,1.41,4.4,7.0,h2h,0.7092198581560284,0.22727272727272727,0.14285714285714285,0.6570806843879335,0.2105644920424969,0.13235482356956946
852a3abe6d46820720febc0fedebff9a,Uruguay,Cape Verde,2026-06-21T22:00:00Z,tab,1.45,4.25,7.5,h2h,0.6896551724137931,0.23529411764705882,0.13333333333333333,0.651673907487861,0.22233580373115255,0.12599028878098645
852a3abe6d46820720febc0fedebff9a,Uruguay,Cape Verde,2026-06-21T22:00:00Z,codere_it,1.45,4.5,7.2,h2h,0.6896551724137931,0.2222222222222222,0.1388888888888889,0.6563354603463992,0.21148587055606197,0.13217866909753873
c1ec9a65f4b4cf74477b368a7d6282de,New Zealand,Egypt,2026-06-22T01:00:00Z,unibet,5.0,3.5,1.7,h2h,0.2,0.2857142857142857,0.5882352941176471,0.1862284820031299,0.26604068857589985,0.5477308294209703
c1ec9a65f4b4cf74477b368a7d6282de,New Zealand,Egypt,2026-06-22T01:00:00Z,pmu_fr,5.2,3.6,1.72,h2h,0.1923076923076923,0.2777777777777778,0.5813953488372093,0.18289224952741018,0.26417769376181477,0.5529300567107751
c1ec9a65f4b4cf74477b368a7d6282de,New Zealand,Egypt,2026-06-22T01:00:00Z,unibet_nl,5.3,3.65,1.74,h2h,0.18867924528301888,0.273972602739726,0.5747126436781609,0.18188326937396188,0.2641044733375337,0.5540122572885046
c1ec9a65f4b4cf74477b368a7d6282de,New Zealand,Egypt,2026-06-22T01:00:00Z,leovegas,5.2,3.6,1.72,h2h,0.1923076923076923,0.2777777777777778,0.5813953488372093,0.18289224952741018,0.26417769376181477,0.5529300567107751
c1ec9a65f4b4cf74477b368a7d6282de,New Zealand,Egypt,2026-06-22T01:00:00Z,unibet_se,5.3,3.65,1.73,h2h,0.18867924528301888,0.273972602739726,0.5780346820809249,0.1813026687913634,0.2632614094778701,0.5554359217307665
c1ec9a65f4b4cf74477b368a7d6282de,New Zealand,Egypt,2026-06-22T01:00:00Z,betrivers,5.2,3.6,1.72,h2h,0.1923076923076923,0.2777777777777778,0.5813953488372093,0.18289224952741018,0.26417769376181477,0.5529300567107751
c1ec9a65f4b4cf74477b368a7d6282de,New Zealand,Egypt,2026-06-22T01:00:00Z,leovegas_se,5.2,3.6,1.72,h2h,0.1923076923076923,0.2777777777777778,0.5813953488372093,0.18289224952741018,0.26417769376181477,0.5529300567107751
c1ec9a65f4b4cf74477b368a7d6282de,New Zealand,Egypt,2026-06-22T01:00:00Z,tabtouch,5.0,3.5,1.7,h2h,0.2,0.2857142857142857,0.5882352941176471,0.1862284820031299,0.26604068857589985,0.5477308294209703
c1ec9a65f4b4cf74477b368a7d6282de,New Zealand,Egypt,2026-06-22T01:00:00Z,gtbets,4.86,3.7,1.72,h2h,0.20576131687242796,0.27027027027027023,0.5813953488372093,0.19458679353741912,0.255592382862664,0.5498208235999169
c1ec9a65f4b4cf74477b368a7d6282de,New Zealand,Egypt,2026-06-22T01:00:00Z,grosvenor,5.1,3.5,1.71,h2h,0.19607843137254904,0.2857142857142857,0.5847953216374269,0.1838370807224475,0.2678768890527092,0.5482860302248433
c1ec9a65f4b4cf74477b368a7d6282de,New Zealand,Egypt,2026-06-22T01:00:00Z,onexbet,4.93,3.74,1.75,h2h,0.20283975659229211,0.267379679144385,0.5714285714285714,0.19472965454453495,0.25668909008143237,0.5485812553740327
c1ec9a65f4b4cf74477b368a7d6282de,New Zealand,Egypt,2026-06-22T01:00:00Z,unibet_uk,4.8,3.6,1.7,h2h,0.20833333333333334,0.2777777777777778,0.5882352941176471,0.1939163498098859,0.2585551330798479,0.5475285171102661
c1ec9a65f4b4cf74477b368a7d6282de,New Zealand,Egypt,2026-06-22T01:00:00Z,casumo,5.2,3.6,1.72,h2h,0.1923076923076923,0.2777777777777778,0.5813953488372093,0.18289224952741018,0.26417769376181477,0.5529300567107751
c1ec9a65f4b4cf74477b368a7d6282de,New Zealand,Egypt,2026-06-22T01:00:00Z,marathonbet,4.8,3.64,1.7,h2h,0.20833333333333334,0.2747252747252747,0.5882352941176471,0.19446888749214333,0.2564424890006285,0.5490886235072282
c1ec9a65f4b4cf74477b368a7d6282de,New Zealand,Egypt,2026-06-22T01:00:00Z,mybookieag,4.7,3.6,1.69,h2h,0.2127659574468085,0.2777777777777778,0.591715976331361,0.19659417714156463,0.2566646201570427,0.5467412027013928
c1ec9a65f4b4cf74477b368a7d6282de,New Zealand,Egypt,2026-06-22T01:00:00Z,coolbet,5.0,3.6,1.8,h2h,0.2,0.2777777777777778,0.5555555555555556,0.1935483870967742,0.26881720430107525,0.5376344086021505
c1ec9a65f4b4cf74477b368a7d6282de,New Zealand,Egypt,2026-06-22T01:00:00Z,betr_au,4.75,3.5,1.75,h2h,0.21052631578947367,0.2857142857142857,0.5714285714285714,0.1971830985915493,0.26760563380281693,0.5352112676056339
c1ec9a65f4b4cf74477b368a7d6282de,New Zealand,Egypt,2026-06-22T01:00:00Z,betfred_uk,5.0,3.5,1.73,h2h,0.2,0.2857142857142857,0.5780346820809249,0.18801428349635152,0.2685918335662164,0.5433938829374321
c1ec9a65f4b4cf74477b368a7d6282de,New Zealand,Egypt,2026-06-22T01:00:00Z,sportsbet,5.0,3.6,1.72,h2h,0.2,0.2777777777777778,0.5813953488372093,0.18882654305928276,0.2622590875823372,0.5489143693583801
c1ec9a65f4b4cf74477b368a7d6282de,New Zealand,Egypt,2026-06-22T01:00:00Z,betright,4.6,3.4,1.73,h2h,0.2173913043478261,0.29411764705882354,0.5780346820809249,0.19952510176390775,0.2699457259158752,0.5305291723202171
c1ec9a65f4b4cf74477b368a7d6282de,New Zealand,Egypt,2026-06-22T01:00:00Z,fanduel,5.2,3.6,1.74,h2h,0.1923076923076923,0.2777777777777778,0.5747126436781609,0.18406205923836386,0.26586741889985893,0.5500705218617771
c1ec9a65f4b4cf74477b368a7d6282de,New Zealand,Egypt,2026-06-22T01:00:00Z,skybet,5.0,3.5,1.7,h2h,0.2,0.2857142857142857,0.5882352941176471,0.1862284820031299,0.26604068857589985,0.5477308294209703
c1ec9a65f4b4cf74477b368a7d6282de,New Zealand,Egypt,2026-06-22T01:00:00Z,paddypower,5.0,3.5,1.73,h2h,0.2,0.2857142857142857,0.5780346820809249,0.18801428349635152,0.2685918335662164,0.5433938829374321
c1ec9a65f4b4cf74477b368a7d6282de,New Zealand,Egypt,2026-06-22T01:00:00Z,smarkets,5.1,3.9,1.75,h2h,0.19607843137254904,0.25641025641025644,0.5714285714285714,0.19149831649831653,0.2504208754208755,0.5580808080808081
c1ec9a65f4b4cf74477b368a7d6282de,New Zealand,Egypt,2026-06-22T01:00:00Z,betfair_ex_uk,5.0,3.85,1.78,h2h,0.2,0.2597402597402597,0.5617977528089888,0.19578321858126446,0.25426392023540834,0.5499528611833271
c1ec9a65f4b4cf74477b368a7d6282de,New Zealand,Egypt,2026-06-22T01:00:00Z,betfair_ex_au,5.0,3.85,1.78,h2h,0.2,0.2597402597402597,0.5617977528089888,0.19578321858126446,0.25426392023540834,0.5499528611833271
c1ec9a65f4b4cf74477b368a7d6282de,New Zealand,Egypt,2026-06-22T01:00:00Z,pointsbetau,5.0,3.6,1.74,h2h,0.2,0.2777777777777778,0.5747126436781609,0.1900254823443757,0.2639242810338551,0.5460502366217691
c1ec9a65f4b4cf74477b368a7d6282de,New Zealand,Egypt,2026-06-22T01:00:00Z,betfair_ex_eu,5.0,3.85,1.78,h2h,0.2,0.2597402597402597,0.5617977528089888,0.19578321858126446,0.25426392023540834,0.5499528611833271
c1ec9a65f4b4cf74477b368a7d6282de,New Zealand,Egypt,2026-06-22T01:00:00Z,pinnacle,4.29,3.8,1.74,h2h,0.2331002331002331,0.2631578947368421,0.5747126436781609,0.21765321640891944,0.24571902589322744,0.5366277576978531
c1ec9a65f4b4cf74477b368a7d6282de,New Zealand,Egypt,2026-06-22T01:00:00Z,betonlineag,4.8,3.95,1.74,h2h,0.20833333333333334,0.2531645569620253,0.5747126436781609,0.20105309346204478,0.2443176831943835,0.5546292233435718
c1ec9a65f4b4cf74477b368a7d6282de,New Zealand,Egypt,2026-06-22T01:00:00Z,bovada,4.35,3.85,1.76,h2h,0.2298850574712644,0.2597402597402597,0.5681818181818182,0.21732227906156293,0.24554595166696064,0.5371317692714765
c1ec9a65f4b4cf74477b368a7d6282de,New Zealand,Egypt,2026-06-22T01:00:00Z,everygame,4.4,3.9,1.75,h2h,0.22727272727272727,0.25641025641025644,0.5714285714285714,0.21540160959444532,0.2430172005680922,0.5415811898374625
c1ec9a65f4b4cf74477b368a7d6282de,New Zealand,Egypt,2026-06-22T01:00:00Z,draftkings,4.6,3.85,1.74,h2h,0.2173913043478261,0.2597402597402597,0.5747126436781609,0.20667633356986398,0.2469379569925647,0.5463857094375714
c1ec9a65f4b4cf74477b368a7d6282de,New Zealand,Egypt,2026-06-22T01:00:00Z,betclic_fr,4.65,3.73,1.68,h2h,0.2150537634408602,0.2680965147453083,0.5952380952380952,0.19942144105095325,0.248608498897301,0.5519700600517456
c1ec9a65f4b4cf74477b368a7d6282de,New Zealand,Egypt,2026-06-22T01:00:00Z,neds,4.8,3.5,1.75,h2h,0.20833333333333334,0.2857142857142857,0.5714285714285714,0.19553072625698326,0.2681564245810056,0.5363128491620112
c1ec9a65f4b4cf74477b368a7d6282de,New Zealand,Egypt,2026-06-22T01:00:00Z,ladbrokes_au,4.8,3.5,1.75,h2h,0.20833333333333334,0.2857142857142857,0.5714285714285714,0.19553072625698326,0.2681564245810056,0.5363128491620112
c1ec9a65f4b4cf74477b368a7d6282de,New Zealand,Egypt,2026-06-22T01:00:00Z,ladbrokes_uk,4.8,3.5,1.75,h2h,0.20833333333333334,0.2857142857142857,0.5714285714285714,0.19553072625698326,0.2681564245810056,0.5363128491620112
c1ec9a65f4b4cf74477b368a7d6282de,New Zealand,Egypt,2026-06-22T01:00:00Z,betmgm,4.4,3.3,1.69,h2h,0.22727272727272727,0.30303030303030304,0.591715976331361,0.20255693168198163,0.2700759089093089,0.5273671594087096
c1ec9a65f4b4cf74477b368a7d6282de,New Zealand,Egypt,2026-06-22T01:00:00Z,coral,4.8,3.5,1.75,h2h,0.20833333333333334,0.2857142857142857,0.5714285714285714,0.19553072625698326,0.2681564245810056,0.5363128491620112
c1ec9a65f4b4cf74477b368a7d6282de,New Zealand,Egypt,2026-06-22T01:00:00Z,boylesports,4.5,3.5,1.75,h2h,0.2222222222222222,0.2857142857142857,0.5714285714285714,0.20588235294117646,0.2647058823529412,0.5294117647058824
c1ec9a65f4b4cf74477b368a7d6282de,New Zealand,Egypt,2026-06-22T01:00:00Z,sport888,4.5,3.5,1.73,h2h,0.2222222222222222,0.2857142857142857,0.5780346820809249,0.20462994254815817,0.26309564041906053,0.5322744170327814
c1ec9a65f4b4cf74477b368a7d6282de,New Zealand,Egypt,2026-06-22T01:00:00Z,williamhill,4.6,3.5,1.75,h2h,0.2173913043478261,0.2857142857142857,0.5714285714285714,0.20231213872832374,0.2658959537572254,0.5317919075144508
c1ec9a65f4b4cf74477b368a7d6282de,New Zealand,Egypt,2026-06-22T01:00:00Z,winamax_de,4.4,3.55,1.64,h2h,0.22727272727272727,0.28169014084507044,0.6097560975609756,0.20315444204061692,0.25179705492358156,0.5450485030358015
c1ec9a65f4b4cf74477b368a7d6282de,New Zealand,Egypt,2026-06-22T01:00:00Z,winamax_fr,4.3,3.45,1.62,h2h,0.23255813953488372,0.2898550724637681,0.6172839506172839,0.204052573932092,0.2543263964950712,0.5416210295728368
c1ec9a65f4b4cf74477b368a7d6282de,New Zealand,Egypt,2026-06-22T01:00:00Z,unibet_fr,4.95,3.7,1.7,h2h,0.20202020202020202,0.27027027027027023,0.5882352941176471,0.19049061175045426,0.2548455481526347,0.5546638400969109
c1ec9a65f4b4cf74477b368a7d6282de,New Zealand,Egypt,2026-06-22T01:00:00Z,tab,5.0,3.5,1.7,h2h,0.2,0.2857142857142857,0.5882352941176471,0.1862284820031299,0.26604068857589985,0.5477308294209703
c1ec9a65f4b4cf74477b368a7d6282de,New Zealand,Egypt,2026-06-22T01:00:00Z,tipico_de,4.9,3.8,1.7,h2h,0.2040816326530612,0.2631578947368421,0.5882352941176471,0.19335528284944628,0.2493265489374439,0.55731816821311
c1ec9a65f4b4cf74477b368a7d6282de,New Zealand,Egypt,2026-06-22T01:00:00Z,codere_it,4.9,3.7,1.73,h2h,0.2040816326530612,0.27027027027027023,0.5780346820809249,0.19392268540959764,0.2568165293262239,0.5492607852641784
be6c63f416c67bca1300a98f5b89c3af,Argentina,Austria,2026-06-22T17:00:00Z,unibet,1.64,3.8,5.1,h2h,0.6097560975609756,0.2631578947368421,0.19607843137254904,0.5704026371556392,0.2461737697198022,0.18342359312455853
be6c63f416c67bca1300a98f5b89c3af,Argentina,Austria,2026-06-22T17:00:00Z,unibet_uk,1.65,3.75,5.25,h2h,0.6060606060606061,0.26666666666666666,0.19047619047619047,0.5700325732899023,0.250814332247557,0.17915309446254069
be6c63f416c67bca1300a98f5b89c3af,Argentina,Austria,2026-06-22T17:00:00Z,pmu_fr,1.66,3.9,5.2,h2h,0.6024096385542169,0.25641025641025644,0.1923076923076923,0.5731080088170463,0.24393828067597356,0.18295371050698012
be6c63f416c67bca1300a98f5b89c3af,Argentina,Austria,2026-06-22T17:00:00Z,unibet_nl,1.68,3.95,5.4,h2h,0.5952380952380952,0.2531645569620253,0.18518518518518517,0.5758950267293051,0.24493763162157783,0.17916734164911713
be6c63f416c67bca1300a98f5b89c3af,Argentina,Austria,2026-06-22T17:00:00Z,unibet_fr,1.63,3.85,5.4,h2h,0.6134969325153374,0.2597402597402597,0.18518518518518517,0.5796333728305569,0.24540322018540459,0.17496340698403845
be6c63f416c67bca1300a98f5b89c3af,Argentina,Austria,2026-06-22T17:00:00Z,leovegas,1.66,3.9,5.2,h2h,0.6024096385542169,0.25641025641025644,0.1923076923076923,0.5731080088170463,0.24393828067597356,0.18295371050698012
be6c63f416c67bca1300a98f5b89c3af,Argentina,Austria,2026-06-22T17:00:00Z,unibet_se,1.67,3.95,5.3,h2h,0.5988023952095809,0.2531645569620253,0.18867924528301888,0.5754140039854326,0.24327630041915752,0.18130969559540988
be6c63f416c67bca1300a98f5b89c3af,Argentina,Austria,2026-06-22T17:00:00Z,betrivers,1.66,3.9,5.2,h2h,0.6024096385542169,0.25641025641025644,0.1923076923076923,0.5731080088170463,0.24393828067597356,0.18295371050698012
be6c63f416c67bca1300a98f5b89c3af,Argentina,Austria,2026-06-22T17:00:00Z,leovegas_se,1.66,3.9,5.2,h2h,0.6024096385542169,0.25641025641025644,0.1923076923076923,0.5731080088170463,0.24393828067597356,0.18295371050698012
be6c63f416c67bca1300a98f5b89c3af,Argentina,Austria,2026-06-22T17:00:00Z,tabtouch,1.64,3.8,5.1,h2h,0.6097560975609756,0.2631578947368421,0.19607843137254904,0.5704026371556392,0.2461737697198022,0.18342359312455853
be6c63f416c67bca1300a98f5b89c3af,Argentina,Austria,2026-06-22T17:00:00Z,winamax_fr,1.56,3.55,4.6,h2h,0.641025641025641,0.28169014084507044,0.2173913043478261,0.5622503787357113,0.24707340586696047,0.1906762153973282
be6c63f416c67bca1300a98f5b89c3af,Argentina,Austria,2026-06-22T17:00:00Z,gtbets,1.7,3.86,5.41,h2h,0.5882352941176471,0.2590673575129534,0.18484288354898337,0.5699150692109515,0.2509988646783983,0.1790860661106502
be6c63f416c67bca1300a98f5b89c3af,Argentina,Austria,2026-06-22T17:00:00Z,grosvenor,1.65,3.8,5.1,h2h,0.6060606060606061,0.2631578947368421,0.19607843137254904,0.5689123734037869,0.24702774108322323,0.18405988551298988
be6c63f416c67bca1300a98f5b89c3af,Argentina,Austria,2026-06-22T17:00:00Z,onexbet,1.67,3.81,5.56,h2h,0.5988023952095809,0.26246719160104987,0.1798561151079137,0.5751489893162103,0.25209942576327327,0.1727515849205164
be6c63f416c67bca1300a98f5b89c3af,Argentina,Austria,2026-06-22T17:00:00Z,casumo,1.66,3.9,5.2,h2h,0.6024096385542169,0.25641025641025644,0.1923076923076923,0.5731080088170463,0.24393828067597356,0.18295371050698012
be6c63f416c67bca1300a98f5b89c3af,Argentina,Austria,2026-06-22T17:00:00Z,marathonbet,1.62,3.7,5.4,h2h,0.6172839506172839,0.27027027027027023,0.18518518518518517,0.5754276827371695,0.25194401244167963,0.17262830482115085
be6c63f416c67bca1300a98f5b89c3af,Argentina,Austria,2026-06-22T17:00:00Z,mybookieag,1.63,3.7,5.1,h2h,0.6134969325153374,0.27027027027027023,0.19607843137254904,0.5681339194315651,0.2502860239657975,0.18158005660263749
be6c63f416c67bca1300a98f5b89c3af,Argentina,Austria,2026-06-22T17:00:00Z,betright,1.61,3.7,5.0,h2h,0.6211180124223602,0.27027027027027023,0.2,0.5691081920817055,0.24763897006798533,0.18325283785030919
be6c63f416c67bca1300a98f5b89c3af,Argentina,Austria,2026-06-22T17:00:00Z,smarkets,1.66,4.1,5.9,h2h,0.6024096385542169,0.24390243902439027,0.1694915254237288,0.5930375091934297,0.24010786957587643,0.16685462123069378
be6c63f416c67bca1300a98f5b89c3af,Argentina,Austria,2026-06-22T17:00:00Z,coolbet,1.67,4.0,5.5,h2h,0.5988023952095809,0.25,0.18181818181818182,0.5810114881816981,0.24257229631585894,0.17641621550244288
be6c63f416c67bca1300a98f5b89c3af,Argentina,Austria,2026-06-22T17:00:00Z,betr_au,1.62,3.8,5.25,h2h,0.6172839506172839,0.2631578947368421,0.19047619047619047,0.5764063448036751,0.2457311259426194,0.17786252925370546
be6c63f416c67bca1300a98f5b89c3af,Argentina,Austria,2026-06-22T17:00:00Z,betfred_uk,1.62,3.75,5.5,h2h,0.6172839506172839,0.26666666666666666,0.18181818181818182,0.5791912384161751,0.2502106149957877,0.17059814658803707
be6c63f416c67bca1300a98f5b89c3af,Argentina,Austria,2026-06-22T17:00:00Z,sportsbet,1.61,3.8,5.5,h2h,0.6211180124223602,0.2631578947368421,0.18181818181818182,0.58261087726145,0.24684302957656173,0.17054609316198813
be6c63f416c67bca1300a98f5b89c3af,Argentina,Austria,2026-06-22T17:00:00Z,skybet,1.62,3.75,5.25,h2h,0.6172839506172839,0.26666666666666666,0.19047619047619047,0.5745239658568614,0.24819435325016415,0.17728168089297439
be6c63f416c67bca1300a98f5b89c3af,Argentina,Austria,2026-06-22T17:00:00Z,paddypower,1.62,3.8,5.5,h2h,0.6172839506172839,0.2631578947368421,0.18181818181818182,0.5811043763554468,0.24773397097258518,0.17116165267196795
be6c63f416c67bca1300a98f5b89c3af,Argentina,Austria,2026-06-22T17:00:00Z,fanduel,1.65,3.9,5.6,h2h,0.6060606060606061,0.25641025641025644,0.17857142857142858,0.5821671331467413,0.2463014794082367,0.17153138744502197
be6c63f416c67bca1300a98f5b89c3af,Argentina,Austria,2026-06-22T17:00:00Z,betfair_ex_au,1.65,4.0,6.0,h2h,0.6060606060606061,0.25,0.16666666666666666,0.5925925925925927,0.24444444444444444,0.16296296296296295
be6c63f416c67bca1300a98f5b89c3af,Argentina,Austria,2026-06-22T17:00:00Z,betfair_ex_eu,1.66,4.0,6.0,h2h,0.6024096385542169,0.25,0.16666666666666666,0.5911330049261084,0.24532019704433497,0.16354679802955663
be6c63f416c67bca1300a98f5b89c3af,Argentina,Austria,2026-06-22T17:00:00Z,betfair_ex_uk,1.66,4.0,6.0,h2h,0.6024096385542169,0.25,0.16666666666666666,0.5911330049261084,0.24532019704433497,0.16354679802955663
be6c63f416c67bca1300a98f5b89c3af,Argentina,Austria,2026-06-22T17:00:00Z,pinnacle,1.61,3.71,5.44,h2h,0.6211180124223602,0.2695417789757412,0.1838235294117647,0.5780620326001965,0.2508571084868777,0.1710808589129258
be6c63f416c67bca1300a98f5b89c3af,Argentina,Austria,2026-06-22T17:00:00Z,betonlineag,1.67,3.97,5.45,h2h,0.5988023952095809,0.2518891687657431,0.18348623853211007,0.5790130031390579,0.24356466378897398,0.17742233307196817
be6c63f416c67bca1300a98f5b89c3af,Argentina,Austria,2026-06-22T17:00:00Z,bovada,1.64,3.8,5.6,h2h,0.6097560975609756,0.2631578947368421,0.17857142857142858,0.579899716590364,0.25027250926531497,0.1698277741443209
be6c63f416c67bca1300a98f5b89c3af,Argentina,Austria,2026-06-22T17:00:00Z,everygame,1.65,3.75,5.5,h2h,0.6060606060606061,0.26666666666666666,0.18181818181818182,0.5747126436781609,0.2528735632183908,0.17241379310344826
be6c63f416c67bca1300a98f5b89c3af,Argentina,Austria,2026-06-22T17:00:00Z,draftkings,1.65,3.85,5.5,h2h,0.6060606060606061,0.2597402597402597,0.18181818181818182,0.5785123966942148,0.2479338842975206,0.17355371900826447
be6c63f416c67bca1300a98f5b89c3af,Argentina,Austria,2026-06-22T17:00:00Z,neds,1.65,3.7,5.2,h2h,0.6060606060606061,0.27027027027027023,0.1923076923076923,0.5671333824613117,0.25291083271923354,0.17995578481945465
be6c63f416c67bca1300a98f5b89c3af,Argentina,Austria,2026-06-22T17:00:00Z,ladbrokes_au,1.65,3.7,5.2,h2h,0.6060606060606061,0.27027027027027023,0.1923076923076923,0.5671333824613117,0.25291083271923354,0.17995578481945465
be6c63f416c67bca1300a98f5b89c3af,Argentina,Austria,2026-06-22T17:00:00Z,ladbrokes_uk,1.65,3.7,5.25,h2h,0.6060606060606061,0.27027027027027023,0.19047619047619047,0.5681070410177671,0.2533450318052204,0.17854792717701248
be6c63f416c67bca1300a98f5b89c3af,Argentina,Austria,2026-06-22T17:00:00Z,coral,1.65,3.75,5.5,h2h,0.6060606060606061,0.26666666666666666,0.18181818181818182,0.5747126436781609,0.2528735632183908,0.17241379310344826
be6c63f416c67bca1300a98f5b89c3af,Argentina,Austria,2026-06-22T17:00:00Z,betmgm,1.57,3.5,4.8,h2h,0.6369426751592356,0.2857142857142857,0.20833333333333334,0.5631725386343066,0.252623110187389,0.18420435117830447
be6c63f416c67bca1300a98f5b89c3af,Argentina,Austria,2026-06-22T17:00:00Z,boylesports,1.62,3.6,5.0,h2h,0.6172839506172839,0.2777777777777778,0.2,0.5636978579481398,0.25366403607666294,0.1826381059751973
be6c63f416c67bca1300a98f5b89c3af,Argentina,Austria,2026-06-22T17:00:00Z,sport888,1.65,3.5,5.0,h2h,0.6060606060606061,0.2857142857142857,0.2,0.5551149881046789,0.2616970658207772,0.18318794607454403
be6c63f416c67bca1300a98f5b89c3af,Argentina,Austria,2026-06-22T17:00:00Z,williamhill,1.67,3.5,5.0,h2h,0.5988023952095809,0.2857142857142857,0.2,0.5521375611295157,0.263448493453226,0.18441394541725822
be6c63f416c67bca1300a98f5b89c3af,Argentina,Austria,2026-06-22T17:00:00Z,betclic_fr,1.61,3.73,5.25,h2h,0.6211180124223602,0.2680965147453083,0.19047619047619047,0.575274013448765,0.2483086224269469,0.17641736412428796
be6c63f416c67bca1300a98f5b89c3af,Argentina,Austria,2026-06-22T17:00:00Z,winamax_de,1.58,3.65,4.7,h2h,0.6329113924050632,0.273972602739726,0.2127659574468085,0.5652761302227495,0.24469487280875182,0.19002899696849876
be6c63f416c67bca1300a98f5b89c3af,Argentina,Austria,2026-06-22T17:00:00Z,tab,1.65,3.6,5.5,h2h,0.6060606060606061,0.2777777777777778,0.18181818181818182,0.5687203791469194,0.2606635071090047,0.17061611374407581
be6c63f416c67bca1300a98f5b89c3af,Argentina,Austria,2026-06-22T17:00:00Z,tipico_de,1.62,3.9,5.5,h2h,0.6172839506172839,0.25641025641025644,0.18181818181818182,0.5848192376901684,0.24292491411745462,0.17225584819237688
be6c63f416c67bca1300a98f5b89c3af,Argentina,Austria,2026-06-22T17:00:00Z,codere_it,1.66,3.8,5.4,h2h,0.6024096385542169,0.2631578947368421,0.18518518518518517,0.5733124720607957,0.25044702726866336,0.1762405006705409
7ad7a0ce2ef2618bb59b066da5642f70,France,Iraq,2026-06-22T21:00:00Z,unibet,1.12,8.0,20.0,h2h,0.8928571428571428,0.125,0.05,0.8361204013377926,0.11705685618729098,0.04682274247491639
7ad7a0ce2ef2618bb59b066da5642f70,France,Iraq,2026-06-22T21:00:00Z,unibet_uk,1.1,8.0,23.0,h2h,0.9090909090909091,0.125,0.043478260869565216,0.8436497019715726,0.11600183402109124,0.040348464007336084
7ad7a0ce2ef2618bb59b066da5642f70,France,Iraq,2026-06-22T21:00:00Z,pmu_fr,1.13,8.5,21.0,h2h,0.8849557522123894,0.11764705882352941,0.047619047619047616,0.8426369580097717,0.1120211485354167,0.04534189345481152
7ad7a0ce2ef2618bb59b066da5642f70,France,Iraq,2026-06-22T21:00:00Z,unibet_nl,1.14,8.5,23.0,h2h,0.8771929824561404,0.11764705882352941,0.043478260869565216,0.8448208806879565,0.1133053887040318,0.04187373060801175
7ad7a0ce2ef2618bb59b066da5642f70,France,Iraq,2026-06-22T21:00:00Z,unibet_fr,1.1,8.8,24.0,h2h,0.9090909090909091,0.11363636363636363,0.041666666666666664,0.8540925266903914,0.10676156583629892,0.03914590747330961
7ad7a0ce2ef2618bb59b066da5642f70,France,Iraq,2026-06-22T21:00:00Z,leovegas,1.13,8.5,21.0,h2h,0.8849557522123894,0.11764705882352941,0.047619047619047616,0.8426369580097717,0.1120211485354167,0.04534189345481152
7ad7a0ce2ef2618bb59b066da5642f70,France,Iraq,2026-06-22T21:00:00Z,unibet_se,1.14,8.5,23.0,h2h,0.8771929824561404,0.11764705882352941,0.043478260869565216,0.8448208806879565,0.1133053887040318,0.04187373060801175
7ad7a0ce2ef2618bb59b066da5642f70,France,Iraq,2026-06-22T21:00:00Z,betrivers,1.13,8.5,21.0,h2h,0.8849557522123894,0.11764705882352941,0.047619047619047616,0.8426369580097717,0.1120211485354167,0.04534189345481152
7ad7a0ce2ef2618bb59b066da5642f70,France,Iraq,2026-06-22T21:00:00Z,leovegas_se,1.13,8.5,21.0,h2h,0.8849557522123894,0.11764705882352941,0.047619047619047616,0.8426369580097717,0.1120211485354167,0.04534189345481152
7ad7a0ce2ef2618bb59b066da5642f70,France,Iraq,2026-06-22T21:00:00Z,tabtouch,1.12,8.0,20.0,h2h,0.8928571428571428,0.125,0.05,0.8361204013377926,0.11705685618729098,0.04682274247491639
7ad7a0ce2ef2618bb59b066da5642f70,France,Iraq,2026-06-22T21:00:00Z,winamax_fr,1.07,7.25,15.0,h2h,0.9345794392523364,0.13793103448275862,0.06666666666666667,0.8203986949059843,0.12107953152405561,0.05852177356996021
7ad7a0ce2ef2618bb59b066da5642f70,France,Iraq,2026-06-22T21:00:00Z,gtbets,1.11,8.31,22.62,h2h,0.9009009009009008,0.12033694344163658,0.044208664898320066,0.8455618307321715,0.11294508208335866,0.04149308718446995
7ad7a0ce2ef2618bb59b066da5642f70,France,Iraq,2026-06-22T21:00:00Z,grosvenor,1.13,8.0,20.0,h2h,0.8849557522123894,0.125,0.05,0.8348987685243164,0.11792945105405969,0.04717178042162388
7ad7a0ce2ef2618bb59b066da5642f70,France,Iraq,2026-06-22T21:00:00Z,casumo,1.13,8.5,21.0,h2h,0.8849557522123894,0.11764705882352941,0.047619047619047616,0.8426369580097717,0.1120211485354167,0.04534189345481152
7ad7a0ce2ef2618bb59b066da5642f70,France,Iraq,2026-06-22T21:00:00Z,marathonbet,1.1,7.9,27.0,h2h,0.9090909090909091,0.12658227848101264,0.037037037037037035,0.8474710953951291,0.11800230442210656,0.034526600182764516
7ad7a0ce2ef2618bb59b066da5642f70,France,Iraq,2026-06-22T21:00:00Z,mybookieag,1.11,7.8,21.0,h2h,0.9009009009009008,0.12820512820512822,0.047619047619047616,0.8367046708348657,0.11906951084957708,0.04422581831555719
7ad7a0ce2ef2618bb59b066da5642f70,France,Iraq,2026-06-22T21:00:00Z,coolbet,1.16,8.0,25.0,h2h,0.8620689655172414,0.125,0.04,0.839348665435622,0.12170555648816518,0.03894577807621286
7ad7a0ce2ef2618bb59b066da5642f70,France,Iraq,2026-06-22T21:00:00Z,betfred_uk,1.14,7.5,21.0,h2h,0.8771929824561404,0.13333333333333333,0.047619047619047616,0.8289909995262909,0.1260066319279962,0.04500236854571293
7ad7a0ce2ef2618bb59b066da5642f70,France,Iraq,2026-06-22T21:00:00Z,smarkets,1.14,9.0,22.99,h2h,0.8771929824561404,0.1111111111111111,0.04349717268377556,0.8501569160148016,0.10768654269520818,0.04215654128999016
7ad7a0ce2ef2618bb59b066da5642f70,France,Iraq,2026-06-22T21:00:00Z,betr_au,1.14,7.25,19.0,h2h,0.8771929824561404,0.13793103448275862,0.05263157894736842,0.821529745042493,0.1291784702549575,0.04929178470254957
7ad7a0ce2ef2618bb59b066da5642f70,France,Iraq,2026-06-22T21:00:00Z,betright,1.13,7.0,18.0,h2h,0.8849557522123894,0.14285714285714285,0.05555555555555555,0.8168557536466775,0.1318638573743922,0.05128038897893031
7ad7a0ce2ef2618bb59b066da5642f70,France,Iraq,2026-06-22T21:00:00Z,pointsbetau,1.13,8.5,23.0,h2h,0.8849557522123894,0.11764705882352941,0.043478260869565216,0.8459724355784418,0.11246457084748696,0.04156299357407127
7ad7a0ce2ef2618bb59b066da5642f70,France,Iraq,2026-06-22T21:00:00Z,pinnacle,1.12,7.81,23.05,h2h,0.8928571428571428,0.12804097311139565,0.04338394793926247,0.838929051927057,0.12030736724178027,0.04076358083116286
7ad7a0ce2ef2618bb59b066da5642f70,France,Iraq,2026-06-22T21:00:00Z,betonlineag,1.11,10.15,28.0,h2h,0.9009009009009008,0.09852216748768472,0.03571428571428571,0.870320153485032,0.09517786900181138,0.034501977513156624
7ad7a0ce2ef2618bb59b066da5642f70,France,Iraq,2026-06-22T21:00:00Z,bovada,1.12,8.0,26.0,h2h,0.8928571428571428,0.125,0.038461538461538464,0.8452535760728218,0.11833550065019506,0.036410923276983094
7ad7a0ce2ef2618bb59b066da5642f70,France,Iraq,2026-06-22T21:00:00Z,everygame,1.12,8.5,26.0,h2h,0.8928571428571428,0.11764705882352941,0.038461538461538464,0.8511785549221998,0.11215529194268987,0.03666615313511015
7ad7a0ce2ef2618bb59b066da5642f70,France,Iraq,2026-06-22T21:00:00Z,draftkings,1.12,8.5,23.0,h2h,0.8928571428571428,0.11764705882352941,0.043478260869565216,0.8471271340670768,0.11162145766530895,0.04125140826761418
7ad7a0ce2ef2618bb59b066da5642f70,France,Iraq,2026-06-22T21:00:00Z,ladbrokes_uk,1.12,9.0,21.0,h2h,0.8928571428571428,0.1111111111111111,0.047619047619047616,0.8490566037735848,0.10566037735849056,0.045283018867924525
7ad7a0ce2ef2618bb59b066da5642f70,France,Iraq,2026-06-22T21:00:00Z,neds,1.12,8.5,19.0,h2h,0.8928571428571428,0.11764705882352941,0.05263157894736842,0.8398335933437338,0.11066042641705669,0.04950598023920957
7ad7a0ce2ef2618bb59b066da5642f70,France,Iraq,2026-06-22T21:00:00Z,ladbrokes_au,1.12,8.5,19.0,h2h,0.8928571428571428,0.11764705882352941,0.05263157894736842,0.8398335933437338,0.11066042641705669,0.04950598023920957
7ad7a0ce2ef2618bb59b066da5642f70,France,Iraq,2026-06-22T21:00:00Z,coral,1.12,9.5,21.0,h2h,0.8928571428571428,0.10526315789473684,0.047619047619047616,0.85380467345716,0.1006590772917915,0.04553624925104854
7ad7a0ce2ef2618bb59b066da5642f70,France,Iraq,2026-06-22T21:00:00Z,betmgm,1.1,8.0,17.5,h2h,0.9090909090909091,0.125,0.05714285714285714,0.8330853912526033,0.11454924129723296,0.05236536745016364
7ad7a0ce2ef2618bb59b066da5642f70,France,Iraq,2026-06-22T21:00:00Z,sportsbet,1.12,8.0,23.0,h2h,0.8928571428571428,0.125,0.043478260869565216,0.8412582297000731,0.11777615215801025,0.040965618141916606
7ad7a0ce2ef2618bb59b066da5642f70,France,Iraq,2026-06-22T21:00:00Z,fanduel,1.13,7.5,23.0,h2h,0.8849557522123894,0.13333333333333333,0.043478260869565216,0.8334742589326698,0.1255767883458556,0.04094895272147465
7ad7a0ce2ef2618bb59b066da5642f70,France,Iraq,2026-06-22T21:00:00Z,skybet,1.13,8.0,17.0,h2h,0.8849557522123894,0.125,0.058823529411764705,0.8280060882800608,0.1169558599695586,0.05503805175038051
7ad7a0ce2ef2618bb59b066da5642f70,France,Iraq,2026-06-22T21:00:00Z,paddypower,1.11,8.0,23.0,h2h,0.9009009009009008,0.125,0.043478260869565216,0.842452268669017,0.11689025227782612,0.04065747905315691
7ad7a0ce2ef2618bb59b066da5642f70,France,Iraq,2026-06-22T21:00:00Z,betfair_ex_au,1.14,9.0,16.0,h2h,0.8771929824561404,0.1111111111111111,0.0625,0.8347826086956521,0.10573913043478259,0.05947826086956521
7ad7a0ce2ef2618bb59b066da5642f70,France,Iraq,2026-06-22T21:00:00Z,betfair_ex_eu,1.14,9.2,21.0,h2h,0.8771929824561404,0.10869565217391305,0.047619047619047616,0.8487532289525014,0.10517159576150562,0.04607517528599293
7ad7a0ce2ef2618bb59b066da5642f70,France,Iraq,2026-06-22T21:00:00Z,betfair_ex_uk,1.14,9.2,21.0,h2h,0.8771929824561404,0.10869565217391305,0.047619047619047616,0.8487532289525014,0.10517159576150562,0.04607517528599293
7ad7a0ce2ef2618bb59b066da5642f70,France,Iraq,2026-06-22T21:00:00Z,boylesports,1.11,8.5,26.0,h2h,0.9009009009009008,0.11764705882352941,0.038461538461538464,0.8523110742590485,0.11130179910912281,0.036387126631828616
7ad7a0ce2ef2618bb59b066da5642f70,France,Iraq,2026-06-22T21:00:00Z,sport888,1.12,8.0,21.0,h2h,0.8928571428571428,0.125,0.047619047619047616,0.8379888268156424,0.11731843575418995,0.04469273743016759
7ad7a0ce2ef2618bb59b066da5642f70,France,Iraq,2026-06-22T21:00:00Z,williamhill,1.12,8.0,23.0,h2h,0.8928571428571428,0.125,0.043478260869565216,0.8412582297000731,0.11777615215801025,0.040965618141916606
7ad7a0ce2ef2618bb59b066da5642f70,France,Iraq,2026-06-22T21:00:00Z,betclic_fr,1.1,8.25,22.0,h2h,0.9090909090909091,0.12121212121212122,0.045454545454545456,0.8450704225352113,0.11267605633802819,0.04225352112676057
7ad7a0ce2ef2618bb59b066da5642f70,France,Iraq,2026-06-22T21:00:00Z,winamax_de,1.08,7.75,16.0,h2h,0.9259259259259258,0.12903225806451613,0.0625,0.8286000668225859,0.1154694286668894,0.05593050451052456
7ad7a0ce2ef2618bb59b066da5642f70,France,Iraq,2026-06-22T21:00:00Z,tab,1.12,7.5,26.0,h2h,0.8928571428571428,0.13333333333333333,0.038461538461538464,0.8386375365559952,0.12523653879236193,0.03612592465164287
7ad7a0ce2ef2618bb59b066da5642f70,France,Iraq,2026-06-22T21:00:00Z,tipico_de,1.09,10.0,27.0,h2h,0.9174311926605504,0.1,0.037037037037037035,0.8700415686527245,0.094834530983147,0.03512390036412851
7ad7a0ce2ef2618bb59b066da5642f70,France,Iraq,2026-06-22T21:00:00Z,codere_it,1.12,8.8,24.0,h2h,0.8928571428571428,0.11363636363636363,0.041666666666666664,0.8518327310273619,0.10841507485802789,0.03975219411461022
3f48473742ca0fd2a85930554720c75e,Norway,Senegal,2026-06-23T00:00:00Z,unibet,2.1,3.35,3.3,h2h,0.47619047619047616,0.29850746268656714,0.30303030303030304,0.44184652278177455,0.27697841726618705,0.2811750599520384
3f48473742ca0fd2a85930554720c75e,Norway,Senegal,2026-06-23T00:00:00Z,unibet_nl,2.17,3.5,3.45,h2h,0.4608294930875576,0.2857142857142857,0.2898550724637681,0.4446449284701637,0.27567985565150144,0.2796752158783348
3f48473742ca0fd2a85930554720c75e,Norway,Senegal,2026-06-23T00:00:00Z,pmu_fr,2.14,3.45,3.4,h2h,0.4672897196261682,0.2898550724637681,0.29411764705882354,0.44450339156466706,0.275720944332866,0.2797756641024669
3f48473742ca0fd2a85930554720c75e,Norway,Senegal,2026-06-23T00:00:00Z,leovegas,2.14,3.45,3.4,h2h,0.4672897196261682,0.2898550724637681,0.29411764705882354,0.44450339156466706,0.275720944332866,0.2797756641024669
3f48473742ca0fd2a85930554720c75e,Norway,Senegal,2026-06-23T00:00:00Z,unibet_se,2.15,3.5,3.45,h2h,0.46511627906976744,0.2857142857142857,0.2898550724637681,0.4469325437216619,0.2745442768575923,0.27852317942074584
3f48473742ca0fd2a85930554720c75e,Norway,Senegal,2026-06-23T00:00:00Z,betrivers,2.14,3.45,3.4,h2h,0.4672897196261682,0.2898550724637681,0.29411764705882354,0.44450339156466706,0.275720944332866,0.2797756641024669
3f48473742ca0fd2a85930554720c75e,Norway,Senegal,2026-06-23T00:00:00Z,casumo,2.14,3.45,3.4,h2h,0.4672897196261682,0.2898550724637681,0.29411764705882354,0.44450339156466706,0.275720944332866,0.2797756641024669
3f48473742ca0fd2a85930554720c75e,Norway,Senegal,2026-06-23T00:00:00Z,leovegas_se,2.14,3.45,3.4,h2h,0.4672897196261682,0.2898550724637681,0.29411764705882354,0.44450339156466706,0.275720944332866,0.2797756641024669
3f48473742ca0fd2a85930554720c75e,Norway,Senegal,2026-06-23T00:00:00Z,tabtouch,2.1,3.35,3.3,h2h,0.47619047619047616,0.29850746268656714,0.30303030303030304,0.44184652278177455,0.27697841726618705,0.2811750599520384
3f48473742ca0fd2a85930554720c75e,Norway,Senegal,2026-06-23T00:00:00Z,winamax_fr,1.96,3.25,3.15,h2h,0.5102040816326531,0.3076923076923077,0.31746031746031744,0.4493777846059303,0.27100937163926875,0.27961284375480105
3f48473742ca0fd2a85930554720c75e,Norway,Senegal,2026-06-23T00:00:00Z,gtbets,2.04,3.46,3.51,h2h,0.49019607843137253,0.28901734104046245,0.2849002849002849,0.4606613714467785,0.2716038143790255,0.2677348141741961
3f48473742ca0fd2a85930554720c75e,Norway,Senegal,2026-06-23T00:00:00Z,grosvenor,2.12,3.4,3.35,h2h,0.4716981132075471,0.29411764705882354,0.29850746268656714,0.4431906614785992,0.2763424124513619,0.2804669260700389
3f48473742ca0fd2a85930554720c75e,Norway,Senegal,2026-06-23T00:00:00Z,unibet_fr,2.05,3.45,3.55,h2h,0.48780487804878053,0.2898550724637681,0.28169014084507044,0.4604756086098318,0.27361594134787104,0.26590845004229724
3f48473742ca0fd2a85930554720c75e,Norway,Senegal,2026-06-23T00:00:00Z,unibet_uk,2.08,3.35,3.45,h2h,0.4807692307692307,0.29850746268656714,0.2898550724637681,0.4496819251794642,0.2792054938427718,0.271112580977764
3f48473742ca0fd2a85930554720c75e,Norway,Senegal,2026-06-23T00:00:00Z,marathonbet,2.07,3.4,3.4,h2h,0.48309178743961356,0.29411764705882354,0.29411764705882354,0.4509283819628647,0.2745358090185676,0.2745358090185676
3f48473742ca0fd2a85930554720c75e,Norway,Senegal,2026-06-23T00:00:00Z,mybookieag,2.05,3.34,3.42,h2h,0.48780487804878053,0.29940119760479045,0.29239766081871343,0.4518369671845827,0.27732508464921996,0.2708379481661972
3f48473742ca0fd2a85930554720c75e,Norway,Senegal,2026-06-23T00:00:00Z,coolbet,2.1,3.6,3.6,h2h,0.47619047619047616,0.2777777777777778,0.2777777777777778,0.46153846153846156,0.2692307692307693,0.2692307692307693
3f48473742ca0fd2a85930554720c75e,Norway,Senegal,2026-06-23T00:00:00Z,betr_au,2.05,3.4,3.5,h2h,0.48780487804878053,0.29411764705882354,0.2857142857142857,0.4569015166058744,0.2754847379535419,0.26761374544058353
3f48473742ca0fd2a85930554720c75e,Norway,Senegal,2026-06-23T00:00:00Z,betfred_uk,2.05,3.5,3.5,h2h,0.48780487804878053,0.2857142857142857,0.2857142857142857,0.4605263157894737,0.2697368421052631,0.2697368421052631
3f48473742ca0fd2a85930554720c75e,Norway,Senegal,2026-06-23T00:00:00Z,betright,2.0,3.35,3.4,h2h,0.5,0.29850746268656714,0.29411764705882354,0.4576134993973483,0.2732020891924467,0.2691844114102049
3f48473742ca0fd2a85930554720c75e,Norway,Senegal,2026-06-23T00:00:00Z,sportsbet,2.05,3.5,3.5,h2h,0.48780487804878053,0.2857142857142857,0.2857142857142857,0.4605263157894737,0.2697368421052631,0.2697368421052631
3f48473742ca0fd2a85930554720c75e,Norway,Senegal,2026-06-23T00:00:00Z,fanduel,2.05,3.5,3.5,h2h,0.48780487804878053,0.2857142857142857,0.2857142857142857,0.4605263157894737,0.2697368421052631,0.2697368421052631
3f48473742ca0fd2a85930554720c75e,Norway,Senegal,2026-06-23T00:00:00Z,smarkets,2.24,3.65,3.35,h2h,0.4464285714285714,0.273972602739726,0.29850746268656714,0.4381438681358058,0.2688882916778644,0.2929678401863298
3f48473742ca0fd2a85930554720c75e,Norway,Senegal,2026-06-23T00:00:00Z,skybet,2.05,3.4,3.4,h2h,0.48780487804878053,0.29411764705882354,0.29411764705882354,0.4533333333333333,0.2733333333333333,0.2733333333333333
3f48473742ca0fd2a85930554720c75e,Norway,Senegal,2026-06-23T00:00:00Z,paddypower,2.0,3.5,3.5,h2h,0.5,0.2857142857142857,0.2857142857142857,0.4666666666666667,0.26666666666666666,0.26666666666666666
3f48473742ca0fd2a85930554720c75e,Norway,Senegal,2026-06-23T00:00:00Z,pointsbetau,2.05,3.4,3.4,h2h,0.48780487804878053,0.29411764705882354,0.29411764705882354,0.4533333333333333,0.2733333333333333,0.2733333333333333
3f48473742ca0fd2a85930554720c75e,Norway,Senegal,2026-06-23T00:00:00Z,betfair_ex_au,2.24,3.65,3.4,h2h,0.4464285714285714,0.273972602739726,0.29411764705882354,0.44003971349549675,0.27005176937805825,0.28990851712644494
3f48473742ca0fd2a85930554720c75e,Norway,Senegal,2026-06-23T00:00:00Z,betfair_ex_eu,2.24,3.65,3.4,h2h,0.4464285714285714,0.273972602739726,0.29411764705882354,0.44003971349549675,0.27005176937805825,0.28990851712644494
3f48473742ca0fd2a85930554720c75e,Norway,Senegal,2026-06-23T00:00:00Z,betfair_ex_uk,2.24,3.65,3.4,h2h,0.4464285714285714,0.273972602739726,0.29411764705882354,0.44003971349549675,0.27005176937805825,0.28990851712644494
3f48473742ca0fd2a85930554720c75e,Norway,Senegal,2026-06-23T00:00:00Z,pinnacle,2.11,3.5,3.26,h2h,0.47393364928909953,0.2857142857142857,0.3067484662576687,0.4444254019693382,0.26792502804437246,0.28764956998628943
3f48473742ca0fd2a85930554720c75e,Norway,Senegal,2026-06-23T00:00:00Z,betonlineag,2.18,3.66,3.3,h2h,0.4587155963302752,0.27322404371584696,0.30303030303030304,0.4432163459421375,0.26399224976881414,0.29279140428904843
3f48473742ca0fd2a85930554720c75e,Norway,Senegal,2026-06-23T00:00:00Z,bovada,2.13,3.55,3.3,h2h,0.4694835680751174,0.28169014084507044,0.30303030303030304,0.4453441295546559,0.26720647773279355,0.28744939271255066
3f48473742ca0fd2a85930554720c75e,Norway,Senegal,2026-06-23T00:00:00Z,everygame,2.15,3.6,3.3,h2h,0.46511627906976744,0.2777777777777778,0.30303030303030304,0.4446939921392476,0.26558113419427287,0.28972487366647953
3f48473742ca0fd2a85930554720c75e,Norway,Senegal,2026-06-23T00:00:00Z,draftkings,2.1,3.55,3.4,h2h,0.47619047619047616,0.28169014084507044,0.29411764705882354,0.4526532908306769,0.2677667354209638,0.2795799737483593
3f48473742ca0fd2a85930554720c75e,Norway,Senegal,2026-06-23T00:00:00Z,coral,2.1,3.4,3.4,h2h,0.47619047619047616,0.29411764705882354,0.29411764705882354,0.4473684210526316,0.27631578947368424,0.27631578947368424
3f48473742ca0fd2a85930554720c75e,Norway,Senegal,2026-06-23T00:00:00Z,ladbrokes_uk,2.1,3.4,3.4,h2h,0.47619047619047616,0.29411764705882354,0.29411764705882354,0.4473684210526316,0.27631578947368424,0.27631578947368424
3f48473742ca0fd2a85930554720c75e,Norway,Senegal,2026-06-23T00:00:00Z,neds,2.1,3.4,3.4,h2h,0.47619047619047616,0.29411764705882354,0.29411764705882354,0.4473684210526316,0.27631578947368424,0.27631578947368424
3f48473742ca0fd2a85930554720c75e,Norway,Senegal,2026-06-23T00:00:00Z,ladbrokes_au,2.1,3.4,3.4,h2h,0.47619047619047616,0.29411764705882354,0.29411764705882354,0.4473684210526316,0.27631578947368424,0.27631578947368424
3f48473742ca0fd2a85930554720c75e,Norway,Senegal,2026-06-23T00:00:00Z,betmgm,2.0,3.2,3.2,h2h,0.5,0.3125,0.3125,0.4444444444444444,0.2777777777777778,0.2777777777777778
3f48473742ca0fd2a85930554720c75e,Norway,Senegal,2026-06-23T00:00:00Z,boylesports,2.05,3.4,3.4,h2h,0.48780487804878053,0.29411764705882354,0.29411764705882354,0.4533333333333333,0.2733333333333333,0.2733333333333333
3f48473742ca0fd2a85930554720c75e,Norway,Senegal,2026-06-23T00:00:00Z,sport888,2.05,3.25,3.3,h2h,0.48780487804878053,0.3076923076923077,0.30303030303030304,0.4440534106200187,0.28009522823724253,0.27585136114273884
3f48473742ca0fd2a85930554720c75e,Norway,Senegal,2026-06-23T00:00:00Z,williamhill,2.1,3.3,3.4,h2h,0.47619047619047616,0.30303030303030304,0.29411764705882354,0.4436536180308422,0.2823250296559905,0.27402135231316727
3f48473742ca0fd2a85930554720c75e,Norway,Senegal,2026-06-23T00:00:00Z,betclic_fr,2.02,3.38,3.45,h2h,0.49504950495049505,0.2958579881656805,0.2898550724637681,0.4580557475960028,0.27374929294198985,0.26819495946200744
3f48473742ca0fd2a85930554720c75e,Norway,Senegal,2026-06-23T00:00:00Z,winamax_de,1.98,3.3,3.2,h2h,0.5050505050505051,0.30303030303030304,0.3125,0.4507042253521127,0.2704225352112676,0.2788732394366197
3f48473742ca0fd2a85930554720c75e,Norway,Senegal,2026-06-23T00:00:00Z,tab,2.1,3.4,3.5,h2h,0.47619047619047616,0.29411764705882354,0.2857142857142857,0.4509283819628648,0.2785145888594165,0.27055702917771884
3f48473742ca0fd2a85930554720c75e,Norway,Senegal,2026-06-23T00:00:00Z,tipico_de,2.1,3.5,3.4,h2h,0.47619047619047616,0.2857142857142857,0.29411764705882354,0.45092838196286467,0.2705570291777188,0.27851458885941643
3f48473742ca0fd2a85930554720c75e,Norway,Senegal,2026-06-23T00:00:00Z,codere_it,2.1,3.45,3.5,h2h,0.47619047619047616,0.2898550724637681,0.2857142857142857,0.45275590551181105,0.2755905511811024,0.27165354330708663
fd8533b650e655030f6a7946f8795db2,Jordan,Algeria,2026-06-23T03:00:00Z,unibet,6.0,4.0,1.52,h2h,0.16666666666666666,0.25,0.6578947368421053,0.15510204081632653,0.2326530612244898,0.6122448979591838
fd8533b650e655030f6a7946f8795db2,Jordan,Algeria,2026-06-23T03:00:00Z,unibet_nl,6.4,4.25,1.55,h2h,0.15625,0.23529411764705882,0.6451612903225806,0.15071784018761084,0.2269633358119316,0.6223188240004576
fd8533b650e655030f6a7946f8795db2,Jordan,Algeria,2026-06-23T03:00:00Z,pmu_fr,6.25,4.1,1.54,h2h,0.16,0.24390243902439027,0.6493506493506493,0.15191030699643923,0.23157058993359642,0.6165191030699645
fd8533b650e655030f6a7946f8795db2,Jordan,Algeria,2026-06-23T03:00:00Z,leovegas,6.25,4.1,1.54,h2h,0.16,0.24390243902439027,0.6493506493506493,0.15191030699643923,0.23157058993359642,0.6165191030699645
fd8533b650e655030f6a7946f8795db2,Jordan,Algeria,2026-06-23T03:00:00Z,unibet_se,6.4,4.2,1.55,h2h,0.15625,0.23809523809523808,0.6451612903225806,0.15031170630339416,0.22904640960517203,0.6206418840914338
fd8533b650e655030f6a7946f8795db2,Jordan,Algeria,2026-06-23T03:00:00Z,tipico_de,6.7,4.2,1.5,h2h,0.14925373134328357,0.23809523809523808,0.6666666666666666,0.14160485502360082,0.22589345920431558,0.6325016857720837
fd8533b650e655030f6a7946f8795db2,Jordan,Algeria,2026-06-23T03:00:00Z,betrivers,6.25,4.1,1.54,h2h,0.16,0.24390243902439027,0.6493506493506493,0.15191030699643923,0.23157058993359642,0.6165191030699645
fd8533b650e655030f6a7946f8795db2,Jordan,Algeria,2026-06-23T03:00:00Z,casumo,6.25,4.1,1.54,h2h,0.16,0.24390243902439027,0.6493506493506493,0.15191030699643923,0.23157058993359642,0.6165191030699645
fd8533b650e655030f6a7946f8795db2,Jordan,Algeria,2026-06-23T03:00:00Z,leovegas_se,6.25,4.1,1.54,h2h,0.16,0.24390243902439027,0.6493506493506493,0.15191030699643923,0.23157058993359642,0.6165191030699645
fd8533b650e655030f6a7946f8795db2,Jordan,Algeria,2026-06-23T03:00:00Z,tabtouch,6.0,4.0,1.51,h2h,0.16666666666666666,0.25,0.6622516556291391,0.15447570332480814,0.23171355498721224,0.6138107416879796
fd8533b650e655030f6a7946f8795db2,Jordan,Algeria,2026-06-23T03:00:00Z,winamax_fr,5.1,3.85,1.47,h2h,0.19607843137254904,0.2597402597402597,0.6802721088435374,0.17259045789305158,0.228626320845341,0.5987832212616074
fd8533b650e655030f6a7946f8795db2,Jordan,Algeria,2026-06-23T03:00:00Z,gtbets,6.15,3.93,1.56,h2h,0.16260162601626016,0.2544529262086514,0.641025641025641,0.1536760890653552,0.24048548288853294,0.6058384280461118
fd8533b650e655030f6a7946f8795db2,Jordan,Algeria,2026-06-23T03:00:00Z,grosvenor,6.1,4.1,1.53,h2h,0.1639344262295082,0.24390243902439027,0.6535947712418301,0.15444652353752217,0.22978629111680127,0.6157671853456765
fd8533b650e655030f6a7946f8795db2,Jordan,Algeria,2026-06-23T03:00:00Z,winamax_de,5.2,3.95,1.49,h2h,0.1923076923076923,0.2531645569620253,0.6711409395973155,0.17222409176701245,0.22672538662999106,0.6010505216029965
fd8533b650e655030f6a7946f8795db2,Jordan,Algeria,2026-06-23T03:00:00Z,unibet_uk,5.75,4.0,1.54,h2h,0.17391304347826086,0.25,0.6493506493506493,0.1620412994870446,0.23293436801262662,0.6050243325003288
fd8533b650e655030f6a7946f8795db2,Jordan,Algeria,2026-06-23T03:00:00Z,unibet_fr,6.0,4.15,1.53,h2h,0.16666666666666666,0.24096385542168672,0.6535947712418301,0.157051163135829,0.22706192260601785,0.615886914258153
fd8533b650e655030f6a7946f8795db2,Jordan,Algeria,2026-06-23T03:00:00Z,marathonbet,6.2,4.1,1.5,h2h,0.16129032258064516,0.24390243902439027,0.6666666666666666,0.1504771225838023,0.22755077073648156,0.6219721066797161
fd8533b650e655030f6a7946f8795db2,Jordan,Algeria,2026-06-23T03:00:00Z,mybookieag,5.8,4.0,1.53,h2h,0.1724137931034483,0.25,0.6535947712418301,0.16023459182070482,0.23234015814002199,0.6074252500392732
fd8533b650e655030f6a7946f8795db2,Jordan,Algeria,2026-06-23T03:00:00Z,coolbet,6.5,4.2,1.58,h2h,0.15384615384615385,0.23809523809523808,0.6329113924050632,0.15011536895444058,0.23232140433425327,0.6175632267113061
fd8533b650e655030f6a7946f8795db2,Jordan,Algeria,2026-06-23T03:00:00Z,betr_au,6.0,3.9,1.55,h2h,0.16666666666666666,0.25641025641025644,0.6451612903225806,0.1560201316298877,0.2400309717382888,0.6039488966318234
fd8533b650e655030f6a7946f8795db2,Jordan,Algeria,2026-06-23T03:00:00Z,betright,5.75,3.75,1.54,h2h,0.17391304347826086,0.26666666666666666,0.6493506493506493,0.1595634454652207,0.24466394971333838,0.5957726048214409
fd8533b650e655030f6a7946f8795db2,Jordan,Algeria,2026-06-23T03:00:00Z,sportsbet,6.0,4.0,1.55,h2h,0.16666666666666666,0.25,0.6451612903225806,0.1569620253164557,0.23544303797468355,0.6075949367088608
fd8533b650e655030f6a7946f8795db2,Jordan,Algeria,2026-06-23T03:00:00Z,betfred_uk,6.0,4.0,1.57,h2h,0.16666666666666666,0.25,0.6369426751592356,0.15818639798488665,0.23727959697732998,0.6045340050377834
fd8533b650e655030f6a7946f8795db2,Jordan,Algeria,2026-06-23T03:00:00Z,paddypower,6.0,3.8,1.53,h2h,0.16666666666666666,0.2631578947368421,0.6535947712418301,0.15383394189553895,0.24289569772979833,0.6032703603746626
fd8533b650e655030f6a7946f8795db2,Jordan,Algeria,2026-06-23T03:00:00Z,smarkets,6.4,4.5,1.51,h2h,0.15625,0.2222222222222222,0.6622516556291391,0.15013588457544358,0.2135265913961864,0.6363375240283702
fd8533b650e655030f6a7946f8795db2,Jordan,Algeria,2026-06-23T03:00:00Z,fanduel,6.0,4.0,1.56,h2h,0.16666666666666666,0.25,0.641025641025641,0.1575757575757576,0.23636363636363641,0.6060606060606061
fd8533b650e655030f6a7946f8795db2,Jordan,Algeria,2026-06-23T03:00:00Z,skybet,6.0,3.9,1.55,h2h,0.16666666666666666,0.25641025641025644,0.6451612903225806,0.1560201316298877,0.2400309717382888,0.6039488966318234
fd8533b650e655030f6a7946f8795db2,Jordan,Algeria,2026-06-23T03:00:00Z,pointsbetau,6.0,4.1,1.56,h2h,0.16666666666666666,0.24390243902439027,0.641025641025641,0.15848944394885517,0.23193577163247103,0.6095747844186737
fd8533b650e655030f6a7946f8795db2,Jordan,Algeria,2026-06-23T03:00:00Z,betfair_ex_au,6.6,4.6,1.51,h2h,0.15151515151515152,0.2173913043478261,0.6622516556291391,0.1469368759519377,0.2108224741919106,0.6422406498561516
fd8533b650e655030f6a7946f8795db2,Jordan,Algeria,2026-06-23T03:00:00Z,betfair_ex_uk,6.6,4.6,1.51,h2h,0.15151515151515152,0.2173913043478261,0.6622516556291391,0.1469368759519377,0.2108224741919106,0.6422406498561516
fd8533b650e655030f6a7946f8795db2,Jordan,Algeria,2026-06-23T03:00:00Z,betfair_ex_eu,6.6,4.6,1.51,h2h,0.15151515151515152,0.2173913043478261,0.6622516556291391,0.1469368759519377,0.2108224741919106,0.6422406498561516
fd8533b650e655030f6a7946f8795db2,Jordan,Algeria,2026-06-23T03:00:00Z,pinnacle,6.02,4.11,1.5,h2h,0.16611295681063123,0.24330900243309,0.6666666666666666,0.15436735675009766,0.22610498482617708,0.6195276584237253
fd8533b650e655030f6a7946f8795db2,Jordan,Algeria,2026-06-23T03:00:00Z,betonlineag,6.4,4.18,1.56,h2h,0.15625,0.23923444976076558,0.641025641025641,0.15074624105342974,0.23080764180429436,0.6184461171422758
fd8533b650e655030f6a7946f8795db2,Jordan,Algeria,2026-06-23T03:00:00Z,bovada,6.25,4.2,1.52,h2h,0.16,0.23809523809523808,0.6578947368421053,0.15151658992737457,0.225471115963355,0.6230122941092705
fd8533b650e655030f6a7946f8795db2,Jordan,Algeria,2026-06-23T03:00:00Z,everygame,6.25,4.33,1.53,h2h,0.16,0.23094688221709006,0.6535947712418301,0.153177232779729,0.2210987771069991,0.6257239901132721
fd8533b650e655030f6a7946f8795db2,Jordan,Algeria,2026-06-23T03:00:00Z,draftkings,6.0,4.2,1.54,h2h,0.16666666666666666,0.23809523809523808,0.6493506493506493,0.15811088295687886,0.22587268993839837,0.6160164271047228
fd8533b650e655030f6a7946f8795db2,Jordan,Algeria,2026-06-23T03:00:00Z,coral,6.0,4.0,1.57,h2h,0.16666666666666666,0.25,0.6369426751592356,0.15818639798488665,0.23727959697732998,0.6045340050377834
fd8533b650e655030f6a7946f8795db2,Jordan,Algeria,2026-06-23T03:00:00Z,ladbrokes_uk,6.0,3.9,1.57,h2h,0.16666666666666666,0.25641025641025644,0.6369426751592356,0.15722979739619442,0.2418919959941453,0.6008782066096602
fd8533b650e655030f6a7946f8795db2,Jordan,Algeria,2026-06-23T03:00:00Z,ladbrokes_au,6.0,3.9,1.57,h2h,0.16666666666666666,0.25641025641025644,0.6369426751592356,0.15722979739619442,0.2418919959941453,0.6008782066096602
fd8533b650e655030f6a7946f8795db2,Jordan,Algeria,2026-06-23T03:00:00Z,neds,6.0,3.9,1.57,h2h,0.16666666666666666,0.25641025641025644,0.6369426751592356,0.15722979739619442,0.2418919959941453,0.6008782066096602
fd8533b650e655030f6a7946f8795db2,Jordan,Algeria,2026-06-23T03:00:00Z,betmgm,5.5,3.7,1.5,h2h,0.18181818181818182,0.27027027027027023,0.6666666666666666,0.16251830161054173,0.24158125915080522,0.595900439238653
fd8533b650e655030f6a7946f8795db2,Jordan,Algeria,2026-06-23T03:00:00Z,boylesports,6.0,4.0,1.5,h2h,0.16666666666666666,0.25,0.6666666666666666,0.15384615384615385,0.23076923076923078,0.6153846153846154
fd8533b650e655030f6a7946f8795db2,Jordan,Algeria,2026-06-23T03:00:00Z,sport888,5.75,3.8,1.53,h2h,0.17391304347826086,0.2631578947368421,0.6535947712418301,0.15945586440492027,0.2412819000863925,0.5992622355086873
fd8533b650e655030f6a7946f8795db2,Jordan,Algeria,2026-06-23T03:00:00Z,williamhill,6.0,3.9,1.55,h2h,0.16666666666666666,0.25641025641025644,0.6451612903225806,0.1560201316298877,0.2400309717382888,0.6039488966318234
fd8533b650e655030f6a7946f8795db2,Jordan,Algeria,2026-06-23T03:00:00Z,betclic_fr,5.9,4.05,1.51,h2h,0.1694915254237288,0.2469135802469136,0.6622516556291391,0.15713202893151246,0.228908387826154,0.6139595832423336
fd8533b650e655030f6a7946f8795db2,Jordan,Algeria,2026-06-23T03:00:00Z,tab,6.0,3.8,1.58,h2h,0.16666666666666666,0.2631578947368421,0.6329113924050632,0.15682791766795526,0.24762302789677149,0.5955490544352732
fd8533b650e655030f6a7946f8795db2,Jordan,Algeria,2026-06-23T03:00:00Z,codere_it,6.0,4.1,1.56,h2h,0.16666666666666666,0.24390243902439027,0.641025641025641,0.15848944394885517,0.23193577163247103,0.6095747844186737
8ba93d190f1f934e33862a97a6353a6e,Portugal,Uzbekistan,2026-06-23T17:00:00Z,unibet,1.27,5.5,10.0,h2h,0.7874015748031495,0.18181818181818182,0.1,0.7364263238936867,0.17004753297181494,0.09352614313449822
8ba93d190f1f934e33862a97a6353a6e,Portugal,Uzbekistan,2026-06-23T17:00:00Z,winamax_de,1.21,5.6,8.5,h2h,0.8264462809917356,0.17857142857142858,0.11764705882352941,0.7361469819520268,0.15906033002892006,0.10479268801905321
8ba93d190f1f934e33862a97a6353a6e,Portugal,Uzbekistan,2026-06-23T17:00:00Z,pmu_fr,1.29,5.75,10.5,h2h,0.7751937984496123,0.17391304347826086,0.09523809523809523,0.7422775472568003,0.1665283540802213,0.09119409866297833
8ba93d190f1f934e33862a97a6353a6e,Portugal,Uzbekistan,2026-06-23T17:00:00Z,unibet_nl,1.29,5.8,11.0,h2h,0.7751937984496123,0.1724137931034483,0.09090909090909091,0.7464432796705354,0.16601928116810186,0.08753743916136279
8ba93d190f1f934e33862a97a6353a6e,Portugal,Uzbekistan,2026-06-23T17:00:00Z,tipico_de,1.22,7.0,10.5,h2h,0.819672131147541,0.14285714285714285,0.09523809523809523,0.7749077490774907,0.1350553505535055,0.09003690036900368
8ba93d190f1f934e33862a97a6353a6e,Portugal,Uzbekistan,2026-06-23T17:00:00Z,unibet_se,1.29,5.8,11.0,h2h,0.7751937984496123,0.1724137931034483,0.09090909090909091,0.7464432796705354,0.16601928116810186,0.08753743916136279
8ba93d190f1f934e33862a97a6353a6e,Portugal,Uzbekistan,2026-06-23T17:00:00Z,leovegas,1.29,5.75,10.5,h2h,0.7751937984496123,0.17391304347826086,0.09523809523809523,0.7422775472568003,0.1665283540802213,0.09119409866297833
8ba93d190f1f934e33862a97a6353a6e,Portugal,Uzbekistan,2026-06-23T17:00:00Z,betrivers,1.29,5.75,10.5,h2h,0.7751937984496123,0.17391304347826086,0.09523809523809523,0.7422775472568003,0.1665283540802213,0.09119409866297833
8ba93d190f1f934e33862a97a6353a6e,Portugal,Uzbekistan,2026-06-23T17:00:00Z,casumo,1.29,5.75,10.5,h2h,0.7751937984496123,0.17391304347826086,0.09523809523809523,0.7422775472568003,0.1665283540802213,0.09119409866297833
8ba93d190f1f934e33862a97a6353a6e,Portugal,Uzbekistan,2026-06-23T17:00:00Z,leovegas_se,1.29,5.75,10.5,h2h,0.7751937984496123,0.17391304347826086,0.09523809523809523,0.7422775472568003,0.1665283540802213,0.09119409866297833
8ba93d190f1f934e33862a97a6353a6e,Portugal,Uzbekistan,2026-06-23T17:00:00Z,tabtouch,1.27,5.5,10.0,h2h,0.7874015748031495,0.18181818181818182,0.1,0.7364263238936867,0.17004753297181494,0.09352614313449822
8ba93d190f1f934e33862a97a6353a6e,Portugal,Uzbekistan,2026-06-23T17:00:00Z,winamax_fr,1.2,5.4,8.0,h2h,0.8333333333333334,0.18518518518518517,0.125,0.728744939271255,0.16194331983805665,0.10931174089068825
8ba93d190f1f934e33862a97a6353a6e,Portugal,Uzbekistan,2026-06-23T17:00:00Z,gtbets,1.32,5.84,11.04,h2h,0.7575757575757576,0.17123287671232876,0.09057971014492755,0.7431669801925418,0.1679760982626978,0.08885692154476045
8ba93d190f1f934e33862a97a6353a6e,Portugal,Uzbekistan,2026-06-23T17:00:00Z,unibet_uk,1.25,5.75,10.5,h2h,0.8,0.17391304347826086,0.09523809523809523,0.7482571649883811,0.16266460108443068,0.08907823392718822
8ba93d190f1f934e33862a97a6353a6e,Portugal,Uzbekistan,2026-06-23T17:00:00Z,unibet_fr,1.25,6.1,10.0,h2h,0.8,0.1639344262295082,0.1,0.7519260400616332,0.15408320493066255,0.09399075500770415
8ba93d190f1f934e33862a97a6353a6e,Portugal,Uzbekistan,2026-06-23T17:00:00Z,grosvenor,1.28,5.5,10.0,h2h,0.78125,0.18181818181818182,0.1,0.7349011223944414,0.17103153393907,0.0940673436664885
8ba93d190f1f934e33862a97a6353a6e,Portugal,Uzbekistan,2026-06-23T17:00:00Z,marathonbet,1.21,5.95,12.75,h2h,0.8264462809917356,0.1680672268907563,0.0784313725490196,0.7702597738845258,0.1566410632605506,0.07309916285492363
8ba93d190f1f934e33862a97a6353a6e,Portugal,Uzbekistan,2026-06-23T17:00:00Z,mybookieag,1.24,5.7,9.7,h2h,0.8064516129032259,0.17543859649122806,0.10309278350515465,0.7432850267523459,0.1616970935391068,0.0950178797085473
8ba93d190f1f934e33862a97a6353a6e,Portugal,Uzbekistan,2026-06-23T17:00:00Z,pointsbetau,1.24,6.0,11.5,h2h,0.8064516129032259,0.16666666666666666,0.08695652173913043,0.7607497243660419,0.15722160970231533,0.08202866593164278
8ba93d190f1f934e33862a97a6353a6e,Portugal,Uzbekistan,2026-06-23T17:00:00Z,betr_au,1.25,5.5,11.0,h2h,0.8,0.18181818181818182,0.09090909090909091,0.7457627118644068,0.1694915254237288,0.0847457627118644
8ba93d190f1f934e33862a97a6353a6e,Portugal,Uzbekistan,2026-06-23T17:00:00Z,betfred_uk,1.25,6.0,11.0,h2h,0.8,0.16666666666666666,0.09090909090909091,0.7564469914040115,0.15759312320916904,0.08595988538681948
8ba93d190f1f934e33862a97a6353a6e,Portugal,Uzbekistan,2026-06-23T17:00:00Z,betright,1.24,5.5,10.0,h2h,0.8064516129032259,0.18181818181818182,0.1,0.7410401509027216,0.16707087038534088,0.09188897871193748
8ba93d190f1f934e33862a97a6353a6e,Portugal,Uzbekistan,2026-06-23T17:00:00Z,coolbet,1.28,6.0,12.0,h2h,0.78125,0.16666666666666666,0.08333333333333333,0.7575757575757576,0.1616161616161616,0.0808080808080808
8ba93d190f1f934e33862a97a6353a6e,Portugal,Uzbekistan,2026-06-23T17:00:00Z,sportsbet,1.25,6.0,11.0,h2h,0.8,0.16666666666666666,0.09090909090909091,0.7564469914040115,0.15759312320916904,0.08595988538681948
8ba93d190f1f934e33862a97a6353a6e,Portugal,Uzbekistan,2026-06-23T17:00:00Z,fanduel,1.26,6.0,11.0,h2h,0.7936507936507936,0.16666666666666666,0.09090909090909091,0.7549759780370625,0.15854495538778313,0.08647906657515445
8ba93d190f1f934e33862a97a6353a6e,Portugal,Uzbekistan,2026-06-23T17:00:00Z,skybet,1.25,6.0,10.0,h2h,0.8,0.16666666666666666,0.1,0.75,0.15625,0.09375
8ba93d190f1f934e33862a97a6353a6e,Portugal,Uzbekistan,2026-06-23T17:00:00Z,paddypower,1.22,5.5,11.0,h2h,0.819672131147541,0.18181818181818182,0.09090909090909091,0.7503410641200546,0.1664392905866303,0.08321964529331514
8ba93d190f1f934e33862a97a6353a6e,Portugal,Uzbekistan,2026-06-23T17:00:00Z,betfair_ex_eu,1.26,6.2,13.5,h2h,0.7936507936507936,0.16129032258064516,0.07407407407407407,0.7712721844418643,0.156742411676895,0.07198540388124067
8ba93d190f1f934e33862a97a6353a6e,Portugal,Uzbekistan,2026-06-23T17:00:00Z,betfair_ex_au,1.26,6.2,13.5,h2h,0.7936507936507936,0.16129032258064516,0.07407407407407407,0.7712721844418643,0.156742411676895,0.07198540388124067
8ba93d190f1f934e33862a97a6353a6e,Portugal,Uzbekistan,2026-06-23T17:00:00Z,betfair_ex_uk,1.26,6.4,13.5,h2h,0.7936507936507936,0.15625,0.07407407407407407,0.7750686258679154,0.15259163571774584,0.07233973841433877
8ba93d190f1f934e33862a97a6353a6e,Portugal,Uzbekistan,2026-06-23T17:00:00Z,smarkets,1.27,6.4,13.0,h2h,0.7874015748031495,0.15625,0.07692307692307693,0.7715276618631651,0.15310002040097184,0.07537231773586307
8ba93d190f1f934e33862a97a6353a6e,Portugal,Uzbekistan,2026-06-23T17:00:00Z,pinnacle,1.21,6.33,10.82,h2h,0.8264462809917356,0.1579778830963665,0.09242144177449169,0.7674696135568303,0.14670430211749835,0.0858260843256714
8ba93d190f1f934e33862a97a6353a6e,Portugal,Uzbekistan,2026-06-23T17:00:00Z,betonlineag,1.22,7.16,13.0,h2h,0.819672131147541,0.13966480446927373,0.07692307692307693,0.7909907950018356,0.1347777611595306,0.0742314438386338
8ba93d190f1f934e33862a97a6353a6e,Portugal,Uzbekistan,2026-06-23T17:00:00Z,bovada,1.22,6.5,11.0,h2h,0.819672131147541,0.15384615384615385,0.09090909090909091,0.7700592353257942,0.14453419493807215,0.08540656973613354
8ba93d190f1f934e33862a97a6353a6e,Portugal,Uzbekistan,2026-06-23T17:00:00Z,everygame,1.25,6.5,11.0,h2h,0.8,0.15384615384615385,0.09090909090909091,0.7657295850066934,0.14725568942436412,0.08701472556894244
8ba93d190f1f934e33862a97a6353a6e,Portugal,Uzbekistan,2026-06-23T17:00:00Z,draftkings,1.24,6.5,12.0,h2h,0.8064516129032259,0.15384615384615385,0.08333333333333333,0.7727362789776105,0.14741430552803647,0.07984941549435308
8ba93d190f1f934e33862a97a6353a6e,Portugal,Uzbekistan,2026-06-23T17:00:00Z,ladbrokes_au,1.25,6.0,10.0,h2h,0.8,0.16666666666666666,0.1,0.75,0.15625,0.09375
8ba93d190f1f934e33862a97a6353a6e,Portugal,Uzbekistan,2026-06-23T17:00:00Z,neds,1.25,6.0,10.0,h2h,0.8,0.16666666666666666,0.1,0.75,0.15625,0.09375
8ba93d190f1f934e33862a97a6353a6e,Portugal,Uzbekistan,2026-06-23T17:00:00Z,ladbrokes_uk,1.25,6.0,10.0,h2h,0.8,0.16666666666666666,0.1,0.75,0.15625,0.09375
8ba93d190f1f934e33862a97a6353a6e,Portugal,Uzbekistan,2026-06-23T17:00:00Z,coral,1.25,6.0,10.0,h2h,0.8,0.16666666666666666,0.1,0.75,0.15625,0.09375
8ba93d190f1f934e33862a97a6353a6e,Portugal,Uzbekistan,2026-06-23T17:00:00Z,betmgm,1.22,5.5,8.75,h2h,0.819672131147541,0.18181818181818182,0.11428571428571428,0.7346206686002137,0.1629522210349565,0.10242711036482978
8ba93d190f1f934e33862a97a6353a6e,Portugal,Uzbekistan,2026-06-23T17:00:00Z,boylesports,1.22,5.5,12.0,h2h,0.819672131147541,0.18181818181818182,0.08333333333333333,0.7555809959931311,0.16760160274756727,0.07681740125930166
8ba93d190f1f934e33862a97a6353a6e,Portugal,Uzbekistan,2026-06-23T17:00:00Z,sport888,1.22,5.5,12.0,h2h,0.819672131147541,0.18181818181818182,0.08333333333333333,0.7555809959931311,0.16760160274756727,0.07681740125930166
8ba93d190f1f934e33862a97a6353a6e,Portugal,Uzbekistan,2026-06-23T17:00:00Z,williamhill,1.22,5.8,12.0,h2h,0.819672131147541,0.1724137931034483,0.08333333333333333,0.762188444522318,0.16032239695124623,0.07748915852643566
8ba93d190f1f934e33862a97a6353a6e,Portugal,Uzbekistan,2026-06-23T17:00:00Z,betclic_fr,1.24,5.9,10.0,h2h,0.8064516129032259,0.1694915254237288,0.1,0.7495299557904366,0.15752832969154937,0.09294171451801413
8ba93d190f1f934e33862a97a6353a6e,Portugal,Uzbekistan,2026-06-23T17:00:00Z,tab,1.28,5.0,12.0,h2h,0.78125,0.2,0.08333333333333333,0.7338551859099806,0.18786692759295504,0.07827788649706459
8ba93d190f1f934e33862a97a6353a6e,Portugal,Uzbekistan,2026-06-23T17:00:00Z,codere_it,1.27,6.2,10.0,h2h,0.7874015748031495,0.16129032258064516,0.1,0.7508416692905757,0.15380143870952118,0.09535689199990313
2f49dd8deae3079dc4eb2d634d18a99c,England,Ghana,2026-06-23T20:00:00Z,unibet,1.33,4.9,9.0,h2h,0.7518796992481203,0.2040816326530612,0.1111111111111111,0.7046191701151996,0.19125377474555416,0.10412705513924617
2f49dd8deae3079dc4eb2d634d18a99c,England,Ghana,2026-06-23T20:00:00Z,winamax_de,1.26,5.1,7.75,h2h,0.7936507936507936,0.19607843137254904,0.12903225806451613,0.7094012491923326,0.17526383803575277,0.11533491277191471
2f49dd8deae3079dc4eb2d634d18a99c,England,Ghana,2026-06-23T20:00:00Z,pmu_fr,1.34,5.1,9.0,h2h,0.7462686567164178,0.19607843137254904,0.1111111111111111,0.7083989258264654,0.18612834521714977,0.10547272895638485
2f49dd8deae3079dc4eb2d634d18a99c,England,Ghana,2026-06-23T20:00:00Z,unibet_nl,1.35,5.2,9.5,h2h,0.7407407407407407,0.1923076923076923,0.10526315789473684,0.713408910390642,0.185211928659109,0.10137916095024913
2f49dd8deae3079dc4eb2d634d18a99c,England,Ghana,2026-06-23T20:00:00Z,tipico_de,1.27,6.0,10.0,h2h,0.7874015748031495,0.16666666666666666,0.1,0.7470119521912351,0.15811752988047809,0.09487051792828687
2f49dd8deae3079dc4eb2d634d18a99c,England,Ghana,2026-06-23T20:00:00Z,leovegas,1.34,5.1,9.0,h2h,0.7462686567164178,0.19607843137254904,0.1111111111111111,0.7083989258264654,0.18612834521714977,0.10547272895638485
2f49dd8deae3079dc4eb2d634d18a99c,England,Ghana,2026-06-23T20:00:00Z,casumo,1.34,5.1,9.0,h2h,0.7462686567164178,0.19607843137254904,0.1111111111111111,0.7083989258264654,0.18612834521714977,0.10547272895638485
2f49dd8deae3079dc4eb2d634d18a99c,England,Ghana,2026-06-23T20:00:00Z,unibet_se,1.35,5.2,9.5,h2h,0.7407407407407407,0.1923076923076923,0.10526315789473684,0.713408910390642,0.185211928659109,0.10137916095024913
2f49dd8deae3079dc4eb2d634d18a99c,England,Ghana,2026-06-23T20:00:00Z,unibet_fr,1.29,5.5,9.5,h2h,0.7751937984496123,0.18181818181818182,0.10526315789473684,0.7297486033519555,0.171159217877095,0.09909217877094974
2f49dd8deae3079dc4eb2d634d18a99c,England,Ghana,2026-06-23T20:00:00Z,betrivers,1.34,5.1,9.0,h2h,0.7462686567164178,0.19607843137254904,0.1111111111111111,0.7083989258264654,0.18612834521714977,0.10547272895638485
2f49dd8deae3079dc4eb2d634d18a99c,England,Ghana,2026-06-23T20:00:00Z,grosvenor,1.33,4.9,9.0,h2h,0.7518796992481203,0.2040816326530612,0.1111111111111111,0.7046191701151996,0.19125377474555416,0.10412705513924617
2f49dd8deae3079dc4eb2d634d18a99c,England,Ghana,2026-06-23T20:00:00Z,tabtouch,1.33,4.9,9.0,h2h,0.7518796992481203,0.2040816326530612,0.1111111111111111,0.7046191701151996,0.19125377474555416,0.10412705513924617
2f49dd8deae3079dc4eb2d634d18a99c,England,Ghana,2026-06-23T20:00:00Z,winamax_fr,1.25,4.9,7.5,h2h,0.8,0.2040816326530612,0.13333333333333333,0.7033492822966507,0.17942583732057413,0.11722488038277512
2f49dd8deae3079dc4eb2d634d18a99c,England,Ghana,2026-06-23T20:00:00Z,leovegas_se,1.34,5.1,9.0,h2h,0.7462686567164178,0.19607843137254904,0.1111111111111111,0.7083989258264654,0.18612834521714977,0.10547272895638485
2f49dd8deae3079dc4eb2d634d18a99c,England,Ghana,2026-06-23T20:00:00Z,gtbets,1.32,5.21,9.54,h2h,0.7575757575757576,0.19193857965451055,0.10482180293501049,0.718533424697933,0.18204685616147245,0.09941971914059451
2f49dd8deae3079dc4eb2d634d18a99c,England,Ghana,2026-06-23T20:00:00Z,unibet_uk,1.3,5.25,9.5,h2h,0.7692307692307692,0.19047619047619047,0.10526315789473684,0.7223026792179579,0.1788559015206372,0.09884141926140477
2f49dd8deae3079dc4eb2d634d18a99c,England,Ghana,2026-06-23T20:00:00Z,marathonbet,1.28,5.15,10.5,h2h,0.78125,0.1941747572815534,0.09523809523809523,0.7296881536157178,0.18135938575303276,0.0889524606312494
2f49dd8deae3079dc4eb2d634d18a99c,England,Ghana,2026-06-23T20:00:00Z,mybookieag,1.29,5.2,8.9,h2h,0.7751937984496123,0.1923076923076923,0.11235955056179775,0.7178643999441593,0.17808559152460873,0.10405000853123207
2f49dd8deae3079dc4eb2d634d18a99c,England,Ghana,2026-06-23T20:00:00Z,betr_au,1.32,4.9,9.25,h2h,0.7575757575757576,0.2040816326530612,0.10810810810810811,0.708169929534553,0.19077230754808366,0.10105776291736325
2f49dd8deae3079dc4eb2d634d18a99c,England,Ghana,2026-06-23T20:00:00Z,coolbet,1.35,5.25,10.0,h2h,0.7407407407407407,0.19047619047619047,0.1,0.7183170856849665,0.18471010774756283,0.0969728065674705
2f49dd8deae3079dc4eb2d634d18a99c,England,Ghana,2026-06-23T20:00:00Z,betright,1.31,4.75,9.0,h2h,0.7633587786259541,0.21052631578947367,0.1111111111111111,0.7035589384900226,0.19403414935198518,0.10240691215799218
2f49dd8deae3079dc4eb2d634d18a99c,England,Ghana,2026-06-23T20:00:00Z,betfred_uk,1.33,5.0,9.5,h2h,0.7518796992481203,0.2,0.10526315789473684,0.7112375533428166,0.18918918918918923,0.09957325746799432
2f49dd8deae3079dc4eb2d634d18a99c,England,Ghana,2026-06-23T20:00:00Z,sportsbet,1.3,5.5,9.5,h2h,0.7692307692307692,0.18181818181818182,0.10526315789473684,0.7282229965156793,0.17212543554006968,0.09965156794425085
2f49dd8deae3079dc4eb2d634d18a99c,England,Ghana,2026-06-23T20:00:00Z,fanduel,1.31,5.6,9.5,h2h,0.7633587786259541,0.17857142857142858,0.10526315789473684,0.7289568517833408,0.1705238349707458,0.1005193132459133
2f49dd8deae3079dc4eb2d634d18a99c,England,Ghana,2026-06-23T20:00:00Z,skybet,1.3,5.25,8.5,h2h,0.7692307692307692,0.19047619047619047,0.11764705882352941,0.714,0.1768,0.1092
2f49dd8deae3079dc4eb2d634d18a99c,England,Ghana,2026-06-23T20:00:00Z,smarkets,1.35,5.8,9.4,h2h,0.7407407407407407,0.1724137931034483,0.10638297872340426,0.7265458422174841,0.16910980810234544,0.10434434968017059
2f49dd8deae3079dc4eb2d634d18a99c,England,Ghana,2026-06-23T20:00:00Z,pointsbetau,1.29,5.25,9.5,h2h,0.7751937984496123,0.19047619047619047,0.10526315789473684,0.7238489169478611,0.177860019592903,0.09829106345923588
2f49dd8deae3079dc4eb2d634d18a99c,England,Ghana,2026-06-23T20:00:00Z,paddypower,1.3,5.5,9.0,h2h,0.7692307692307692,0.18181818181818182,0.1111111111111111,0.7242136064374541,0.1711777615215801,0.10460863204096561
2f49dd8deae3079dc4eb2d634d18a99c,England,Ghana,2026-06-23T20:00:00Z,betfair_ex_uk,1.35,5.8,10.0,h2h,0.7407407407407407,0.1724137931034483,0.1,0.7311231564351444,0.1701752174461112,0.0987016261187445
2f49dd8deae3079dc4eb2d634d18a99c,England,Ghana,2026-06-23T20:00:00Z,betfair_ex_au,1.35,5.8,10.0,h2h,0.7407407407407407,0.1724137931034483,0.1,0.7311231564351444,0.1701752174461112,0.0987016261187445
2f49dd8deae3079dc4eb2d634d18a99c,England,Ghana,2026-06-23T20:00:00Z,betfair_ex_eu,1.35,5.8,10.0,h2h,0.7407407407407407,0.1724137931034483,0.1,0.7311231564351444,0.1701752174461112,0.0987016261187445
2f49dd8deae3079dc4eb2d634d18a99c,England,Ghana,2026-06-23T20:00:00Z,pinnacle,1.29,5.32,8.92,h2h,0.7751937984496123,0.18796992481203006,0.11210762331838565,0.7209285367039378,0.174811618862421,0.10425984443364124
2f49dd8deae3079dc4eb2d634d18a99c,England,Ghana,2026-06-23T20:00:00Z,betonlineag,1.32,5.67,9.75,h2h,0.7575757575757576,0.1763668430335097,0.10256410256410256,0.7308932544829309,0.1701550433716876,0.09895170214538142
2f49dd8deae3079dc4eb2d634d18a99c,England,Ghana,2026-06-23T20:00:00Z,bovada,1.3,5.5,9.5,h2h,0.7692307692307692,0.18181818181818182,0.10526315789473684,0.7282229965156793,0.17212543554006968,0.09965156794425085
2f49dd8deae3079dc4eb2d634d18a99c,England,Ghana,2026-06-23T20:00:00Z,everygame,1.3,5.5,9.5,h2h,0.7692307692307692,0.18181818181818182,0.10526315789473684,0.7282229965156793,0.17212543554006968,0.09965156794425085
2f49dd8deae3079dc4eb2d634d18a99c,England,Ghana,2026-06-23T20:00:00Z,draftkings,1.31,5.5,9.5,h2h,0.7633587786259541,0.18181818181818182,0.10526315789473684,0.7267037552155771,0.1730876216968011,0.10020862308762168
2f49dd8deae3079dc4eb2d634d18a99c,England,Ghana,2026-06-23T20:00:00Z,ladbrokes_uk,1.33,5.25,9.0,h2h,0.7518796992481203,0.19047619047619047,0.1111111111111111,0.7137192704203014,0.18080888183980967,0.10547184773988898
2f49dd8deae3079dc4eb2d634d18a99c,England,Ghana,2026-06-23T20:00:00Z,neds,1.32,5.2,8.5,h2h,0.7575757575757576,0.1923076923076923,0.11764705882352941,0.7096525592447499,0.18014257273135956,0.11020486802389057
2f49dd8deae3079dc4eb2d634d18a99c,England,Ghana,2026-06-23T20:00:00Z,ladbrokes_au,1.32,5.2,8.5,h2h,0.7575757575757576,0.1923076923076923,0.11764705882352941,0.7096525592447499,0.18014257273135956,0.11020486802389057
2f49dd8deae3079dc4eb2d634d18a99c,England,Ghana,2026-06-23T20:00:00Z,coral,1.33,5.25,9.0,h2h,0.7518796992481203,0.19047619047619047,0.1111111111111111,0.7137192704203014,0.18080888183980967,0.10547184773988898
2f49dd8deae3079dc4eb2d634d18a99c,England,Ghana,2026-06-23T20:00:00Z,betmgm,1.29,4.8,8.0,h2h,0.7751937984496123,0.20833333333333334,0.125,0.6993006993006993,0.18793706293706294,0.11276223776223776
2f49dd8deae3079dc4eb2d634d18a99c,England,Ghana,2026-06-23T20:00:00Z,boylesports,1.3,4.75,10.0,h2h,0.7692307692307692,0.21052631578947367,0.1,0.712410948631421,0.19497562804649418,0.09261342332208475
2f49dd8deae3079dc4eb2d634d18a99c,England,Ghana,2026-06-23T20:00:00Z,sport888,1.3,4.8,9.5,h2h,0.7692307692307692,0.20833333333333334,0.10526315789473684,0.7103910266396635,0.19239756971490887,0.09721140364542763
2f49dd8deae3079dc4eb2d634d18a99c,England,Ghana,2026-06-23T20:00:00Z,williamhill,1.3,4.8,10.0,h2h,0.7692307692307692,0.20833333333333334,0.1,0.7138607971445567,0.19333729922665083,0.0928019036287924
2f49dd8deae3079dc4eb2d634d18a99c,England,Ghana,2026-06-23T20:00:00Z,betclic_fr,1.28,5.25,9.0,h2h,0.78125,0.19047619047619047,0.1111111111111111,0.7214841960604672,0.17590471827759963,0.10261108566193311
2f49dd8deae3079dc4eb2d634d18a99c,England,Ghana,2026-06-23T20:00:00Z,tab,1.35,4.5,10.0,h2h,0.7407407407407407,0.2222222222222222,0.1,0.6968641114982579,0.20905923344947736,0.09407665505226483
2f49dd8deae3079dc4eb2d634d18a99c,England,Ghana,2026-06-23T20:00:00Z,codere_it,1.31,5.4,9.4,h2h,0.7633587786259541,0.18518518518518517,0.10638297872340426,0.7236129326566687,0.1755431373667104,0.10084392997662087
c1bc8c26480cd42b89a0de5329581314,Panama,Croatia,2026-06-23T23:00:00Z,unibet,6.5,4.0,1.5,h2h,0.15384615384615385,0.25,0.6666666666666666,0.14371257485029942,0.23353293413173654,0.6227544910179641
c1bc8c26480cd42b89a0de5329581314,Panama,Croatia,2026-06-23T23:00:00Z,winamax_de,6.0,4.0,1.43,h2h,0.16666666666666666,0.25,0.6993006993006994,0.14934725848563965,0.2240208877284595,0.6266318537859008
c1bc8c26480cd42b89a0de5329581314,Panama,Croatia,2026-06-23T23:00:00Z,pmu_fr,6.75,4.1,1.51,h2h,0.14814814814814814,0.24390243902439027,0.6622516556291391,0.14051772075762906,0.23134015002780395,0.628142129214567
c1bc8c26480cd42b89a0de5329581314,Panama,Croatia,2026-06-23T23:00:00Z,unibet_uk,6.5,4.2,1.48,h2h,0.15384615384615385,0.23809523809523808,0.6756756756756757,0.14410237388724037,0.22301557863501484,0.6328820474777448
c1bc8c26480cd42b89a0de5329581314,Panama,Croatia,2026-06-23T23:00:00Z,unibet_nl,7.0,4.2,1.53,h2h,0.14285714285714285,0.23809523809523808,0.6535947712418301,0.138086642599278,0.23014440433213,0.6317689530685922
c1bc8c26480cd42b89a0de5329581314,Panama,Croatia,2026-06-23T23:00:00Z,tipico_de,7.5,4.1,1.47,h2h,0.13333333333333333,0.24390243902439027,0.6802721088435374,0.12608259068658215,0.23063888540228444,0.6432785239111334
c1bc8c26480cd42b89a0de5329581314,Panama,Croatia,2026-06-23T23:00:00Z,leovegas,6.75,4.1,1.51,h2h,0.14814814814814814,0.24390243902439027,0.6622516556291391,0.14051772075762906,0.23134015002780395,0.628142129214567
c1bc8c26480cd42b89a0de5329581314,Panama,Croatia,2026-06-23T23:00:00Z,casumo,6.75,4.1,1.51,h2h,0.14814814814814814,0.24390243902439027,0.6622516556291391,0.14051772075762906,0.23134015002780395,0.628142129214567
c1bc8c26480cd42b89a0de5329581314,Panama,Croatia,2026-06-23T23:00:00Z,unibet_se,7.0,4.2,1.51,h2h,0.14285714285714285,0.23809523809523808,0.6622516556291391,0.13694074969770254,0.2282345828295042,0.6348246674727933
c1bc8c26480cd42b89a0de5329581314,Panama,Croatia,2026-06-23T23:00:00Z,unibet_fr,7.0,4.3,1.46,h2h,0.14285714285714285,0.23255813953488372,0.684931506849315,0.13472681230954117,0.21932271771320658,0.6459504699772523
c1bc8c26480cd42b89a0de5329581314,Panama,Croatia,2026-06-23T23:00:00Z,betrivers,6.75,4.1,1.51,h2h,0.14814814814814814,0.24390243902439027,0.6622516556291391,0.14051772075762906,0.23134015002780395,0.628142129214567
c1bc8c26480cd42b89a0de5329581314,Panama,Croatia,2026-06-23T23:00:00Z,grosvenor,6.5,4.0,1.5,h2h,0.15384615384615385,0.25,0.6666666666666666,0.14371257485029942,0.23353293413173654,0.6227544910179641
c1bc8c26480cd42b89a0de5329581314,Panama,Croatia,2026-06-23T23:00:00Z,tabtouch,6.5,4.0,1.5,h2h,0.15384615384615385,0.25,0.6666666666666666,0.14371257485029942,0.23353293413173654,0.6227544910179641
c1bc8c26480cd42b89a0de5329581314,Panama,Croatia,2026-06-23T23:00:00Z,winamax_fr,5.8,3.95,1.41,h2h,0.1724137931034483,0.2531645569620253,0.7092198581560284,0.15193343790493077,0.22309213667053124,0.624974425424538
c1bc8c26480cd42b89a0de5329581314,Panama,Croatia,2026-06-23T23:00:00Z,leovegas_se,6.75,4.1,1.51,h2h,0.14814814814814814,0.24390243902439027,0.6622516556291391,0.14051772075762906,0.23134015002780395,0.628142129214567
c1bc8c26480cd42b89a0de5329581314,Panama,Croatia,2026-06-23T23:00:00Z,gtbets,7.01,3.98,1.52,h2h,0.14265335235378032,0.25125628140703515,0.6578947368421053,0.13562726714285075,0.23888119162597576,0.6254915412311735
c1bc8c26480cd42b89a0de5329581314,Panama,Croatia,2026-06-23T23:00:00Z,codere_it,7.0,4.3,1.49,h2h,0.14285714285714285,0.23255813953488372,0.6711409395973155,0.13650211986279479,0.2222127532650148,0.6412851268721904
c1bc8c26480cd42b89a0de5329581314,Panama,Croatia,2026-06-23T23:00:00Z,marathonbet,7.8,3.94,1.45,h2h,0.12820512820512822,0.25380710659898476,0.6896551724137931,0.1196314522039577,0.23683383938854566,0.6435347084074966
c1bc8c26480cd42b89a0de5329581314,Panama,Croatia,2026-06-23T23:00:00Z,mybookieag,6.6,4.1,1.46,h2h,0.15151515151515152,0.24390243902439027,0.684931506849315,0.14024647392343378,0.2257626165596739,0.6339909095168924
c1bc8c26480cd42b89a0de5329581314,Panama,Croatia,2026-06-23T23:00:00Z,coolbet,7.5,4.3,1.5,h2h,0.13333333333333333,0.23255813953488372,0.6666666666666666,0.12912912912912913,0.22522522522522523,0.6456456456456456
c1bc8c26480cd42b89a0de5329581314,Panama,Croatia,2026-06-23T23:00:00Z,betr_au,7.0,4.0,1.48,h2h,0.14285714285714285,0.25,0.6756756756756757,0.13369467028003615,0.23396567299006324,0.6323396567299007
c1bc8c26480cd42b89a0de5329581314,Panama,Croatia,2026-06-23T23:00:00Z,betfred_uk,7.0,4.0,1.5,h2h,0.14285714285714285,0.25,0.6666666666666666,0.1348314606741573,0.23595505617977527,0.6292134831460674
c1bc8c26480cd42b89a0de5329581314,Panama,Croatia,2026-06-23T23:00:00Z,betright,7.0,3.9,1.46,h2h,0.14285714285714285,0.25641025641025644,0.684931506849315,0.13176285463044382,0.23649743138797616,0.63173971398158
c1bc8c26480cd42b89a0de5329581314,Panama,Croatia,2026-06-23T23:00:00Z,sportsbet,7.0,4.2,1.44,h2h,0.14285714285714285,0.23809523809523808,0.6944444444444444,0.13284132841328414,0.22140221402214022,0.6457564575645757
c1bc8c26480cd42b89a0de5329581314,Panama,Croatia,2026-06-23T23:00:00Z,fanduel,7.0,4.2,1.45,h2h,0.14285714285714285,0.23809523809523808,0.6896551724137931,0.13343558282208587,0.2223926380368098,0.6441717791411044
c1bc8c26480cd42b89a0de5329581314,Panama,Croatia,2026-06-23T23:00:00Z,paddypower,7.0,4.2,1.44,h2h,0.14285714285714285,0.23809523809523808,0.6944444444444444,0.13284132841328414,0.22140221402214022,0.6457564575645757
c1bc8c26480cd42b89a0de5329581314,Panama,Croatia,2026-06-23T23:00:00Z,smarkets,6.6,4.0,1.51,h2h,0.15151515151515152,0.25,0.6622516556291391,0.14243267462151582,0.23501391312550107,0.622553412252983
c1bc8c26480cd42b89a0de5329581314,Panama,Croatia,2026-06-23T23:00:00Z,skybet,7.0,4.0,1.44,h2h,0.14285714285714285,0.25,0.6944444444444444,0.13138686131386862,0.2299270072992701,0.6386861313868614
c1bc8c26480cd42b89a0de5329581314,Panama,Croatia,2026-06-23T23:00:00Z,pointsbetau,7.0,4.1,1.5,h2h,0.14285714285714285,0.24390243902439027,0.6666666666666666,0.13561190738699008,0.23153252480705624,0.6328555678059536
c1bc8c26480cd42b89a0de5329581314,Panama,Croatia,2026-06-23T23:00:00Z,betfair_ex_au,7.2,4.3,1.51,h2h,0.1388888888888889,0.23255813953488372,0.6622516556291391,0.13436109674081737,0.22497672012415929,0.6406621831350232
c1bc8c26480cd42b89a0de5329581314,Panama,Croatia,2026-06-23T23:00:00Z,betfair_ex_uk,7.2,4.3,1.51,h2h,0.1388888888888889,0.23255813953488372,0.6622516556291391,0.13436109674081737,0.22497672012415929,0.6406621831350232
c1bc8c26480cd42b89a0de5329581314,Panama,Croatia,2026-06-23T23:00:00Z,betfair_ex_eu,7.2,4.3,1.51,h2h,0.1388888888888889,0.23255813953488372,0.6622516556291391,0.13436109674081737,0.22497672012415929,0.6406621831350232
c1bc8c26480cd42b89a0de5329581314,Panama,Croatia,2026-06-23T23:00:00Z,pinnacle,6.93,3.88,1.49,h2h,0.14430014430014432,0.2577319587628866,0.6711409395973155,0.13446120855070204,0.24015880805576423,0.6253799833935336
c1bc8c26480cd42b89a0de5329581314,Panama,Croatia,2026-06-23T23:00:00Z,betonlineag,8.08,4.27,1.48,h2h,0.12376237623762376,0.234192037470726,0.6756756756756757,0.11973565544263312,0.22657238781650485,0.6536919567408619
c1bc8c26480cd42b89a0de5329581314,Panama,Croatia,2026-06-23T23:00:00Z,bovada,7.25,4.0,1.51,h2h,0.13793103448275862,0.25,0.6622516556291391,0.13134003805381897,0.23805381897254688,0.6306061429736342
c1bc8c26480cd42b89a0de5329581314,Panama,Croatia,2026-06-23T23:00:00Z,everygame,7.0,4.0,1.53,h2h,0.14285714285714285,0.25,0.6535947712418301,0.13651572607628817,0.23890252063350434,0.6245817532902074
c1bc8c26480cd42b89a0de5329581314,Panama,Croatia,2026-06-23T23:00:00Z,draftkings,7.5,4.2,1.49,h2h,0.13333333333333333,0.23809523809523808,0.6711409395973155,0.12788915455827357,0.22837349028263135,0.6437373551590951
c1bc8c26480cd42b89a0de5329581314,Panama,Croatia,2026-06-23T23:00:00Z,coral,7.0,4.0,1.5,h2h,0.14285714285714285,0.25,0.6666666666666666,0.1348314606741573,0.23595505617977527,0.6292134831460674
c1bc8c26480cd42b89a0de5329581314,Panama,Croatia,2026-06-23T23:00:00Z,ladbrokes_uk,7.0,4.0,1.5,h2h,0.14285714285714285,0.25,0.6666666666666666,0.1348314606741573,0.23595505617977527,0.6292134831460674
c1bc8c26480cd42b89a0de5329581314,Panama,Croatia,2026-06-23T23:00:00Z,neds,6.8,3.9,1.5,h2h,0.14705882352941177,0.25641025641025644,0.6666666666666666,0.13742071881606766,0.2396053558844257,0.6229739252995067
c1bc8c26480cd42b89a0de5329581314,Panama,Croatia,2026-06-23T23:00:00Z,ladbrokes_au,6.8,3.9,1.5,h2h,0.14705882352941177,0.25641025641025644,0.6666666666666666,0.13742071881606766,0.2396053558844257,0.6229739252995067
c1bc8c26480cd42b89a0de5329581314,Panama,Croatia,2026-06-23T23:00:00Z,betmgm,6.25,3.7,1.44,h2h,0.16,0.27027027027027023,0.6944444444444444,0.14225829706565565,0.24030117747576965,0.6174405254585749
c1bc8c26480cd42b89a0de5329581314,Panama,Croatia,2026-06-23T23:00:00Z,boylesports,7.5,3.8,1.44,h2h,0.13333333333333333,0.2631578947368421,0.6944444444444444,0.12221924417046368,0.2412221924417046,0.6365585633878316
c1bc8c26480cd42b89a0de5329581314,Panama,Croatia,2026-06-23T23:00:00Z,sport888,7.0,3.75,1.44,h2h,0.14285714285714285,0.26666666666666666,0.6944444444444444,0.1294033069734004,0.2415528396836808,0.6290438533429187
c1bc8c26480cd42b89a0de5329581314,Panama,Croatia,2026-06-23T23:00:00Z,williamhill,7.5,3.8,1.44,h2h,0.13333333333333333,0.2631578947368421,0.6944444444444444,0.12221924417046368,0.2412221924417046,0.6365585633878316
c1bc8c26480cd42b89a0de5329581314,Panama,Croatia,2026-06-23T23:00:00Z,betclic_fr,6.75,4.15,1.45,h2h,0.14814814814814814,0.24096385542168672,0.6896551724137931,0.1373309750670394,0.2233696582415701,0.6392993666913904
c1bc8c26480cd42b89a0de5329581314,Panama,Croatia,2026-06-23T23:00:00Z,tab,7.0,3.8,1.52,h2h,0.14285714285714285,0.2631578947368421,0.6578947368421053,0.13427561837455831,0.24734982332155478,0.618374558303887
68bfc965eb267508e04d8e8d75c1a0ae,Colombia,DR Congo,2026-06-24T02:00:00Z,unibet,1.49,3.95,7.0,h2h,0.6711409395973155,0.2531645569620253,0.14285714285714285,0.6289022074126305,0.2372314655809669,0.13386632700640275
68bfc965eb267508e04d8e8d75c1a0ae,Colombia,DR Congo,2026-06-24T02:00:00Z,tabtouch,1.49,3.95,7.0,h2h,0.6711409395973155,0.2531645569620253,0.14285714285714285,0.6289022074126305,0.2372314655809669,0.13386632700640275
68bfc965eb267508e04d8e8d75c1a0ae,Colombia,DR Congo,2026-06-24T02:00:00Z,casumo,1.5,4.0,7.0,h2h,0.6666666666666666,0.25,0.14285714285714285,0.6292134831460674,0.23595505617977527,0.1348314606741573
68bfc965eb267508e04d8e8d75c1a0ae,Colombia,DR Congo,2026-06-24T02:00:00Z,leovegas,1.5,4.0,7.0,h2h,0.6666666666666666,0.25,0.14285714285714285,0.6292134831460674,0.23595505617977527,0.1348314606741573
68bfc965eb267508e04d8e8d75c1a0ae,Colombia,DR Congo,2026-06-24T02:00:00Z,unibet_nl,1.51,4.1,7.5,h2h,0.6622516556291391,0.24390243902439027,0.13333333333333333,0.6370944350060084,0.2346372187461153,0.12826834624787634
68bfc965eb267508e04d8e8d75c1a0ae,Colombia,DR Congo,2026-06-24T02:00:00Z,unibet_uk,1.45,4.0,7.5,h2h,0.6896551724137931,0.25,0.13333333333333333,0.6427423674343867,0.2329941081949652,0.1242635243706481
68bfc965eb267508e04d8e8d75c1a0ae,Colombia,DR Congo,2026-06-24T02:00:00Z,unibet_fr,1.45,4.25,7.5,h2h,0.6896551724137931,0.23529411764705882,0.13333333333333333,0.651673907487861,0.22233580373115255,0.12599028878098645
68bfc965eb267508e04d8e8d75c1a0ae,Colombia,DR Congo,2026-06-24T02:00:00Z,betrivers,1.5,4.0,7.0,h2h,0.6666666666666666,0.25,0.14285714285714285,0.6292134831460674,0.23595505617977527,0.1348314606741573
68bfc965eb267508e04d8e8d75c1a0ae,Colombia,DR Congo,2026-06-24T02:00:00Z,winamax_fr,1.39,3.9,6.25,h2h,0.7194244604316548,0.25641025641025644,0.16,0.6333883352605663,0.22574609897748388,0.14086556576194992
68bfc965eb267508e04d8e8d75c1a0ae,Colombia,DR Congo,2026-06-24T02:00:00Z,grosvenor,1.5,3.95,7.0,h2h,0.6666666666666666,0.2531645569620253,0.14285714285714285,0.6273397617697108,0.238230289279637,0.13442994895065233
68bfc965eb267508e04d8e8d75c1a0ae,Colombia,DR Congo,2026-06-24T02:00:00Z,pmu_fr,1.5,4.0,7.0,h2h,0.6666666666666666,0.25,0.14285714285714285,0.6292134831460674,0.23595505617977527,0.1348314606741573
68bfc965eb267508e04d8e8d75c1a0ae,Colombia,DR Congo,2026-06-24T02:00:00Z,gtbets,1.5,4.1,7.32,h2h,0.6666666666666666,0.24390243902439027,0.13661202185792348,0.6366297569046709,0.23291332569683088,0.13045691739849813
68bfc965eb267508e04d8e8d75c1a0ae,Colombia,DR Congo,2026-06-24T02:00:00Z,unibet_se,1.51,4.1,7.5,h2h,0.6622516556291391,0.24390243902439027,0.13333333333333333,0.6370944350060084,0.2346372187461153,0.12826834624787634
68bfc965eb267508e04d8e8d75c1a0ae,Colombia,DR Congo,2026-06-24T02:00:00Z,leovegas_se,1.5,4.0,7.0,h2h,0.6666666666666666,0.25,0.14285714285714285,0.6292134831460674,0.23595505617977527,0.1348314606741573
68bfc965eb267508e04d8e8d75c1a0ae,Colombia,DR Congo,2026-06-24T02:00:00Z,betclic_fr,1.43,4.1,7.25,h2h,0.6993006993006994,0.24390243902439027,0.13793103448275862,0.6468213815538946,0.22559867698099248,0.12757994146511298
68bfc965eb267508e04d8e8d75c1a0ae,Colombia,DR Congo,2026-06-24T02:00:00Z,marathonbet,1.44,4.1,7.5,h2h,0.6944444444444444,0.24390243902439027,0.13333333333333333,0.6479959539764825,0.2275888228600329,0.12441522316348465
68bfc965eb267508e04d8e8d75c1a0ae,Colombia,DR Congo,2026-06-24T02:00:00Z,mybookieag,1.44,4.1,7.1,h2h,0.6944444444444444,0.24390243902439027,0.14084507042253522,0.6434855652327689,0.22600468632565543,0.13050974844157567
68bfc965eb267508e04d8e8d75c1a0ae,Colombia,DR Congo,2026-06-24T02:00:00Z,betfred_uk,1.5,4.0,7.5,h2h,0.6666666666666666,0.25,0.13333333333333333,0.6349206349206349,0.23809523809523808,0.12698412698412698
68bfc965eb267508e04d8e8d75c1a0ae,Colombia,DR Congo,2026-06-24T02:00:00Z,betright,1.46,3.85,7.0,h2h,0.684931506849315,0.2597402597402597,0.14285714285714285,0.6298053328971046,0.23883526909864225,0.13135939800425322
68bfc965eb267508e04d8e8d75c1a0ae,Colombia,DR Congo,2026-06-24T02:00:00Z,betr_au,1.48,3.9,7.5,h2h,0.6756756756756757,0.25641025641025644,0.13333333333333333,0.6341875894367114,0.240666059581111,0.12514635098217772
68bfc965eb267508e04d8e8d75c1a0ae,Colombia,DR Congo,2026-06-24T02:00:00Z,sportsbet,1.44,4.1,7.5,h2h,0.6944444444444444,0.24390243902439027,0.13333333333333333,0.6479959539764825,0.2275888228600329,0.12441522316348465
68bfc965eb267508e04d8e8d75c1a0ae,Colombia,DR Congo,2026-06-24T02:00:00Z,coolbet,1.5,4.2,8.0,h2h,0.6666666666666666,0.23809523809523808,0.125,0.6473988439306358,0.23121387283236997,0.12138728323699423
68bfc965eb267508e04d8e8d75c1a0ae,Colombia,DR Congo,2026-06-24T02:00:00Z,paddypower,1.44,4.0,7.5,h2h,0.6944444444444444,0.25,0.13333333333333333,0.6443298969072165,0.23195876288659795,0.12371134020618557
68bfc965eb267508e04d8e8d75c1a0ae,Colombia,DR Congo,2026-06-24T02:00:00Z,skybet,1.44,4.0,7.0,h2h,0.6944444444444444,0.25,0.14285714285714285,0.6386861313868614,0.2299270072992701,0.13138686131386862
68bfc965eb267508e04d8e8d75c1a0ae,Colombia,DR Congo,2026-06-24T02:00:00Z,fanduel,1.45,4.1,7.5,h2h,0.6896551724137931,0.24390243902439027,0.13333333333333333,0.6464158082825311,0.22861046878284635,0.12497372293462265
68bfc965eb267508e04d8e8d75c1a0ae,Colombia,DR Congo,2026-06-24T02:00:00Z,pointsbetau,1.48,4.1,7.5,h2h,0.6756756756756757,0.24390243902439027,0.13333333333333333,0.6417212738428149,0.23164572811886977,0.12663299803831546
68bfc965eb267508e04d8e8d75c1a0ae,Colombia,DR Congo,2026-06-24T02:00:00Z,betfair_ex_eu,1.5,4.3,8.2,h2h,0.6666666666666666,0.23255813953488372,0.12195121951219513,0.6528420662840215,0.22773560451768193,0.11942232919829664
68bfc965eb267508e04d8e8d75c1a0ae,Colombia,DR Congo,2026-06-24T02:00:00Z,betfair_ex_uk,1.5,4.3,8.2,h2h,0.6666666666666666,0.23255813953488372,0.12195121951219513,0.6528420662840215,0.22773560451768193,0.11942232919829664
68bfc965eb267508e04d8e8d75c1a0ae,Colombia,DR Congo,2026-06-24T02:00:00Z,betfair_ex_au,1.5,4.3,8.2,h2h,0.6666666666666666,0.23255813953488372,0.12195121951219513,0.6528420662840215,0.22773560451768193,0.11942232919829664
68bfc965eb267508e04d8e8d75c1a0ae,Colombia,DR Congo,2026-06-24T02:00:00Z,smarkets,1.5,4.3,8.2,h2h,0.6666666666666666,0.23255813953488372,0.12195121951219513,0.6528420662840215,0.22773560451768193,0.11942232919829664
68bfc965eb267508e04d8e8d75c1a0ae,Colombia,DR Congo,2026-06-24T02:00:00Z,pinnacle,1.43,4.22,7.18,h2h,0.6993006993006994,0.23696682464454977,0.1392757660167131,0.6501836846803544,0.22032290736798738,0.1294934079516583
68bfc965eb267508e04d8e8d75c1a0ae,Colombia,DR Congo,2026-06-24T02:00:00Z,betonlineag,1.47,4.42,7.93,h2h,0.6802721088435374,0.22624434389140272,0.12610340479192939,0.6587827106799912,0.21909741735284777,0.12211987196716105
68bfc965eb267508e04d8e8d75c1a0ae,Colombia,DR Congo,2026-06-24T02:00:00Z,bovada,1.45,4.35,7.5,h2h,0.6896551724137931,0.2298850574712644,0.13333333333333333,0.6550218340611353,0.21834061135371177,0.12663755458515283
68bfc965eb267508e04d8e8d75c1a0ae,Colombia,DR Congo,2026-06-24T02:00:00Z,everygame,1.45,4.33,7.5,h2h,0.6896551724137931,0.23094688221709006,0.13333333333333333,0.6543619089837492,0.21912812194605918,0.12650996907019152
68bfc965eb267508e04d8e8d75c1a0ae,Colombia,DR Congo,2026-06-24T02:00:00Z,draftkings,1.49,4.2,7.0,h2h,0.6711409395973155,0.23809523809523808,0.14285714285714285,0.637910085054678,0.22630619684082626,0.13578371810449574
68bfc965eb267508e04d8e8d75c1a0ae,Colombia,DR Congo,2026-06-24T02:00:00Z,ladbrokes_au,1.5,3.9,6.8,h2h,0.6666666666666666,0.25641025641025644,0.14705882352941177,0.6229739252995067,0.2396053558844257,0.13742071881606766
68bfc965eb267508e04d8e8d75c1a0ae,Colombia,DR Congo,2026-06-24T02:00:00Z,neds,1.5,3.9,6.8,h2h,0.6666666666666666,0.25641025641025644,0.14705882352941177,0.6229739252995067,0.2396053558844257,0.13742071881606766
68bfc965eb267508e04d8e8d75c1a0ae,Colombia,DR Congo,2026-06-24T02:00:00Z,ladbrokes_uk,1.5,4.0,7.0,h2h,0.6666666666666666,0.25,0.14285714285714285,0.6292134831460674,0.23595505617977527,0.1348314606741573
68bfc965eb267508e04d8e8d75c1a0ae,Colombia,DR Congo,2026-06-24T02:00:00Z,coral,1.5,4.2,7.0,h2h,0.6666666666666666,0.23809523809523808,0.14285714285714285,0.6363636363636365,0.2272727272727273,0.13636363636363638
68bfc965eb267508e04d8e8d75c1a0ae,Colombia,DR Congo,2026-06-24T02:00:00Z,betmgm,1.44,3.75,6.25,h2h,0.6944444444444444,0.26666666666666666,0.16,0.6194251734390487,0.23785926660059467,0.1427155599603568
68bfc965eb267508e04d8e8d75c1a0ae,Colombia,DR Congo,2026-06-24T02:00:00Z,boylesports,1.4,4.0,8.0,h2h,0.7142857142857143,0.25,0.125,0.6557377049180327,0.22950819672131145,0.11475409836065573
68bfc965eb267508e04d8e8d75c1a0ae,Colombia,DR Congo,2026-06-24T02:00:00Z,sport888,1.44,3.8,7.0,h2h,0.6944444444444444,0.2631578947368421,0.14285714285714285,0.6310495350161321,0.23913456063769217,0.12981590434617576
68bfc965eb267508e04d8e8d75c1a0ae,Colombia,DR Congo,2026-06-24T02:00:00Z,williamhill,1.44,3.9,7.0,h2h,0.6944444444444444,0.25641025641025644,0.14285714285714285,0.6349427853753838,0.2344404130616802,0.1306168015629361
68bfc965eb267508e04d8e8d75c1a0ae,Colombia,DR Congo,2026-06-24T02:00:00Z,winamax_de,1.41,4.0,6.25,h2h,0.7092198581560284,0.25,0.16,0.6336734047272036,0.22336987516633927,0.14295672010645713
68bfc965eb267508e04d8e8d75c1a0ae,Colombia,DR Congo,2026-06-24T02:00:00Z,tab,1.48,3.8,8.0,h2h,0.6756756756756757,0.2631578947368421,0.125,0.6351328764833696,0.2473675413672071,0.11749958214942338
68bfc965eb267508e04d8e8d75c1a0ae,Colombia,DR Congo,2026-06-24T02:00:00Z,tipico_de,1.42,4.5,7.8,h2h,0.7042253521126761,0.2222222222222222,0.12820512820512822,0.6677319940646045,0.2107065403492752,0.12156146558612031
68bfc965eb267508e04d8e8d75c1a0ae,Colombia,DR Congo,2026-06-24T02:00:00Z,codere_it,1.47,4.2,7.4,h2h,0.6802721088435374,0.23809523809523808,0.13513513513513511,0.6457242582897034,0.22600349040139617,0.12827225130890052
512ac18beb5aa936a59f7ea3e497ada2,Bosnia & Herzegovina,Qatar,2026-06-24T19:00:00Z,sportsbet,1.53,4.0,6.5,h2h,0.6535947712418301,0.25,0.15384615384615385,0.6180910495661476,0.23641982645905146,0.1454891239748009
512ac18beb5aa936a59f7ea3e497ada2,Bosnia & Herzegovina,Qatar,2026-06-24T19:00:00Z,unibet_fr,1.5,4.0,6.2,h2h,0.6666666666666666,0.25,0.16129032258064516,0.6184538653366584,0.2319201995012469,0.14962593516209477
512ac18beb5aa936a59f7ea3e497ada2,Bosnia & Herzegovina,Qatar,2026-06-24T19:00:00Z,betr_au,1.55,3.8,6.25,h2h,0.6451612903225806,0.2631578947368421,0.16,0.6039031212256055,0.24632890471044436,0.14976797406395018
512ac18beb5aa936a59f7ea3e497ada2,Bosnia & Herzegovina,Qatar,2026-06-24T19:00:00Z,tipico_de,1.5,3.9,6.0,h2h,0.6666666666666666,0.25641025641025644,0.16666666666666666,0.6117647058823529,0.23529411764705882,0.15294117647058822
512ac18beb5aa936a59f7ea3e497ada2,Bosnia & Herzegovina,Qatar,2026-06-24T19:00:00Z,winamax_fr,1.42,3.55,5.0,h2h,0.7042253521126761,0.28169014084507044,0.2,0.5938242280285037,0.23752969121140144,0.16864608076009502
512ac18beb5aa936a59f7ea3e497ada2,Bosnia & Herzegovina,Qatar,2026-06-24T19:00:00Z,fanduel,1.54,4.0,6.5,h2h,0.6493506493506493,0.25,0.15384615384615385,0.6165520512212473,0.23737253972018024,0.14607540905857247
512ac18beb5aa936a59f7ea3e497ada2,Bosnia & Herzegovina,Qatar,2026-06-24T19:00:00Z,gtbets,1.64,3.7,5.65,h2h,0.6097560975609756,0.27027027027027023,0.17699115044247787,0.5768647037721791,0.2556913822125334,0.16744391401528738
512ac18beb5aa936a59f7ea3e497ada2,Bosnia & Herzegovina,Qatar,2026-06-24T19:00:00Z,unibet_uk,1.54,4.0,6.0,h2h,0.6493506493506493,0.25,0.16666666666666666,0.6091370558375634,0.23451776649746192,0.1563451776649746
512ac18beb5aa936a59f7ea3e497ada2,Bosnia & Herzegovina,Qatar,2026-06-24T19:00:00Z,betfred_uk,1.53,4.0,6.5,h2h,0.6535947712418301,0.25,0.15384615384615385,0.6180910495661476,0.23641982645905146,0.1454891239748009
512ac18beb5aa936a59f7ea3e497ada2,Bosnia & Herzegovina,Qatar,2026-06-24T19:00:00Z,paddypower,1.5,3.8,6.0,h2h,0.6666666666666666,0.2631578947368421,0.16666666666666666,0.6079999999999999,0.23999999999999996,0.15199999999999997
512ac18beb5aa936a59f7ea3e497ada2,Bosnia & Herzegovina,Qatar,2026-06-24T19:00:00Z,skybet,1.53,4.0,5.75,h2h,0.6535947712418301,0.25,0.17391304347826086,0.6065800751631832,0.23201687874991758,0.16140304608689918
512ac18beb5aa936a59f7ea3e497ada2,Bosnia & Herzegovina,Qatar,2026-06-24T19:00:00Z,smarkets,1.55,4.2,6.6,h2h,0.6451612903225806,0.23809523809523808,0.15151515151515152,0.6234817813765182,0.23009446693657218,0.14642375168690958
512ac18beb5aa936a59f7ea3e497ada2,Bosnia & Herzegovina,Qatar,2026-06-24T19:00:00Z,betfair_ex_eu,1.55,4.1,6.8,h2h,0.6451612903225806,0.24390243902439027,0.14705882352941177,0.6226689000558348,0.2353992183137912,0.1419318816303741
512ac18beb5aa936a59f7ea3e497ada2,Bosnia & Herzegovina,Qatar,2026-06-24T19:00:00Z,betfair_ex_au,1.55,4.1,6.8,h2h,0.6451612903225806,0.24390243902439027,0.14705882352941177,0.6226689000558348,0.2353992183137912,0.1419318816303741
512ac18beb5aa936a59f7ea3e497ada2,Bosnia & Herzegovina,Qatar,2026-06-24T19:00:00Z,betfair_ex_uk,1.55,4.1,6.8,h2h,0.6451612903225806,0.24390243902439027,0.14705882352941177,0.6226689000558348,0.2353992183137912,0.1419318816303741
512ac18beb5aa936a59f7ea3e497ada2,Bosnia & Herzegovina,Qatar,2026-06-24T19:00:00Z,marathonbet,1.54,3.9,6.0,h2h,0.6493506493506493,0.25641025641025644,0.16666666666666666,0.6054960409874243,0.23909330849247012,0.15541065052010555
512ac18beb5aa936a59f7ea3e497ada2,Bosnia & Herzegovina,Qatar,2026-06-24T19:00:00Z,pinnacle,1.54,3.85,6.1,h2h,0.6493506493506493,0.2597402597402597,0.1639344262295082,0.6051587301587301,0.24206349206349204,0.1527777777777778
512ac18beb5aa936a59f7ea3e497ada2,Bosnia & Herzegovina,Qatar,2026-06-24T19:00:00Z,betright,1.53,3.75,6.0,h2h,0.6535947712418301,0.26666666666666666,0.16666666666666666,0.6013229104028863,0.2453397474443776,0.15333734215273598
512ac18beb5aa936a59f7ea3e497ada2,Bosnia & Herzegovina,Qatar,2026-06-24T19:00:00Z,betonlineag,1.55,4.1,6.8,h2h,0.6451612903225806,0.24390243902439027,0.14705882352941177,0.6226689000558348,0.2353992183137912,0.1419318816303741
512ac18beb5aa936a59f7ea3e497ada2,Bosnia & Herzegovina,Qatar,2026-06-24T19:00:00Z,unibet,1.58,4.0,6.0,h2h,0.6329113924050632,0.25,0.16666666666666666,0.6030150753768844,0.23819095477386937,0.15879396984924624
512ac18beb5aa936a59f7ea3e497ada2,Bosnia & Herzegovina,Qatar,2026-06-24T19:00:00Z,casumo,1.57,4.0,6.0,h2h,0.6369426751592356,0.25,0.16666666666666666,0.6045340050377834,0.23727959697732998,0.15818639798488665
512ac18beb5aa936a59f7ea3e497ada2,Bosnia & Herzegovina,Qatar,2026-06-24T19:00:00Z,leovegas_se,1.57,4.0,6.0,h2h,0.6369426751592356,0.25,0.16666666666666666,0.6045340050377834,0.23727959697732998,0.15818639798488665
512ac18beb5aa936a59f7ea3e497ada2,Bosnia & Herzegovina,Qatar,2026-06-24T19:00:00Z,virginbet,1.58,4.0,6.0,h2h,0.6329113924050632,0.25,0.16666666666666666,0.6030150753768844,0.23819095477386937,0.15879396984924624
512ac18beb5aa936a59f7ea3e497ada2,Bosnia & Herzegovina,Qatar,2026-06-24T19:00:00Z,leovegas,1.57,4.0,6.0,h2h,0.6369426751592356,0.25,0.16666666666666666,0.6045340050377834,0.23727959697732998,0.15818639798488665
512ac18beb5aa936a59f7ea3e497ada2,Bosnia & Herzegovina,Qatar,2026-06-24T19:00:00Z,tabtouch,1.57,4.0,6.0,h2h,0.6369426751592356,0.25,0.16666666666666666,0.6045340050377834,0.23727959697732998,0.15818639798488665
512ac18beb5aa936a59f7ea3e497ada2,Bosnia & Herzegovina,Qatar,2026-06-24T19:00:00Z,unibet_nl,1.57,4.0,6.0,h2h,0.6369426751592356,0.25,0.16666666666666666,0.6045340050377834,0.23727959697732998,0.15818639798488665
512ac18beb5aa936a59f7ea3e497ada2,Bosnia & Herzegovina,Qatar,2026-06-24T19:00:00Z,grosvenor,1.57,4.0,6.0,h2h,0.6369426751592356,0.25,0.16666666666666666,0.6045340050377834,0.23727959697732998,0.15818639798488665
512ac18beb5aa936a59f7ea3e497ada2,Bosnia & Herzegovina,Qatar,2026-06-24T19:00:00Z,betrivers,1.57,4.0,6.0,h2h,0.6369426751592356,0.25,0.16666666666666666,0.6045340050377834,0.23727959697732998,0.15818639798488665
512ac18beb5aa936a59f7ea3e497ada2,Bosnia & Herzegovina,Qatar,2026-06-24T19:00:00Z,livescorebet,1.58,4.0,6.0,h2h,0.6329113924050632,0.25,0.16666666666666666,0.6030150753768844,0.23819095477386937,0.15879396984924624
512ac18beb5aa936a59f7ea3e497ada2,Bosnia & Herzegovina,Qatar,2026-06-24T19:00:00Z,unibet_se,1.57,4.0,6.0,h2h,0.6369426751592356,0.25,0.16666666666666666,0.6045340050377834,0.23727959697732998,0.15818639798488665
512ac18beb5aa936a59f7ea3e497ada2,Bosnia & Herzegovina,Qatar,2026-06-24T19:00:00Z,pmu_fr,1.57,4.0,6.0,h2h,0.6369426751592356,0.25,0.16666666666666666,0.6045340050377834,0.23727959697732998,0.15818639798488665
512ac18beb5aa936a59f7ea3e497ada2,Bosnia & Herzegovina,Qatar,2026-06-24T19:00:00Z,draftkings,1.54,4.1,6.5,h2h,0.6493506493506493,0.24390243902439027,0.15384615384615385,0.6201424116907898,0.2329315400009308,0.1469260483082794
512ac18beb5aa936a59f7ea3e497ada2,Bosnia & Herzegovina,Qatar,2026-06-24T19:00:00Z,mybookieag,1.52,3.9,6.0,h2h,0.6578947368421053,0.25641025641025644,0.16666666666666666,0.6086142322097379,0.23720349563046192,0.15418227215980024
512ac18beb5aa936a59f7ea3e497ada2,Bosnia & Herzegovina,Qatar,2026-06-24T19:00:00Z,sport888,1.53,3.7,5.75,h2h,0.6535947712418301,0.27027027027027023,0.17391304347826086,0.5953796857290777,0.24619754572040237,0.1584227685505198
512ac18beb5aa936a59f7ea3e497ada2,Bosnia & Herzegovina,Qatar,2026-06-24T19:00:00Z,williamhill,1.57,3.75,6.0,h2h,0.6369426751592356,0.26666666666666666,0.16666666666666666,0.595120015869867,0.249156913310851,0.15572307081928186
512ac18beb5aa936a59f7ea3e497ada2,Bosnia & Herzegovina,Qatar,2026-06-24T19:00:00Z,everygame,1.55,4.0,6.25,h2h,0.6451612903225806,0.25,0.16,0.6114338122898196,0.2369306022623051,0.15163558544787528
512ac18beb5aa936a59f7ea3e497ada2,Bosnia & Herzegovina,Qatar,2026-06-24T19:00:00Z,boylesports,1.53,3.8,6.0,h2h,0.6535947712418301,0.2631578947368421,0.16666666666666666,0.6032703603746626,0.24289569772979833,0.15383394189553895
512ac18beb5aa936a59f7ea3e497ada2,Bosnia & Herzegovina,Qatar,2026-06-24T19:00:00Z,ladbrokes_uk,1.57,3.9,6.0,h2h,0.6369426751592356,0.25641025641025644,0.16666666666666666,0.6008782066096602,0.2418919959941453,0.15722979739619442
512ac18beb5aa936a59f7ea3e497ada2,Bosnia & Herzegovina,Qatar,2026-06-24T19:00:00Z,coral,1.57,3.9,6.0,h2h,0.6369426751592356,0.25641025641025644,0.16666666666666666,0.6008782066096602,0.2418919959941453,0.15722979739619442
512ac18beb5aa936a59f7ea3e497ada2,Bosnia & Herzegovina,Qatar,2026-06-24T19:00:00Z,ladbrokes_au,1.57,3.9,5.8,h2h,0.6369426751592356,0.25641025641025644,0.1724137931034483,0.5976379825094454,0.24058759808713576,0.16177441940341886
512ac18beb5aa936a59f7ea3e497ada2,Bosnia & Herzegovina,Qatar,2026-06-24T19:00:00Z,neds,1.57,3.9,5.8,h2h,0.6369426751592356,0.25641025641025644,0.1724137931034483,0.5976379825094454,0.24058759808713576,0.16177441940341886
512ac18beb5aa936a59f7ea3e497ada2,Bosnia & Herzegovina,Qatar,2026-06-24T19:00:00Z,betmgm,1.53,3.6,5.25,h2h,0.6535947712418301,0.2777777777777778,0.19047619047619047,0.5826050769870995,0.24760715771951727,0.16978776529338327
512ac18beb5aa936a59f7ea3e497ada2,Bosnia & Herzegovina,Qatar,2026-06-24T19:00:00Z,bovada,1.56,3.95,6.25,h2h,0.641025641025641,0.2531645569620253,0.16,0.6080739910590032,0.2401507407726696,0.1517752681683272
512ac18beb5aa936a59f7ea3e497ada2,Bosnia & Herzegovina,Qatar,2026-06-24T19:00:00Z,betclic_fr,1.49,3.85,5.9,h2h,0.6711409395973155,0.2597402597402597,0.1694915254237288,0.6099214606967847,0.23604752634758674,0.15403101295562865
512ac18beb5aa936a59f7ea3e497ada2,Bosnia & Herzegovina,Qatar,2026-06-24T19:00:00Z,winamax_de,1.45,3.75,5.3,h2h,0.6896551724137931,0.26666666666666666,0.18867924528301888,0.6023183574513221,0.23289643154784453,0.1647852110008334
512ac18beb5aa936a59f7ea3e497ada2,Bosnia & Herzegovina,Qatar,2026-06-24T19:00:00Z,tab,1.6,3.7,6.0,h2h,0.625,0.27027027027027023,0.16666666666666666,0.5885471898197243,0.2545068928950159,0.1569459172852598
c9ef5822ee64fd5275f7c73251bb56c7,Switzerland,Canada,2026-06-24T19:00:00Z,sportsbet,2.1,3.4,3.6,h2h,0.47619047619047616,0.29411764705882354,0.2777777777777778,0.4543429844097996,0.28062360801781744,0.26503340757238314
c9ef5822ee64fd5275f7c73251bb56c7,Switzerland,Canada,2026-06-24T19:00:00Z,betr_au,2.1,3.3,3.5,h2h,0.47619047619047616,0.30303030303030304,0.2857142857142857,0.4471544715447154,0.2845528455284553,0.26829268292682923
c9ef5822ee64fd5275f7c73251bb56c7,Switzerland,Canada,2026-06-24T19:00:00Z,tipico_de,2.05,3.2,3.5,h2h,0.48780487804878053,0.3125,0.2857142857142857,0.44916783637457397,0.28774814517746145,0.26308401844796475
c9ef5822ee64fd5275f7c73251bb56c7,Switzerland,Canada,2026-06-24T19:00:00Z,winamax_de,1.96,3.1,3.15,h2h,0.5102040816326531,0.3225806451612903,0.31746031746031744,0.4435612082670906,0.2804451510333863,0.27599364069952304
c9ef5822ee64fd5275f7c73251bb56c7,Switzerland,Canada,2026-06-24T19:00:00Z,betfred_uk,2.1,3.3,3.5,h2h,0.47619047619047616,0.30303030303030304,0.2857142857142857,0.4471544715447154,0.2845528455284553,0.26829268292682923
c9ef5822ee64fd5275f7c73251bb56c7,Switzerland,Canada,2026-06-24T19:00:00Z,winamax_fr,1.9,3.0,3.05,h2h,0.5263157894736842,0.3333333333333333,0.3278688524590164,0.44320658755146525,0.2806975054492613,0.2760959069992735
c9ef5822ee64fd5275f7c73251bb56c7,Switzerland,Canada,2026-06-24T19:00:00Z,fanduel,2.1,3.4,3.6,h2h,0.47619047619047616,0.29411764705882354,0.2777777777777778,0.4543429844097996,0.28062360801781744,0.26503340757238314
c9ef5822ee64fd5275f7c73251bb56c7,Switzerland,Canada,2026-06-24T19:00:00Z,paddypower,2.1,3.3,3.5,h2h,0.47619047619047616,0.30303030303030304,0.2857142857142857,0.4471544715447154,0.2845528455284553,0.26829268292682923
c9ef5822ee64fd5275f7c73251bb56c7,Switzerland,Canada,2026-06-24T19:00:00Z,skybet,2.05,3.3,3.5,h2h,0.48780487804878053,0.30303030303030304,0.2857142857142857,0.453118870145155,0.28148293448411144,0.2653981953707336
c9ef5822ee64fd5275f7c73251bb56c7,Switzerland,Canada,2026-06-24T19:00:00Z,unibet_uk,2.1,3.25,3.5,h2h,0.47619047619047616,0.3076923076923077,0.2857142857142857,0.4452054794520548,0.28767123287671237,0.2671232876712329
c9ef5822ee64fd5275f7c73251bb56c7,Switzerland,Canada,2026-06-24T19:00:00Z,unibet_fr,2.05,3.3,3.5,h2h,0.48780487804878053,0.30303030303030304,0.2857142857142857,0.453118870145155,0.28148293448411144,0.2653981953707336
c9ef5822ee64fd5275f7c73251bb56c7,Switzerland,Canada,2026-06-24T19:00:00Z,smarkets,2.22,3.05,3.35,h2h,0.4504504504504504,0.3278688524590164,0.29850746268656714,0.41831282880596093,0.30447687867187984,0.27721029252215923
c9ef5822ee64fd5275f7c73251bb56c7,Switzerland,Canada,2026-06-24T19:00:00Z,gtbets,2.1,3.47,3.64,h2h,0.47619047619047616,0.2881844380403458,0.2747252747252747,0.4582719561131711,0.2773403768984609,0.26438766698836796
c9ef5822ee64fd5275f7c73251bb56c7,Switzerland,Canada,2026-06-24T19:00:00Z,betfair_ex_au,2.28,3.1,3.3,h2h,0.4385964912280702,0.3225806451612903,0.30303030303030304,0.4121343969059706,0.30311820159535896,0.28474740149867056
c9ef5822ee64fd5275f7c73251bb56c7,Switzerland,Canada,2026-06-24T19:00:00Z,betfair_ex_uk,2.28,3.1,3.3,h2h,0.4385964912280702,0.3225806451612903,0.30303030303030304,0.4121343969059706,0.30311820159535896,0.28474740149867056
c9ef5822ee64fd5275f7c73251bb56c7,Switzerland,Canada,2026-06-24T19:00:00Z,betfair_ex_eu,2.28,3.1,3.3,h2h,0.4385964912280702,0.3225806451612903,0.30303030303030304,0.4121343969059706,0.30311820159535896,0.28474740149867056
c9ef5822ee64fd5275f7c73251bb56c7,Switzerland,Canada,2026-06-24T19:00:00Z,marathonbet,2.08,3.28,3.5,h2h,0.4807692307692307,0.3048780487804878,0.2857142857142857,0.44874601288385774,0.28457064231659274,0.26668334479954975
c9ef5822ee64fd5275f7c73251bb56c7,Switzerland,Canada,2026-06-24T19:00:00Z,pointsbetau,2.05,3.3,3.6,h2h,0.48780487804878053,0.30303030303030304,0.2777777777777778,0.4564841498559078,0.28357348703170027,0.25994236311239194
c9ef5822ee64fd5275f7c73251bb56c7,Switzerland,Canada,2026-06-24T19:00:00Z,pinnacle,2.11,3.34,3.42,h2h,0.47393364928909953,0.29940119760479045,0.29239766081871343,0.44470225488974713,0.28093465802915163,0.27436308708110124
c9ef5822ee64fd5275f7c73251bb56c7,Switzerland,Canada,2026-06-24T19:00:00Z,betright,2.05,3.25,3.4,h2h,0.48780487804878053,0.3076923076923077,0.29411764705882354,0.4476856072115872,0.2823863060873088,0.269928086701104
c9ef5822ee64fd5275f7c73251bb56c7,Switzerland,Canada,2026-06-24T19:00:00Z,betonlineag,2.15,3.35,3.69,h2h,0.46511627906976744,0.29850746268656714,0.2710027100271003,0.4495499590871897,0.2885171379216292,0.26193290299118105
c9ef5822ee64fd5275f7c73251bb56c7,Switzerland,Canada,2026-06-24T19:00:00Z,unibet,2.0,3.4,3.8,h2h,0.5,0.29411764705882354,0.2631578947368421,0.47291361639824303,0.2781844802342606,0.24890190336749632
c9ef5822ee64fd5275f7c73251bb56c7,Switzerland,Canada,2026-06-24T19:00:00Z,casumo,2.0,3.4,3.8,h2h,0.5,0.29411764705882354,0.2631578947368421,0.47291361639824303,0.2781844802342606,0.24890190336749632
c9ef5822ee64fd5275f7c73251bb56c7,Switzerland,Canada,2026-06-24T19:00:00Z,leovegas_se,2.0,3.4,3.8,h2h,0.5,0.29411764705882354,0.2631578947368421,0.47291361639824303,0.2781844802342606,0.24890190336749632
c9ef5822ee64fd5275f7c73251bb56c7,Switzerland,Canada,2026-06-24T19:00:00Z,virginbet,2.0,3.4,3.8,h2h,0.5,0.29411764705882354,0.2631578947368421,0.47291361639824303,0.2781844802342606,0.24890190336749632
c9ef5822ee64fd5275f7c73251bb56c7,Switzerland,Canada,2026-06-24T19:00:00Z,leovegas,2.0,3.4,3.8,h2h,0.5,0.29411764705882354,0.2631578947368421,0.47291361639824303,0.2781844802342606,0.24890190336749632
c9ef5822ee64fd5275f7c73251bb56c7,Switzerland,Canada,2026-06-24T19:00:00Z,tabtouch,2.0,3.4,3.8,h2h,0.5,0.29411764705882354,0.2631578947368421,0.47291361639824303,0.2781844802342606,0.24890190336749632
c9ef5822ee64fd5275f7c73251bb56c7,Switzerland,Canada,2026-06-24T19:00:00Z,unibet_nl,2.0,3.4,3.8,h2h,0.5,0.29411764705882354,0.2631578947368421,0.47291361639824303,0.2781844802342606,0.24890190336749632
c9ef5822ee64fd5275f7c73251bb56c7,Switzerland,Canada,2026-06-24T19:00:00Z,grosvenor,2.0,3.4,3.8,h2h,0.5,0.29411764705882354,0.2631578947368421,0.47291361639824303,0.2781844802342606,0.24890190336749632
c9ef5822ee64fd5275f7c73251bb56c7,Switzerland,Canada,2026-06-24T19:00:00Z,betrivers,2.0,3.4,3.8,h2h,0.5,0.29411764705882354,0.2631578947368421,0.47291361639824303,0.2781844802342606,0.24890190336749632
c9ef5822ee64fd5275f7c73251bb56c7,Switzerland,Canada,2026-06-24T19:00:00Z,livescorebet,2.0,3.4,3.8,h2h,0.5,0.29411764705882354,0.2631578947368421,0.47291361639824303,0.2781844802342606,0.24890190336749632
c9ef5822ee64fd5275f7c73251bb56c7,Switzerland,Canada,2026-06-24T19:00:00Z,unibet_se,2.0,3.4,3.8,h2h,0.5,0.29411764705882354,0.2631578947368421,0.47291361639824303,0.2781844802342606,0.24890190336749632
c9ef5822ee64fd5275f7c73251bb56c7,Switzerland,Canada,2026-06-24T19:00:00Z,pmu_fr,2.0,3.4,3.8,h2h,0.5,0.29411764705882354,0.2631578947368421,0.47291361639824303,0.2781844802342606,0.24890190336749632
c9ef5822ee64fd5275f7c73251bb56c7,Switzerland,Canada,2026-06-24T19:00:00Z,draftkings,2.1,3.35,3.65,h2h,0.47619047619047616,0.29850746268656714,0.273972602739726,0.4540896852659921,0.2846532355398756,0.26125707919413244
c9ef5822ee64fd5275f7c73251bb56c7,Switzerland,Canada,2026-06-24T19:00:00Z,mybookieag,2.08,3.22,3.46,h2h,0.4807692307692307,0.3105590062111801,0.28901734104046245,0.4450142996373164,0.28746265318186903,0.26752304718081454
c9ef5822ee64fd5275f7c73251bb56c7,Switzerland,Canada,2026-06-24T19:00:00Z,sport888,2.1,3.1,3.4,h2h,0.47619047619047616,0.3225806451612903,0.29411764705882354,0.43571723852831745,0.295163290615957,0.2691194708557255
c9ef5822ee64fd5275f7c73251bb56c7,Switzerland,Canada,2026-06-24T19:00:00Z,williamhill,2.1,3.2,3.5,h2h,0.47619047619047616,0.3125,0.2857142857142857,0.44321329639889195,0.29085872576177285,0.2659279778393352
c9ef5822ee64fd5275f7c73251bb56c7,Switzerland,Canada,2026-06-24T19:00:00Z,everygame,2.15,3.4,3.5,h2h,0.46511627906976744,0.29411764705882354,0.2857142857142857,0.44510940714419295,0.2814662427529456,0.27342435010286137
c9ef5822ee64fd5275f7c73251bb56c7,Switzerland,Canada,2026-06-24T19:00:00Z,boylesports,2.05,3.1,3.6,h2h,0.48780487804878053,0.3225806451612903,0.2777777777777778,0.4482827877083752,0.29644506929102227,0.2552721430006025
c9ef5822ee64fd5275f7c73251bb56c7,Switzerland,Canada,2026-06-24T19:00:00Z,ladbrokes_uk,2.1,3.3,3.5,h2h,0.47619047619047616,0.30303030303030304,0.2857142857142857,0.4471544715447154,0.2845528455284553,0.26829268292682923
c9ef5822ee64fd5275f7c73251bb56c7,Switzerland,Canada,2026-06-24T19:00:00Z,neds,2.1,3.3,3.5,h2h,0.47619047619047616,0.30303030303030304,0.2857142857142857,0.4471544715447154,0.2845528455284553,0.26829268292682923
c9ef5822ee64fd5275f7c73251bb56c7,Switzerland,Canada,2026-06-24T19:00:00Z,ladbrokes_au,2.1,3.3,3.5,h2h,0.47619047619047616,0.30303030303030304,0.2857142857142857,0.4471544715447154,0.2845528455284553,0.26829268292682923
c9ef5822ee64fd5275f7c73251bb56c7,Switzerland,Canada,2026-06-24T19:00:00Z,betmgm,2.0,3.1,3.25,h2h,0.5,0.3225806451612903,0.3076923076923077,0.442371020856202,0.2854006586169045,0.27222832052689355
c9ef5822ee64fd5275f7c73251bb56c7,Switzerland,Canada,2026-06-24T19:00:00Z,coral,2.1,3.3,3.5,h2h,0.47619047619047616,0.30303030303030304,0.2857142857142857,0.4471544715447154,0.2845528455284553,0.26829268292682923
c9ef5822ee64fd5275f7c73251bb56c7,Switzerland,Canada,2026-06-24T19:00:00Z,bovada,2.13,3.35,3.45,h2h,0.4694835680751174,0.29850746268656714,0.2898550724637681,0.44381084038937846,0.28218420597891825,0.27400495363170324
c9ef5822ee64fd5275f7c73251bb56c7,Switzerland,Canada,2026-06-24T19:00:00Z,betclic_fr,2.03,3.18,3.42,h2h,0.4926108374384237,0.31446540880503143,0.29239766081871343,0.4480423175795927,0.2860144354360292,0.26594324698437805
c9ef5822ee64fd5275f7c73251bb56c7,Switzerland,Canada,2026-06-24T19:00:00Z,tab,2.15,3.25,3.4,h2h,0.46511627906976744,0.3076923076923077,0.29411764705882354,0.4359404280501035,0.2883913600946839,0.27566821185521256
885ba95805db310a7bcc3fb1a7a6dd28,Scotland,Brazil,2026-06-24T22:00:00Z,unibet,6.5,4.7,1.46,h2h,0.15384615384615385,0.2127659574468085,0.684931506849315,0.14630506161784146,0.2023367873438233,0.6513581510383352
885ba95805db310a7bcc3fb1a7a6dd28,Scotland,Brazil,2026-06-24T22:00:00Z,pmu_fr,6.5,4.7,1.45,h2h,0.15384615384615385,0.2127659574468085,0.6896551724137931,0.14565078008121393,0.2014319298995512,0.6529172900192349
885ba95805db310a7bcc3fb1a7a6dd28,Scotland,Brazil,2026-06-24T22:00:00Z,unibet_nl,6.5,4.7,1.45,h2h,0.15384615384615385,0.2127659574468085,0.6896551724137931,0.14565078008121393,0.2014319298995512,0.6529172900192349
885ba95805db310a7bcc3fb1a7a6dd28,Scotland,Brazil,2026-06-24T22:00:00Z,tipico_de,6.2,4.2,1.45,h2h,0.16129032258064516,0.23809523809523808,0.6896551724137931,0.14810311284046693,0.2186284046692607,0.6332684824902725
885ba95805db310a7bcc3fb1a7a6dd28,Scotland,Brazil,2026-06-24T22:00:00Z,leovegas,6.5,4.7,1.45,h2h,0.15384615384615385,0.2127659574468085,0.6896551724137931,0.14565078008121393,0.2014319298995512,0.6529172900192349
885ba95805db310a7bcc3fb1a7a6dd28,Scotland,Brazil,2026-06-24T22:00:00Z,virginbet,6.5,4.7,1.46,h2h,0.15384615384615385,0.2127659574468085,0.684931506849315,0.14630506161784146,0.2023367873438233,0.6513581510383352
885ba95805db310a7bcc3fb1a7a6dd28,Scotland,Brazil,2026-06-24T22:00:00Z,casumo,6.5,4.7,1.45,h2h,0.15384615384615385,0.2127659574468085,0.6896551724137931,0.14565078008121393,0.2014319298995512,0.6529172900192349
885ba95805db310a7bcc3fb1a7a6dd28,Scotland,Brazil,2026-06-24T22:00:00Z,unibet_se,6.5,4.7,1.45,h2h,0.15384615384615385,0.2127659574468085,0.6896551724137931,0.14565078008121393,0.2014319298995512,0.6529172900192349
885ba95805db310a7bcc3fb1a7a6dd28,Scotland,Brazil,2026-06-24T22:00:00Z,livescorebet,6.5,4.7,1.46,h2h,0.15384615384615385,0.2127659574468085,0.684931506849315,0.14630506161784146,0.2023367873438233,0.6513581510383352
885ba95805db310a7bcc3fb1a7a6dd28,Scotland,Brazil,2026-06-24T22:00:00Z,betrivers,6.5,4.7,1.45,h2h,0.15384615384615385,0.2127659574468085,0.6896551724137931,0.14565078008121393,0.2014319298995512,0.6529172900192349
885ba95805db310a7bcc3fb1a7a6dd28,Scotland,Brazil,2026-06-24T22:00:00Z,grosvenor,6.5,4.7,1.45,h2h,0.15384615384615385,0.2127659574468085,0.6896551724137931,0.14565078008121393,0.2014319298995512,0.6529172900192349
885ba95805db310a7bcc3fb1a7a6dd28,Scotland,Brazil,2026-06-24T22:00:00Z,tabtouch,6.5,4.7,1.45,h2h,0.15384615384615385,0.2127659574468085,0.6896551724137931,0.14565078008121393,0.2014319298995512,0.6529172900192349
885ba95805db310a7bcc3fb1a7a6dd28,Scotland,Brazil,2026-06-24T22:00:00Z,leovegas_se,6.5,4.7,1.45,h2h,0.15384615384615385,0.2127659574468085,0.6896551724137931,0.14565078008121393,0.2014319298995512,0.6529172900192349
885ba95805db310a7bcc3fb1a7a6dd28,Scotland,Brazil,2026-06-24T22:00:00Z,gtbets,6.64,4.42,1.48,h2h,0.15060240963855423,0.22624434389140272,0.6756756756756757,0.14308712618335173,0.21495441580485417,0.6419584580117942
885ba95805db310a7bcc3fb1a7a6dd28,Scotland,Brazil,2026-06-24T22:00:00Z,marathonbet,6.55,4.65,1.42,h2h,0.15267175572519084,0.2150537634408602,0.7042253521126761,0.14242420974299796,0.20061904813261,0.656956742124392
885ba95805db310a7bcc3fb1a7a6dd28,Scotland,Brazil,2026-06-24T22:00:00Z,betr_au,7.5,4.3,1.42,h2h,0.13333333333333333,0.23255813953488372,0.7042253521126761,0.12459698812390319,0.21732032812308694,0.6580826837530098
885ba95805db310a7bcc3fb1a7a6dd28,Scotland,Brazil,2026-06-24T22:00:00Z,betfred_uk,7.5,4.33,1.44,h2h,0.13333333333333333,0.23094688221709006,0.6944444444444444,0.1259376855678224,0.21813686876643598,0.6559254456657416
885ba95805db310a7bcc3fb1a7a6dd28,Scotland,Brazil,2026-06-24T22:00:00Z,sportsbet,7.0,4.5,1.44,h2h,0.14285714285714285,0.2222222222222222,0.6944444444444444,0.1348314606741573,0.2097378277153558,0.6554307116104868
885ba95805db310a7bcc3fb1a7a6dd28,Scotland,Brazil,2026-06-24T22:00:00Z,paddypower,7.0,4.4,1.4,h2h,0.14285714285714285,0.22727272727272727,0.7142857142857143,0.1317365269461078,0.2095808383233533,0.658682634730539
885ba95805db310a7bcc3fb1a7a6dd28,Scotland,Brazil,2026-06-24T22:00:00Z,skybet,7.0,4.33,1.44,h2h,0.14285714285714285,0.23094688221709006,0.6944444444444444,0.13373025745734066,0.2161921021250311,0.6500776404176282
885ba95805db310a7bcc3fb1a7a6dd28,Scotland,Brazil,2026-06-24T22:00:00Z,fanduel,7.0,4.5,1.43,h2h,0.14285714285714285,0.2222222222222222,0.6993006993006994,0.13421628949838355,0.2087808947752633,0.6570028157263531
885ba95805db310a7bcc3fb1a7a6dd28,Scotland,Brazil,2026-06-24T22:00:00Z,smarkets,8.0,4.5,1.5,h2h,0.125,0.2222222222222222,0.6666666666666666,0.12328767123287672,0.2191780821917808,0.6575342465753424
885ba95805db310a7bcc3fb1a7a6dd28,Scotland,Brazil,2026-06-24T22:00:00Z,pinnacle,5.37,4.82,1.47,h2h,0.186219739292365,0.20746887966804978,0.6802721088435374,0.17339529693338912,0.1931810673303526,0.6334236357362582
885ba95805db310a7bcc3fb1a7a6dd28,Scotland,Brazil,2026-06-24T22:00:00Z,betright,7.0,4.2,1.41,h2h,0.14285714285714285,0.23809523809523808,0.7092198581560284,0.13104089219330853,0.21840148698884754,0.6505576208178439
885ba95805db310a7bcc3fb1a7a6dd28,Scotland,Brazil,2026-06-24T22:00:00Z,betonlineag,7.25,5.0,1.43,h2h,0.13793103448275862,0.2,0.6993006993006994,0.132979960013019,0.19282094201887756,0.6741990979681034
885ba95805db310a7bcc3fb1a7a6dd28,Scotland,Brazil,2026-06-24T22:00:00Z,everygame,5.5,5.0,1.5,h2h,0.18181818181818182,0.2,0.6666666666666666,0.17341040462427748,0.19075144508670525,0.6358381502890174
885ba95805db310a7bcc3fb1a7a6dd28,Scotland,Brazil,2026-06-24T22:00:00Z,draftkings,6.0,4.8,1.49,h2h,0.16666666666666666,0.20833333333333334,0.6711409395973155,0.15931569099171344,0.19914461373964182,0.6415396952686448
885ba95805db310a7bcc3fb1a7a6dd28,Scotland,Brazil,2026-06-24T22:00:00Z,winamax_fr,5.2,3.9,1.35,h2h,0.1923076923076923,0.25641025641025644,0.7407407407407407,0.16167664670658682,0.21556886227544914,0.6227544910179641
885ba95805db310a7bcc3fb1a7a6dd28,Scotland,Brazil,2026-06-24T22:00:00Z,winamax_de,5.5,4.1,1.38,h2h,0.18181818181818182,0.24390243902439027,0.7246376811594204,0.15805352254315883,0.21202301804570087,0.6299234594111403
885ba95805db310a7bcc3fb1a7a6dd28,Scotland,Brazil,2026-06-24T22:00:00Z,mybookieag,6.4,4.4,1.44,h2h,0.15625,0.22727272727272727,0.6944444444444444,0.14494875549048317,0.2108345534407028,0.6442166910688141
885ba95805db310a7bcc3fb1a7a6dd28,Scotland,Brazil,2026-06-24T22:00:00Z,sport888,6.0,4.33,1.44,h2h,0.16666666666666666,0.23094688221709006,0.6944444444444444,0.1526170475239382,0.21147858779298598,0.6359043646830759
885ba95805db310a7bcc3fb1a7a6dd28,Scotland,Brazil,2026-06-24T22:00:00Z,williamhill,6.0,4.4,1.44,h2h,0.16666666666666666,0.22727272727272727,0.6944444444444444,0.15313225058004643,0.20881670533642693,0.6380510440835268
885ba95805db310a7bcc3fb1a7a6dd28,Scotland,Brazil,2026-06-24T22:00:00Z,boylesports,7.0,4.33,1.4,h2h,0.14285714285714285,0.23094688221709006,0.7142857142857143,0.13129169193450577,0.21224984839296543,0.6564584596725289
885ba95805db310a7bcc3fb1a7a6dd28,Scotland,Brazil,2026-06-24T22:00:00Z,neds,7.0,4.4,1.44,h2h,0.14285714285714285,0.22727272727272727,0.6944444444444444,0.13419179939003728,0.2134869535750593,0.6523212470349035
885ba95805db310a7bcc3fb1a7a6dd28,Scotland,Brazil,2026-06-24T22:00:00Z,ladbrokes_au,7.0,4.4,1.44,h2h,0.14285714285714285,0.22727272727272727,0.6944444444444444,0.13419179939003728,0.2134869535750593,0.6523212470349035
885ba95805db310a7bcc3fb1a7a6dd28,Scotland,Brazil,2026-06-24T22:00:00Z,ladbrokes_uk,7.0,4.4,1.44,h2h,0.14285714285714285,0.22727272727272727,0.6944444444444444,0.13419179939003728,0.2134869535750593,0.6523212470349035
885ba95805db310a7bcc3fb1a7a6dd28,Scotland,Brazil,2026-06-24T22:00:00Z,coral,7.0,4.5,1.44,h2h,0.14285714285714285,0.2222222222222222,0.6944444444444444,0.1348314606741573,0.2097378277153558,0.6554307116104868
885ba95805db310a7bcc3fb1a7a6dd28,Scotland,Brazil,2026-06-24T22:00:00Z,unibet_uk,6.5,4.4,1.45,h2h,0.15384615384615385,0.22727272727272727,0.6896551724137931,0.1436775137934917,0.21225087264947637,0.6440716135570318
885ba95805db310a7bcc3fb1a7a6dd28,Scotland,Brazil,2026-06-24T22:00:00Z,bovada,5.5,5.0,1.49,h2h,0.18181818181818182,0.2,0.6711409395973155,0.17267354270483257,0.18994089697531583,0.6373855603198517
885ba95805db310a7bcc3fb1a7a6dd28,Scotland,Brazil,2026-06-24T22:00:00Z,betclic_fr,6.25,4.3,1.41,h2h,0.16,0.23255813953488372,0.7092198581560284,0.1452198177267338,0.21107531646327587,0.6437048658099903
885ba95805db310a7bcc3fb1a7a6dd28,Scotland,Brazil,2026-06-24T22:00:00Z,tab,6.5,4.5,1.45,h2h,0.15384615384615385,0.2222222222222222,0.6896551724137931,0.144358407079646,0.20851769911504422,0.6471238938053098
d1279ce7f33136a33e99ad442fc855e8,Morocco,Haiti,2026-06-24T22:00:00Z,sportsbet,1.33,5.0,9.5,h2h,0.7518796992481203,0.2,0.10526315789473684,0.7112375533428166,0.18918918918918923,0.09957325746799432
d1279ce7f33136a33e99ad442fc855e8,Morocco,Haiti,2026-06-24T22:00:00Z,tipico_de,1.3,4.8,9.0,h2h,0.7692307692307692,0.20833333333333334,0.1111111111111111,0.7065750736015701,0.1913640824337586,0.10206084396467124
d1279ce7f33136a33e99ad442fc855e8,Morocco,Haiti,2026-06-24T22:00:00Z,unibet_uk,1.33,5.0,8.5,h2h,0.7518796992481203,0.2,0.11764705882352941,0.7030022330659168,0.1869985939955339,0.10999917293854934
d1279ce7f33136a33e99ad442fc855e8,Morocco,Haiti,2026-06-24T22:00:00Z,betfred_uk,1.33,5.0,9.0,h2h,0.7518796992481203,0.2,0.1111111111111111,0.7073247406475951,0.1881483810122603,0.10452687834014461
d1279ce7f33136a33e99ad442fc855e8,Morocco,Haiti,2026-06-24T22:00:00Z,winamax_fr,1.25,4.3,6.5,h2h,0.8,0.23255813953488372,0.15384615384615385,0.6743063932448733,0.19601930036188175,0.12967430639324487
d1279ce7f33136a33e99ad442fc855e8,Morocco,Haiti,2026-06-24T22:00:00Z,fanduel,1.33,5.1,10.0,h2h,0.7518796992481203,0.19607843137254904,0.1,0.7174711253042217,0.18710521503031668,0.09542365966546151
d1279ce7f33136a33e99ad442fc855e8,Morocco,Haiti,2026-06-24T22:00:00Z,winamax_de,1.27,4.6,7.0,h2h,0.7874015748031495,0.2173913043478261,0.14285714285714285,0.6860990369044575,0.18942299497144807,0.12447796812409444
d1279ce7f33136a33e99ad442fc855e8,Morocco,Haiti,2026-06-24T22:00:00Z,gtbets,1.29,5.08,9.87,h2h,0.7751937984496123,0.19685039370078738,0.10131712259371835,0.722211419212936,0.1833962068473794,0.09439237393968465
d1279ce7f33136a33e99ad442fc855e8,Morocco,Haiti,2026-06-24T22:00:00Z,betr_au,1.35,4.8,8.75,h2h,0.7407407407407407,0.20833333333333334,0.11428571428571428,0.6966040552307501,0.1959198905336485,0.10747605423560144
d1279ce7f33136a33e99ad442fc855e8,Morocco,Haiti,2026-06-24T22:00:00Z,skybet,1.33,5.0,9.0,h2h,0.7518796992481203,0.2,0.1111111111111111,0.7073247406475951,0.1881483810122603,0.10452687834014461
d1279ce7f33136a33e99ad442fc855e8,Morocco,Haiti,2026-06-24T22:00:00Z,paddypower,1.3,5.0,9.5,h2h,0.7692307692307692,0.2,0.10526315789473684,0.7159005275056518,0.18613413715146948,0.09796533534287867
d1279ce7f33136a33e99ad442fc855e8,Morocco,Haiti,2026-06-24T22:00:00Z,smarkets,1.34,5.6,10.5,h2h,0.7462686567164178,0.17857142857142858,0.09523809523809523,0.7315798641351682,0.17505661034662953,0.09336352551820241
d1279ce7f33136a33e99ad442fc855e8,Morocco,Haiti,2026-06-24T22:00:00Z,marathonbet,1.28,4.9,11.25,h2h,0.78125,0.2040816326530612,0.08888888888888889,0.7272715278968825,0.18998113381796114,0.08274733828515642
d1279ce7f33136a33e99ad442fc855e8,Morocco,Haiti,2026-06-24T22:00:00Z,pinnacle,1.32,4.95,8.8,h2h,0.7575757575757576,0.20202020202020202,0.11363636363636363,0.7058823529411765,0.18823529411764708,0.10588235294117648
d1279ce7f33136a33e99ad442fc855e8,Morocco,Haiti,2026-06-24T22:00:00Z,betright,1.32,4.75,8.5,h2h,0.7575757575757576,0.21052631578947367,0.11764705882352941,0.6977447507128661,0.19389959388231226,0.10835565540482156
d1279ce7f33136a33e99ad442fc855e8,Morocco,Haiti,2026-06-24T22:00:00Z,betonlineag,1.32,5.35,11.25,h2h,0.7575757575757576,0.1869158878504673,0.08888888888888889,0.7331043429009921,0.18087808086529153,0.08601757623371642
d1279ce7f33136a33e99ad442fc855e8,Morocco,Haiti,2026-06-24T22:00:00Z,pmu_fr,1.33,5.1,9.5,h2h,0.7518796992481203,0.19607843137254904,0.10526315789473684,0.7138857782754761,0.1861702127659575,0.09994400895856664
d1279ce7f33136a33e99ad442fc855e8,Morocco,Haiti,2026-06-24T22:00:00Z,unibet_se,1.33,5.1,9.5,h2h,0.7518796992481203,0.19607843137254904,0.10526315789473684,0.7138857782754761,0.1861702127659575,0.09994400895856664
d1279ce7f33136a33e99ad442fc855e8,Morocco,Haiti,2026-06-24T22:00:00Z,livescorebet,1.33,5.1,9.5,h2h,0.7518796992481203,0.19607843137254904,0.10526315789473684,0.7138857782754761,0.1861702127659575,0.09994400895856664
d1279ce7f33136a33e99ad442fc855e8,Morocco,Haiti,2026-06-24T22:00:00Z,unibet,1.33,5.1,9.5,h2h,0.7518796992481203,0.19607843137254904,0.10526315789473684,0.7138857782754761,0.1861702127659575,0.09994400895856664
d1279ce7f33136a33e99ad442fc855e8,Morocco,Haiti,2026-06-24T22:00:00Z,virginbet,1.33,5.1,9.5,h2h,0.7518796992481203,0.19607843137254904,0.10526315789473684,0.7138857782754761,0.1861702127659575,0.09994400895856664
d1279ce7f33136a33e99ad442fc855e8,Morocco,Haiti,2026-06-24T22:00:00Z,casumo,1.33,5.1,9.5,h2h,0.7518796992481203,0.19607843137254904,0.10526315789473684,0.7138857782754761,0.1861702127659575,0.09994400895856664
d1279ce7f33136a33e99ad442fc855e8,Morocco,Haiti,2026-06-24T22:00:00Z,unibet_nl,1.33,5.1,9.5,h2h,0.7518796992481203,0.19607843137254904,0.10526315789473684,0.7138857782754761,0.1861702127659575,0.09994400895856664
d1279ce7f33136a33e99ad442fc855e8,Morocco,Haiti,2026-06-24T22:00:00Z,leovegas_se,1.33,5.1,9.5,h2h,0.7518796992481203,0.19607843137254904,0.10526315789473684,0.7138857782754761,0.1861702127659575,0.09994400895856664
d1279ce7f33136a33e99ad442fc855e8,Morocco,Haiti,2026-06-24T22:00:00Z,betrivers,1.33,5.1,9.5,h2h,0.7518796992481203,0.19607843137254904,0.10526315789473684,0.7138857782754761,0.1861702127659575,0.09994400895856664
d1279ce7f33136a33e99ad442fc855e8,Morocco,Haiti,2026-06-24T22:00:00Z,leovegas,1.33,5.1,9.5,h2h,0.7518796992481203,0.19607843137254904,0.10526315789473684,0.7138857782754761,0.1861702127659575,0.09994400895856664
d1279ce7f33136a33e99ad442fc855e8,Morocco,Haiti,2026-06-24T22:00:00Z,grosvenor,1.33,5.1,9.5,h2h,0.7518796992481203,0.19607843137254904,0.10526315789473684,0.7138857782754761,0.1861702127659575,0.09994400895856664
d1279ce7f33136a33e99ad442fc855e8,Morocco,Haiti,2026-06-24T22:00:00Z,tabtouch,1.33,5.1,9.5,h2h,0.7518796992481203,0.19607843137254904,0.10526315789473684,0.7138857782754761,0.1861702127659575,0.09994400895856664
d1279ce7f33136a33e99ad442fc855e8,Morocco,Haiti,2026-06-24T22:00:00Z,draftkings,1.34,5.0,9.0,h2h,0.7462686567164178,0.2,0.1111111111111111,0.705771643663739,0.18914680050188207,0.10508155583437892
d1279ce7f33136a33e99ad442fc855e8,Morocco,Haiti,2026-06-24T22:00:00Z,mybookieag,1.32,4.9,8.3,h2h,0.7575757575757576,0.2040816326530612,0.12048192771084336,0.700072296622715,0.1885909043963232,0.11133679898096188
d1279ce7f33136a33e99ad442fc855e8,Morocco,Haiti,2026-06-24T22:00:00Z,sport888,1.3,4.6,10.0,h2h,0.7692307692307692,0.2173913043478261,0.1,0.7079101261926746,0.20006155740227763,0.0920283164050477
d1279ce7f33136a33e99ad442fc855e8,Morocco,Haiti,2026-06-24T22:00:00Z,williamhill,1.3,4.8,10.0,h2h,0.7692307692307692,0.20833333333333334,0.1,0.7138607971445567,0.19333729922665083,0.0928019036287924
d1279ce7f33136a33e99ad442fc855e8,Morocco,Haiti,2026-06-24T22:00:00Z,everygame,1.33,5.25,9.5,h2h,0.7518796992481203,0.19047619047619047,0.10526315789473684,0.7177033492822967,0.18181818181818185,0.10047846889952154
d1279ce7f33136a33e99ad442fc855e8,Morocco,Haiti,2026-06-24T22:00:00Z,boylesports,1.3,4.75,9.0,h2h,0.7692307692307692,0.21052631578947367,0.1111111111111111,0.7051546391752577,0.19298969072164948,0.10185567010309278
d1279ce7f33136a33e99ad442fc855e8,Morocco,Haiti,2026-06-24T22:00:00Z,ladbrokes_au,1.32,4.8,9.25,h2h,0.7575757575757576,0.20833333333333334,0.10810810810810811,0.7053665046230101,0.1939757887713278,0.10065770660566199
d1279ce7f33136a33e99ad442fc855e8,Morocco,Haiti,2026-06-24T22:00:00Z,ladbrokes_uk,1.33,5.0,9.5,h2h,0.7518796992481203,0.2,0.10526315789473684,0.7112375533428166,0.18918918918918923,0.09957325746799432
d1279ce7f33136a33e99ad442fc855e8,Morocco,Haiti,2026-06-24T22:00:00Z,neds,1.32,4.8,9.25,h2h,0.7575757575757576,0.20833333333333334,0.10810810810810811,0.7053665046230101,0.1939757887713278,0.10065770660566199
d1279ce7f33136a33e99ad442fc855e8,Morocco,Haiti,2026-06-24T22:00:00Z,coral,1.33,5.25,10.0,h2h,0.7518796992481203,0.19047619047619047,0.1,0.7213272421255109,0.1827362346717961,0.09593652320269296
d1279ce7f33136a33e99ad442fc855e8,Morocco,Haiti,2026-06-24T22:00:00Z,bovada,1.33,5.15,9.25,h2h,0.7518796992481203,0.1941747572815534,0.10810810810810811,0.7132483399336722,0.18419811497316196,0.10255354509316586
d1279ce7f33136a33e99ad442fc855e8,Morocco,Haiti,2026-06-24T22:00:00Z,betclic_fr,1.32,4.65,8.0,h2h,0.7575757575757576,0.2150537634408602,0.125,0.6901925859957697,0.19592563731492818,0.11388177668930201
d1279ce7f33136a33e99ad442fc855e8,Morocco,Haiti,2026-06-24T22:00:00Z,tab,1.32,4.75,10.0,h2h,0.7575757575757576,0.21052631578947367,0.1,0.7092728087203225,0.19710318052859488,0.09362401075108258
5993bd5196ca09f83990f0c3261e442e,Czech Republic,Mexico,2026-06-25T01:00:00Z,sportsbet,4.33,3.5,1.86,h2h,0.23094688221709006,0.2857142857142857,0.5376344086021505,0.2190532592163883,0.2710001749734175,0.5099465658101943
5993bd5196ca09f83990f0c3261e442e,Czech Republic,Mexico,2026-06-25T01:00:00Z,betfred_uk,4.2,3.4,1.9,h2h,0.23809523809523808,0.29411764705882354,0.5263157894736842,0.22493036211699163,0.27785515320334264,0.4972144846796657
5993bd5196ca09f83990f0c3261e442e,Czech Republic,Mexico,2026-06-25T01:00:00Z,betr_au,4.2,3.4,1.85,h2h,0.23809523809523808,0.29411764705882354,0.5405405405405405,0.22194777699364857,0.2741707833450953,0.5038814396612561
5993bd5196ca09f83990f0c3261e442e,Czech Republic,Mexico,2026-06-25T01:00:00Z,unibet_uk,4.35,3.45,1.82,h2h,0.2298850574712644,0.2898550724637681,0.5494505494505494,0.21500847501155687,0.271097642405876,0.5138938825825671
5993bd5196ca09f83990f0c3261e442e,Czech Republic,Mexico,2026-06-25T01:00:00Z,winamax_fr,3.7,3.15,1.66,h2h,0.27027027027027023,0.31746031746031744,0.6024096385542169,0.2270911143924259,0.26674194388951616,0.5061669417180579
5993bd5196ca09f83990f0c3261e442e,Czech Republic,Mexico,2026-06-25T01:00:00Z,fanduel,4.3,3.5,1.87,h2h,0.23255813953488372,0.2857142857142857,0.53475935828877,0.2208462680523688,0.27132541503576735,0.507828316911864
5993bd5196ca09f83990f0c3261e442e,Czech Republic,Mexico,2026-06-25T01:00:00Z,gtbets,4.3,3.39,1.85,h2h,0.23255813953488372,0.2949852507374631,0.5405405405405405,0.21773395594285416,0.2761817140278091,0.5060843300293366
5993bd5196ca09f83990f0c3261e442e,Czech Republic,Mexico,2026-06-25T01:00:00Z,skybet,4.2,3.4,1.85,h2h,0.23809523809523808,0.29411764705882354,0.5405405405405405,0.22194777699364857,0.2741707833450953,0.5038814396612561
5993bd5196ca09f83990f0c3261e442e,Czech Republic,Mexico,2026-06-25T01:00:00Z,paddypower,4.2,3.4,1.85,h2h,0.23809523809523808,0.29411764705882354,0.5405405405405405,0.22194777699364857,0.2741707833450953,0.5038814396612561
5993bd5196ca09f83990f0c3261e442e,Czech Republic,Mexico,2026-06-25T01:00:00Z,smarkets,4.5,3.5,1.78,h2h,0.2222222222222222,0.2857142857142857,0.5617977528089888,0.20773591197065688,0.26708902967655884,0.5251750583527843
5993bd5196ca09f83990f0c3261e442e,Czech Republic,Mexico,2026-06-25T01:00:00Z,marathonbet,4.35,3.48,1.8,h2h,0.2298850574712644,0.28735632183908044,0.5555555555555556,0.21428571428571427,0.2678571428571428,0.5178571428571428
5993bd5196ca09f83990f0c3261e442e,Czech Republic,Mexico,2026-06-25T01:00:00Z,pinnacle,4.54,3.56,1.75,h2h,0.22026431718061673,0.2808988764044944,0.5714285714285714,0.2053570839953325,0.26188796666820496,0.5327549493364626
5993bd5196ca09f83990f0c3261e442e,Czech Republic,Mexico,2026-06-25T01:00:00Z,betright,4.1,3.35,1.84,h2h,0.24390243902439027,0.29850746268656714,0.5434782608695652,0.22461101191560692,0.27489705935939945,0.5004919287249936
5993bd5196ca09f83990f0c3261e442e,Czech Republic,Mexico,2026-06-25T01:00:00Z,betonlineag,4.83,3.6,1.82,h2h,0.20703933747412007,0.2777777777777778,0.5494505494505494,0.20017964840241245,0.26857436160657006,0.5312459899910176
5993bd5196ca09f83990f0c3261e442e,Czech Republic,Mexico,2026-06-25T01:00:00Z,unibet,4.1,3.45,1.87,h2h,0.24390243902439027,0.2898550724637681,0.53475935828877,0.22826260017336847,0.2712685973074814,0.50046880251915
5993bd5196ca09f83990f0c3261e442e,Czech Republic,Mexico,2026-06-25T01:00:00Z,casumo,4.1,3.45,1.87,h2h,0.24390243902439027,0.2898550724637681,0.53475935828877,0.22826260017336847,0.2712685973074814,0.50046880251915
5993bd5196ca09f83990f0c3261e442e,Czech Republic,Mexico,2026-06-25T01:00:00Z,leovegas_se,4.1,3.45,1.87,h2h,0.24390243902439027,0.2898550724637681,0.53475935828877,0.22826260017336847,0.2712685973074814,0.50046880251915
5993bd5196ca09f83990f0c3261e442e,Czech Republic,Mexico,2026-06-25T01:00:00Z,virginbet,4.1,3.45,1.87,h2h,0.24390243902439027,0.2898550724637681,0.53475935828877,0.22826260017336847,0.2712685973074814,0.50046880251915
5993bd5196ca09f83990f0c3261e442e,Czech Republic,Mexico,2026-06-25T01:00:00Z,leovegas,4.1,3.45,1.87,h2h,0.24390243902439027,0.2898550724637681,0.53475935828877,0.22826260017336847,0.2712685973074814,0.50046880251915
5993bd5196ca09f83990f0c3261e442e,Czech Republic,Mexico,2026-06-25T01:00:00Z,tabtouch,4.1,3.45,1.87,h2h,0.24390243902439027,0.2898550724637681,0.53475935828877,0.22826260017336847,0.2712685973074814,0.50046880251915
5993bd5196ca09f83990f0c3261e442e,Czech Republic,Mexico,2026-06-25T01:00:00Z,unibet_nl,4.1,3.45,1.87,h2h,0.24390243902439027,0.2898550724637681,0.53475935828877,0.22826260017336847,0.2712685973074814,0.50046880251915
5993bd5196ca09f83990f0c3261e442e,Czech Republic,Mexico,2026-06-25T01:00:00Z,grosvenor,4.1,3.45,1.87,h2h,0.24390243902439027,0.2898550724637681,0.53475935828877,0.22826260017336847,0.2712685973074814,0.50046880251915
5993bd5196ca09f83990f0c3261e442e,Czech Republic,Mexico,2026-06-25T01:00:00Z,betrivers,4.1,3.45,1.87,h2h,0.24390243902439027,0.2898550724637681,0.53475935828877,0.22826260017336847,0.2712685973074814,0.50046880251915
5993bd5196ca09f83990f0c3261e442e,Czech Republic,Mexico,2026-06-25T01:00:00Z,livescorebet,4.1,3.45,1.87,h2h,0.24390243902439027,0.2898550724637681,0.53475935828877,0.22826260017336847,0.2712685973074814,0.50046880251915
5993bd5196ca09f83990f0c3261e442e,Czech Republic,Mexico,2026-06-25T01:00:00Z,unibet_se,4.1,3.45,1.87,h2h,0.24390243902439027,0.2898550724637681,0.53475935828877,0.22826260017336847,0.2712685973074814,0.50046880251915
5993bd5196ca09f83990f0c3261e442e,Czech Republic,Mexico,2026-06-25T01:00:00Z,pmu_fr,4.1,3.45,1.87,h2h,0.24390243902439027,0.2898550724637681,0.53475935828877,0.22826260017336847,0.2712685973074814,0.50046880251915
5993bd5196ca09f83990f0c3261e442e,Czech Republic,Mexico,2026-06-25T01:00:00Z,draftkings,4.7,3.65,1.8,h2h,0.2127659574468085,0.273972602739726,0.5555555555555556,0.20413235979493552,0.26285536740717724,0.5330122727978872
5993bd5196ca09f83990f0c3261e442e,Czech Republic,Mexico,2026-06-25T01:00:00Z,mybookieag,4.2,3.34,1.85,h2h,0.23809523809523808,0.29940119760479045,0.5405405405405405,0.2208599921363978,0.27772813382421285,0.5014118740393896
5993bd5196ca09f83990f0c3261e442e,Czech Republic,Mexico,2026-06-25T01:00:00Z,sport888,4.2,3.25,1.85,h2h,0.23809523809523808,0.3076923076923077,0.5405405405405405,0.2191743370090221,0.2832406816731978,0.4975849813177799
5993bd5196ca09f83990f0c3261e442e,Czech Republic,Mexico,2026-06-25T01:00:00Z,williamhill,4.2,3.3,1.85,h2h,0.23809523809523808,0.30303030303030304,0.5405405405405405,0.2201189832341806,0.280151433207139,0.4997295835586803
5993bd5196ca09f83990f0c3261e442e,Czech Republic,Mexico,2026-06-25T01:00:00Z,everygame,4.6,3.65,1.8,h2h,0.2173913043478261,0.273972602739726,0.5555555555555556,0.20764854614412137,0.26169405815423513,0.5306573957016435
5993bd5196ca09f83990f0c3261e442e,Czech Republic,Mexico,2026-06-25T01:00:00Z,boylesports,4.75,3.4,1.75,h2h,0.21052631578947367,0.29411764705882354,0.5714285714285714,0.19564323879983558,0.2733251130291821,0.5310316481709823
5993bd5196ca09f83990f0c3261e442e,Czech Republic,Mexico,2026-06-25T01:00:00Z,ladbrokes_uk,4.0,3.4,1.91,h2h,0.25,0.29411764705882354,0.5235602094240838,0.2341530251676642,0.27547414725607555,0.4903728275762601
5993bd5196ca09f83990f0c3261e442e,Czech Republic,Mexico,2026-06-25T01:00:00Z,neds,4.0,3.4,1.91,h2h,0.25,0.29411764705882354,0.5235602094240838,0.2341530251676642,0.27547414725607555,0.4903728275762601
5993bd5196ca09f83990f0c3261e442e,Czech Republic,Mexico,2026-06-25T01:00:00Z,coral,4.2,3.4,1.91,h2h,0.23809523809523808,0.29411764705882354,0.5235602094240838,0.22551743297680232,0.2785803583831088,0.4959022086400889
5993bd5196ca09f83990f0c3261e442e,Czech Republic,Mexico,2026-06-25T01:00:00Z,ladbrokes_au,4.0,3.4,1.91,h2h,0.25,0.29411764705882354,0.5235602094240838,0.2341530251676642,0.27547414725607555,0.4903728275762601
5993bd5196ca09f83990f0c3261e442e,Czech Republic,Mexico,2026-06-25T01:00:00Z,bovada,4.65,3.65,1.77,h2h,0.2150537634408602,0.273972602739726,0.5649717514124294,0.2040361930929935,0.2599365199677863,0.5360272869392203
5993bd5196ca09f83990f0c3261e442e,Czech Republic,Mexico,2026-06-25T01:00:00Z,betclic_fr,4.2,3.38,1.76,h2h,0.23809523809523808,0.2958579881656805,0.5681818181818182,0.21603091136224978,0.2684407774323814,0.5155283112053689
5993bd5196ca09f83990f0c3261e442e,Czech Republic,Mexico,2026-06-25T01:00:00Z,winamax_de,3.85,3.3,1.72,h2h,0.2597402597402597,0.30303030303030304,0.5813953488372093,0.22701275846898372,0.2648482182138144,0.508139023317202
5993bd5196ca09f83990f0c3261e442e,Czech Republic,Mexico,2026-06-25T01:00:00Z,tab,4.25,3.4,1.9,h2h,0.23529411764705882,0.29411764705882354,0.5263157894736842,0.22287390029325513,0.27859237536656895,0.49853372434017595
5993bd5196ca09f83990f0c3261e442e,Czech Republic,Mexico,2026-06-25T01:00:00Z,tipico_de,4.5,3.4,1.75,h2h,0.2222222222222222,0.29411764705882354,0.5714285714285714,0.20429184549356225,0.2703862660944206,0.5253218884120172
c0355dfc6e26ec327e379b6ef5824a5f,South Africa,South Korea,2026-06-25T01:00:00Z,sportsbet,3.8,3.4,2.0,h2h,0.2631578947368421,0.29411764705882354,0.5,0.24890190336749632,0.2781844802342606,0.47291361639824303
c0355dfc6e26ec327e379b6ef5824a5f,South Africa,South Korea,2026-06-25T01:00:00Z,unibet_uk,3.8,3.35,1.95,h2h,0.2631578947368421,0.29850746268656714,0.5128205128205129,0.2449151748055113,0.27781422813759493,0.47727059705689395
c0355dfc6e26ec327e379b6ef5824a5f,South Africa,South Korea,2026-06-25T01:00:00Z,betfred_uk,3.75,3.4,2.0,h2h,0.26666666666666666,0.29411764705882354,0.5,0.2513863216266174,0.27726432532347506,0.47134935304990755
c0355dfc6e26ec327e379b6ef5824a5f,South Africa,South Korea,2026-06-25T01:00:00Z,winamax_fr,3.3,3.05,1.8,h2h,0.30303030303030304,0.3278688524590164,0.5555555555555556,0.25540823447313327,0.2763433356594557,0.468248429867411
c0355dfc6e26ec327e379b6ef5824a5f,South Africa,South Korea,2026-06-25T01:00:00Z,fanduel,3.9,3.4,2.0,h2h,0.25641025641025644,0.29411764705882354,0.5,0.24407753050969133,0.2799712849964106,0.47595118449389806
c0355dfc6e26ec327e379b6ef5824a5f,South Africa,South Korea,2026-06-25T01:00:00Z,gtbets,3.84,3.35,2.03,h2h,0.2604166666666667,0.29850746268656714,0.4926108374384237,0.247653834528418,0.2838778282355597,0.46846833723602227
c0355dfc6e26ec327e379b6ef5824a5f,South Africa,South Korea,2026-06-25T01:00:00Z,betr_au,3.75,3.4,1.95,h2h,0.26666666666666666,0.29411764705882354,0.5128205128205129,0.24838437763416685,0.2739533576847429,0.4776622646810902
c0355dfc6e26ec327e379b6ef5824a5f,South Africa,South Korea,2026-06-25T01:00:00Z,skybet,3.75,3.3,2.0,h2h,0.26666666666666666,0.30303030303030304,0.5,0.24929178470254953,0.28328611898017,0.4674220963172804
c0355dfc6e26ec327e379b6ef5824a5f,South Africa,South Korea,2026-06-25T01:00:00Z,paddypower,3.8,3.3,2.0,h2h,0.2631578947368421,0.30303030303030304,0.5,0.24682124158563945,0.28421839940164545,0.468960359012715
c0355dfc6e26ec327e379b6ef5824a5f,South Africa,South Korea,2026-06-25T01:00:00Z,smarkets,4.0,3.4,1.78,h2h,0.25,0.29411764705882354,0.5617977528089888,0.22605707455550572,0.2659494994770656,0.5079934259674287
c0355dfc6e26ec327e379b6ef5824a5f,South Africa,South Korea,2026-06-25T01:00:00Z,marathonbet,3.86,3.3,1.96,h2h,0.2590673575129534,0.30303030303030304,0.5102040816326531,0.24159930672802524,0.2825979769606598,0.47580271631131493
c0355dfc6e26ec327e379b6ef5824a5f,South Africa,South Korea,2026-06-25T01:00:00Z,pinnacle,4.02,3.38,1.91,h2h,0.24875621890547267,0.2958579881656805,0.5235602094240838,0.23287977605910196,0.2769753549578668,0.4901448689830313
c0355dfc6e26ec327e379b6ef5824a5f,South Africa,South Korea,2026-06-25T01:00:00Z,betright,3.65,3.3,1.96,h2h,0.273972602739726,0.30303030303030304,0.5102040816326531,0.2519967273152297,0.27872365293957224,0.4692796197451982
c0355dfc6e26ec327e379b6ef5824a5f,South Africa,South Korea,2026-06-25T01:00:00Z,betonlineag,4.0,3.42,2.03,h2h,0.25,0.29239766081871343,0.4926108374384237,0.24154391043259826,0.28250749758198623,0.4759485919854154
c0355dfc6e26ec327e379b6ef5824a5f,South Africa,South Korea,2026-06-25T01:00:00Z,unibet,3.5,3.25,2.08,h2h,0.2857142857142857,0.3076923076923077,0.4807692307692307,0.26598465473145777,0.28644501278772383,0.4475703324808184
c0355dfc6e26ec327e379b6ef5824a5f,South Africa,South Korea,2026-06-25T01:00:00Z,casumo,3.5,3.25,2.08,h2h,0.2857142857142857,0.3076923076923077,0.4807692307692307,0.26598465473145777,0.28644501278772383,0.4475703324808184
c0355dfc6e26ec327e379b6ef5824a5f,South Africa,South Korea,2026-06-25T01:00:00Z,leovegas_se,3.5,3.25,2.08,h2h,0.2857142857142857,0.3076923076923077,0.4807692307692307,0.26598465473145777,0.28644501278772383,0.4475703324808184
c0355dfc6e26ec327e379b6ef5824a5f,South Africa,South Korea,2026-06-25T01:00:00Z,virginbet,3.5,3.25,2.08,h2h,0.2857142857142857,0.3076923076923077,0.4807692307692307,0.26598465473145777,0.28644501278772383,0.4475703324808184
c0355dfc6e26ec327e379b6ef5824a5f,South Africa,South Korea,2026-06-25T01:00:00Z,leovegas,3.5,3.25,2.08,h2h,0.2857142857142857,0.3076923076923077,0.4807692307692307,0.26598465473145777,0.28644501278772383,0.4475703324808184
c0355dfc6e26ec327e379b6ef5824a5f,South Africa,South Korea,2026-06-25T01:00:00Z,tabtouch,3.5,3.25,2.08,h2h,0.2857142857142857,0.3076923076923077,0.4807692307692307,0.26598465473145777,0.28644501278772383,0.4475703324808184
c0355dfc6e26ec327e379b6ef5824a5f,South Africa,South Korea,2026-06-25T01:00:00Z,unibet_nl,3.5,3.25,2.08,h2h,0.2857142857142857,0.3076923076923077,0.4807692307692307,0.26598465473145777,0.28644501278772383,0.4475703324808184
c0355dfc6e26ec327e379b6ef5824a5f,South Africa,South Korea,2026-06-25T01:00:00Z,grosvenor,3.5,3.25,2.08,h2h,0.2857142857142857,0.3076923076923077,0.4807692307692307,0.26598465473145777,0.28644501278772383,0.4475703324808184
c0355dfc6e26ec327e379b6ef5824a5f,South Africa,South Korea,2026-06-25T01:00:00Z,betrivers,3.5,3.25,2.08,h2h,0.2857142857142857,0.3076923076923077,0.4807692307692307,0.26598465473145777,0.28644501278772383,0.4475703324808184
c0355dfc6e26ec327e379b6ef5824a5f,South Africa,South Korea,2026-06-25T01:00:00Z,livescorebet,3.5,3.25,2.08,h2h,0.2857142857142857,0.3076923076923077,0.4807692307692307,0.26598465473145777,0.28644501278772383,0.4475703324808184
c0355dfc6e26ec327e379b6ef5824a5f,South Africa,South Korea,2026-06-25T01:00:00Z,unibet_se,3.5,3.25,2.08,h2h,0.2857142857142857,0.3076923076923077,0.4807692307692307,0.26598465473145777,0.28644501278772383,0.4475703324808184
c0355dfc6e26ec327e379b6ef5824a5f,South Africa,South Korea,2026-06-25T01:00:00Z,pmu_fr,3.5,3.25,2.08,h2h,0.2857142857142857,0.3076923076923077,0.4807692307692307,0.26598465473145777,0.28644501278772383,0.4475703324808184
c0355dfc6e26ec327e379b6ef5824a5f,South Africa,South Korea,2026-06-25T01:00:00Z,draftkings,4.0,3.45,1.95,h2h,0.25,0.2898550724637681,0.5128205128205129,0.23749007148530582,0.27535080751919516,0.4871591209954992
c0355dfc6e26ec327e379b6ef5824a5f,South Africa,South Korea,2026-06-25T01:00:00Z,mybookieag,3.8,3.32,1.94,h2h,0.2631578947368421,0.30120481927710846,0.5154639175257733,0.24370383823707467,0.2789381281026759,0.4773580336602494
c0355dfc6e26ec327e379b6ef5824a5f,South Africa,South Korea,2026-06-25T01:00:00Z,sport888,3.8,3.1,1.95,h2h,0.2631578947368421,0.3225806451612903,0.5128205128205129,0.23954824648305922,0.29363978601149193,0.46681196750544884
c0355dfc6e26ec327e379b6ef5824a5f,South Africa,South Korea,2026-06-25T01:00:00Z,williamhill,3.9,3.2,1.95,h2h,0.25641025641025644,0.3125,0.5128205128205129,0.23703703703703707,0.2888888888888889,0.47407407407407415
c0355dfc6e26ec327e379b6ef5824a5f,South Africa,South Korea,2026-06-25T01:00:00Z,everygame,4.1,3.45,1.95,h2h,0.24390243902439027,0.2898550724637681,0.5128205128205129,0.23304754481683554,0.27695505326058717,0.4899974019225773
c0355dfc6e26ec327e379b6ef5824a5f,South Africa,South Korea,2026-06-25T01:00:00Z,boylesports,3.8,3.25,1.95,h2h,0.2631578947368421,0.3076923076923077,0.5128205128205129,0.2428393524283935,0.2839352428393524,0.47322540473225405
c0355dfc6e26ec327e379b6ef5824a5f,South Africa,South Korea,2026-06-25T01:00:00Z,coral,3.75,3.4,2.0,h2h,0.26666666666666666,0.29411764705882354,0.5,0.2513863216266174,0.27726432532347506,0.47134935304990755
c0355dfc6e26ec327e379b6ef5824a5f,South Africa,South Korea,2026-06-25T01:00:00Z,ladbrokes_au,3.7,3.35,1.98,h2h,0.27027027027027023,0.29850746268656714,0.5050505050505051,0.25168854822797293,0.27798436669955223,0.4703270850724748
c0355dfc6e26ec327e379b6ef5824a5f,South Africa,South Korea,2026-06-25T01:00:00Z,ladbrokes_uk,3.75,3.4,2.0,h2h,0.26666666666666666,0.29411764705882354,0.5,0.2513863216266174,0.27726432532347506,0.47134935304990755
c0355dfc6e26ec327e379b6ef5824a5f,South Africa,South Korea,2026-06-25T01:00:00Z,neds,3.7,3.35,1.98,h2h,0.27027027027027023,0.29850746268656714,0.5050505050505051,0.25168854822797293,0.27798436669955223,0.4703270850724748
c0355dfc6e26ec327e379b6ef5824a5f,South Africa,South Korea,2026-06-25T01:00:00Z,bovada,4.1,3.45,1.93,h2h,0.24390243902439027,0.2898550724637681,0.5181347150259068,0.2318701791652882,0.2755558650949802,0.49257395573973145
c0355dfc6e26ec327e379b6ef5824a5f,South Africa,South Korea,2026-06-25T01:00:00Z,betclic_fr,3.75,3.27,1.9,h2h,0.26666666666666666,0.3058103975535168,0.5263157894736842,0.24269057244975686,0.2783148766625652,0.478994550887678
c0355dfc6e26ec327e379b6ef5824a5f,South Africa,South Korea,2026-06-25T01:00:00Z,winamax_de,3.45,3.2,1.84,h2h,0.2898550724637681,0.3125,0.5434782608695652,0.2529644268774704,0.27272727272727276,0.4743083003952569
c0355dfc6e26ec327e379b6ef5824a5f,South Africa,South Korea,2026-06-25T01:00:00Z,tab,4.0,3.3,1.95,h2h,0.25,0.30303030303030304,0.5128205128205129,0.23455440131219243,0.2843083652268999,0.4811372334609076
c0355dfc6e26ec327e379b6ef5824a5f,South Africa,South Korea,2026-06-25T01:00:00Z,tipico_de,4.0,3.2,1.9,h2h,0.25,0.3125,0.5263157894736842,0.22960725075528704,0.2870090634441088,0.48338368580060426
a5a0b544a984ab16e564264f3e859b43,Curaçao,Ivory Coast,2026-06-25T20:00:00Z,sportsbet,14.0,6.0,1.22,h2h,0.07142857142857142,0.16666666666666666,0.819672131147541,0.06752767527675275,0.15756457564575643,0.7749077490774907
a5a0b544a984ab16e564264f3e859b43,Curaçao,Ivory Coast,2026-06-25T20:00:00Z,unibet_uk,13.0,5.75,1.23,h2h,0.07692307692307693,0.17391304347826086,0.8130081300813008,0.07230670926517573,0.16347603833865815,0.7642172523961661
a5a0b544a984ab16e564264f3e859b43,Curaçao,Ivory Coast,2026-06-25T20:00:00Z,betfred_uk,13.0,5.5,1.25,h2h,0.07692307692307693,0.18181818181818182,0.8,0.0726552179656539,0.17173051519154556,0.7556142668428005
a5a0b544a984ab16e564264f3e859b43,Curaçao,Ivory Coast,2026-06-25T20:00:00Z,winamax_fr,8.0,5.0,1.16,h2h,0.125,0.2,0.8620689655172414,0.10530137981118372,0.16848220769789396,0.7262164124909223
a5a0b544a984ab16e564264f3e859b43,Curaçao,Ivory Coast,2026-06-25T20:00:00Z,fanduel,14.0,6.0,1.24,h2h,0.07142857142857142,0.16666666666666666,0.8064516129032259,0.06838235294117646,0.15955882352941175,0.7720588235294118
a5a0b544a984ab16e564264f3e859b43,Curaçao,Ivory Coast,2026-06-25T20:00:00Z,betr_au,13.0,5.5,1.23,h2h,0.07692307692307693,0.18181818181818182,0.8130081300813008,0.07177338072250809,0.16964617261683732,0.7585804466606546
a5a0b544a984ab16e564264f3e859b43,Curaçao,Ivory Coast,2026-06-25T20:00:00Z,skybet,11.0,6.0,1.22,h2h,0.09090909090909091,0.16666666666666666,0.819672131147541,0.08439013142725386,0.15471524094996542,0.7608946276227807
a5a0b544a984ab16e564264f3e859b43,Curaçao,Ivory Coast,2026-06-25T20:00:00Z,paddypower,13.0,5.5,1.22,h2h,0.07692307692307693,0.18181818181818182,0.819672131147541,0.07132986074200064,0.1685978526629106,0.7600722865950887
a5a0b544a984ab16e564264f3e859b43,Curaçao,Ivory Coast,2026-06-25T20:00:00Z,smarkets,14.01,6.2,1.25,h2h,0.07137758743754462,0.16129032258064516,0.8,0.06911959473620842,0.15618798746036772,0.774692417803424
a5a0b544a984ab16e564264f3e859b43,Curaçao,Ivory Coast,2026-06-25T20:00:00Z,gtbets,13.87,6.08,1.24,h2h,0.07209805335255949,0.16447368421052633,0.8064516129032259,0.06912410284997561,0.15768935962650685,0.7731865375235174
a5a0b544a984ab16e564264f3e859b43,Curaçao,Ivory Coast,2026-06-25T20:00:00Z,marathonbet,17.0,6.1,1.18,h2h,0.058823529411764705,0.1639344262295082,0.8474576271186441,0.054964186991249095,0.15317888177889094,0.7918569312298599
a5a0b544a984ab16e564264f3e859b43,Curaçao,Ivory Coast,2026-06-25T20:00:00Z,pinnacle,10.8,6.26,1.22,h2h,0.09259259259259259,0.1597444089456869,0.819672131147541,0.08637295128317642,0.14901403735755678,0.7646130113592667
a5a0b544a984ab16e564264f3e859b43,Curaçao,Ivory Coast,2026-06-25T20:00:00Z,betonlineag,13.0,5.9,1.27,h2h,0.07692307692307693,0.1694915254237288,0.7874015748031495,0.07440691935692086,0.16394744943050357,0.7616456312125757
a5a0b544a984ab16e564264f3e859b43,Curaçao,Ivory Coast,2026-06-25T20:00:00Z,unibet,12.5,5.8,1.22,h2h,0.08,0.1724137931034483,0.819672131147541,0.07462088456752368,0.16082087191276656,0.7645582435197098
a5a0b544a984ab16e564264f3e859b43,Curaçao,Ivory Coast,2026-06-25T20:00:00Z,casumo,13.0,6.1,1.23,h2h,0.07692307692307693,0.1639344262295082,0.8130081300813008,0.07299135155117567,0.15555533937135801,0.7714533090774665
a5a0b544a984ab16e564264f3e859b43,Curaçao,Ivory Coast,2026-06-25T20:00:00Z,leovegas_se,13.0,6.1,1.23,h2h,0.07692307692307693,0.1639344262295082,0.8130081300813008,0.07299135155117567,0.15555533937135801,0.7714533090774665
a5a0b544a984ab16e564264f3e859b43,Curaçao,Ivory Coast,2026-06-25T20:00:00Z,leovegas,13.0,6.1,1.23,h2h,0.07692307692307693,0.1639344262295082,0.8130081300813008,0.07299135155117567,0.15555533937135801,0.7714533090774665
a5a0b544a984ab16e564264f3e859b43,Curaçao,Ivory Coast,2026-06-25T20:00:00Z,tabtouch,12.5,5.8,1.22,h2h,0.08,0.1724137931034483,0.819672131147541,0.07462088456752368,0.16082087191276656,0.7645582435197098
a5a0b544a984ab16e564264f3e859b43,Curaçao,Ivory Coast,2026-06-25T20:00:00Z,unibet_nl,14.0,6.25,1.24,h2h,0.07142857142857142,0.16,0.8064516129032259,0.06882159666104253,0.15416037652073528,0.7770180268182222
a5a0b544a984ab16e564264f3e859b43,Curaçao,Ivory Coast,2026-06-25T20:00:00Z,grosvenor,13.0,6.0,1.23,h2h,0.07692307692307693,0.16666666666666666,0.8130081300813008,0.07280260432080497,0.15773897602841078,0.7694584196507842
a5a0b544a984ab16e564264f3e859b43,Curaçao,Ivory Coast,2026-06-25T20:00:00Z,betrivers,13.0,6.1,1.23,h2h,0.07692307692307693,0.1639344262295082,0.8130081300813008,0.07299135155117567,0.15555533937135801,0.7714533090774665
a5a0b544a984ab16e564264f3e859b43,Curaçao,Ivory Coast,2026-06-25T20:00:00Z,unibet_se,14.0,6.25,1.24,h2h,0.07142857142857142,0.16,0.8064516129032259,0.06882159666104253,0.15416037652073528,0.7770180268182222
a5a0b544a984ab16e564264f3e859b43,Curaçao,Ivory Coast,2026-06-25T20:00:00Z,draftkings,12.0,6.5,1.22,h2h,0.08333333333333333,0.15384615384615385,0.819672131147541,0.07885055185442974,0.14557024957740877,0.7755791985681615
a5a0b544a984ab16e564264f3e859b43,Curaçao,Ivory Coast,2026-06-25T20:00:00Z,mybookieag,11.5,5.8,1.22,h2h,0.08695652173913043,0.1724137931034483,0.819672131147541,0.08058674805821925,0.15978406942577955,0.7596291825160011
a5a0b544a984ab16e564264f3e859b43,Curaçao,Ivory Coast,2026-06-25T20:00:00Z,betright,12.0,5.5,1.22,h2h,0.08333333333333333,0.18181818181818182,0.819672131147541,0.07681740125930166,0.16760160274756727,0.7555809959931311
a5a0b544a984ab16e564264f3e859b43,Curaçao,Ivory Coast,2026-06-25T20:00:00Z,sport888,15.0,6.0,1.2,h2h,0.06666666666666667,0.16666666666666666,0.8333333333333334,0.0625,0.15625,0.78125
a5a0b544a984ab16e564264f3e859b43,Curaçao,Ivory Coast,2026-06-25T20:00:00Z,williamhill,15.0,6.0,1.2,h2h,0.06666666666666667,0.16666666666666666,0.8333333333333334,0.0625,0.15625,0.78125
a5a0b544a984ab16e564264f3e859b43,Curaçao,Ivory Coast,2026-06-25T20:00:00Z,everygame,11.0,6.5,1.25,h2h,0.09090909090909091,0.15384615384615385,0.8,0.08701472556894244,0.14725568942436412,0.7657295850066934
a5a0b544a984ab16e564264f3e859b43,Curaçao,Ivory Coast,2026-06-25T20:00:00Z,boylesports,13.0,5.5,1.22,h2h,0.07692307692307693,0.18181818181818182,0.819672131147541,0.07132986074200064,0.1685978526629106,0.7600722865950887
a5a0b544a984ab16e564264f3e859b43,Curaçao,Ivory Coast,2026-06-25T20:00:00Z,ladbrokes_uk,13.0,6.0,1.22,h2h,0.07692307692307693,0.16666666666666666,0.819672131147541,0.07234631350069183,0.15675034591816564,0.7709033405811425
a5a0b544a984ab16e564264f3e859b43,Curaçao,Ivory Coast,2026-06-25T20:00:00Z,neds,13.0,6.0,1.22,h2h,0.07692307692307693,0.16666666666666666,0.819672131147541,0.07234631350069183,0.15675034591816564,0.7709033405811425
a5a0b544a984ab16e564264f3e859b43,Curaçao,Ivory Coast,2026-06-25T20:00:00Z,coral,15.0,6.0,1.22,h2h,0.06666666666666667,0.16666666666666666,0.819672131147541,0.06331084587441618,0.15827711468604044,0.7784120394395433
a5a0b544a984ab16e564264f3e859b43,Curaçao,Ivory Coast,2026-06-25T20:00:00Z,ladbrokes_au,13.0,6.0,1.22,h2h,0.07692307692307693,0.16666666666666666,0.819672131147541,0.07234631350069183,0.15675034591816564,0.7709033405811425
a5a0b544a984ab16e564264f3e859b43,Curaçao,Ivory Coast,2026-06-25T20:00:00Z,bovada,11.0,6.5,1.22,h2h,0.09090909090909091,0.15384615384615385,0.819672131147541,0.08540656973613354,0.14453419493807215,0.7700592353257942
a5a0b544a984ab16e564264f3e859b43,Curaçao,Ivory Coast,2026-06-25T20:00:00Z,betclic_fr,10.0,5.75,1.2,h2h,0.1,0.17391304347826086,0.8333333333333334,0.09031413612565445,0.1570680628272251,0.7526178010471204
a5a0b544a984ab16e564264f3e859b43,Curaçao,Ivory Coast,2026-06-25T20:00:00Z,winamax_de,9.0,5.4,1.18,h2h,0.1111111111111111,0.18518518518518517,0.8474576271186441,0.09714599341383096,0.1619099890230516,0.7409440175631176
a5a0b544a984ab16e564264f3e859b43,Curaçao,Ivory Coast,2026-06-25T20:00:00Z,tab,15.0,5.0,1.25,h2h,0.06666666666666667,0.2,0.8,0.0625,0.1875,0.75
a5a0b544a984ab16e564264f3e859b43,Curaçao,Ivory Coast,2026-06-25T20:00:00Z,tipico_de,10.5,5.8,1.22,h2h,0.09523809523809523,0.1724137931034483,0.819672131147541,0.08758943381278934,0.1585670784541876,0.753843487733023
0ec28b84ec399bd4dffbe8d1bc72b3c4,Ecuador,Germany,2026-06-25T20:00:00Z,sportsbet,5.0,3.8,1.66,h2h,0.2,0.2631578947368421,0.6024096385542169,0.18769340633182577,0.24696500833134966,0.5653415853368245
0ec28b84ec399bd4dffbe8d1bc72b3c4,Ecuador,Germany,2026-06-25T20:00:00Z,unibet_uk,4.8,3.75,1.67,h2h,0.20833333333333334,0.26666666666666666,0.5988023952095809,0.1940145917561225,0.2483386774478368,0.5576467307960408
0ec28b84ec399bd4dffbe8d1bc72b3c4,Ecuador,Germany,2026-06-25T20:00:00Z,winamax_fr,4.1,3.4,1.54,h2h,0.24390243902439027,0.29411764705882354,0.6493506493506493,0.2054138877991369,0.24770498234601804,0.546881129854845
0ec28b84ec399bd4dffbe8d1bc72b3c4,Ecuador,Germany,2026-06-25T20:00:00Z,betr_au,4.9,3.75,1.68,h2h,0.2040816326530612,0.26666666666666666,0.5952380952380952,0.1914486279514997,0.250159540523293,0.5583918315252074
0ec28b84ec399bd4dffbe8d1bc72b3c4,Ecuador,Germany,2026-06-25T20:00:00Z,gtbets,4.92,3.92,1.68,h2h,0.2032520325203252,0.25510204081632654,0.5952380952380952,0.19291338582677167,0.24212598425196852,0.5649606299212598
0ec28b84ec399bd4dffbe8d1bc72b3c4,Ecuador,Germany,2026-06-25T20:00:00Z,skybet,5.0,3.75,1.67,h2h,0.2,0.26666666666666666,0.5988023952095809,0.18771075309104535,0.2502810041213938,0.562008242787561
0ec28b84ec399bd4dffbe8d1bc72b3c4,Ecuador,Germany,2026-06-25T20:00:00Z,betfred_uk,5.0,3.75,1.67,h2h,0.2,0.26666666666666666,0.5988023952095809,0.18771075309104535,0.2502810041213938,0.562008242787561
0ec28b84ec399bd4dffbe8d1bc72b3c4,Ecuador,Germany,2026-06-25T20:00:00Z,fanduel,5.1,3.9,1.69,h2h,0.19607843137254904,0.25641025641025644,0.591715976331361,0.1877777777777778,0.24555555555555555,0.5666666666666667
0ec28b84ec399bd4dffbe8d1bc72b3c4,Ecuador,Germany,2026-06-25T20:00:00Z,smarkets,1.8,3.6,1.74,h2h,0.5555555555555556,0.2777777777777778,0.5747126436781609,0.3945578231292517,0.19727891156462585,0.4081632653061224
0ec28b84ec399bd4dffbe8d1bc72b3c4,Ecuador,Germany,2026-06-25T20:00:00Z,paddypower,5.0,3.8,1.67,h2h,0.2,0.2631578947368421,0.5988023952095809,0.18833095916429252,0.24780389363722696,0.5638651471984806
0ec28b84ec399bd4dffbe8d1bc72b3c4,Ecuador,Germany,2026-06-25T20:00:00Z,marathonbet,4.7,3.74,1.69,h2h,0.2127659574468085,0.267379679144385,0.591715976331361,0.19850133159137734,0.2494535450479875,0.5520451233606352
0ec28b84ec399bd4dffbe8d1bc72b3c4,Ecuador,Germany,2026-06-25T20:00:00Z,pinnacle,4.5,3.7,1.73,h2h,0.2222222222222222,0.27027027027027023,0.5780346820809249,0.20758204695810092,0.2524646517057984,0.5399533013361008
0ec28b84ec399bd4dffbe8d1bc72b3c4,Ecuador,Germany,2026-06-25T20:00:00Z,betonlineag,5.25,3.95,1.69,h2h,0.19047619047619047,0.2531645569620253,0.591715976331361,0.1839715588871588,0.2445191605462237,0.5715092805666175
0ec28b84ec399bd4dffbe8d1bc72b3c4,Ecuador,Germany,2026-06-25T20:00:00Z,unibet,4.6,3.65,1.72,h2h,0.2173913043478261,0.273972602739726,0.5813953488372093,0.20264686894770823,0.255390574564235,0.5419625564880568
0ec28b84ec399bd4dffbe8d1bc72b3c4,Ecuador,Germany,2026-06-25T20:00:00Z,casumo,4.7,3.75,1.75,h2h,0.2127659574468085,0.26666666666666666,0.5714285714285714,0.20246818357115312,0.25376012340917853,0.5437716930196683
0ec28b84ec399bd4dffbe8d1bc72b3c4,Ecuador,Germany,2026-06-25T20:00:00Z,leovegas_se,4.7,3.75,1.75,h2h,0.2127659574468085,0.26666666666666666,0.5714285714285714,0.20246818357115312,0.25376012340917853,0.5437716930196683
0ec28b84ec399bd4dffbe8d1bc72b3c4,Ecuador,Germany,2026-06-25T20:00:00Z,leovegas,4.7,3.75,1.75,h2h,0.2127659574468085,0.26666666666666666,0.5714285714285714,0.20246818357115312,0.25376012340917853,0.5437716930196683
0ec28b84ec399bd4dffbe8d1bc72b3c4,Ecuador,Germany,2026-06-25T20:00:00Z,tabtouch,4.6,3.65,1.72,h2h,0.2173913043478261,0.273972602739726,0.5813953488372093,0.20264686894770823,0.255390574564235,0.5419625564880568
0ec28b84ec399bd4dffbe8d1bc72b3c4,Ecuador,Germany,2026-06-25T20:00:00Z,unibet_nl,4.8,3.8,1.77,h2h,0.20833333333333334,0.2631578947368421,0.5649717514124294,0.20100412408104718,0.2538999462076385,0.5450959297113144
0ec28b84ec399bd4dffbe8d1bc72b3c4,Ecuador,Germany,2026-06-25T20:00:00Z,grosvenor,4.6,3.7,1.73,h2h,0.2173913043478261,0.27027027027027023,0.5780346820809249,0.20398992957073206,0.2536091016284776,0.5424009688007905
0ec28b84ec399bd4dffbe8d1bc72b3c4,Ecuador,Germany,2026-06-25T20:00:00Z,betrivers,4.7,3.75,1.75,h2h,0.2127659574468085,0.26666666666666666,0.5714285714285714,0.20246818357115312,0.25376012340917853,0.5437716930196683
0ec28b84ec399bd4dffbe8d1bc72b3c4,Ecuador,Germany,2026-06-25T20:00:00Z,unibet_se,4.8,3.8,1.76,h2h,0.20833333333333334,0.2631578947368421,0.5681818181818182,0.20038350910834132,0.25311601150527324,0.5465004793863855
0ec28b84ec399bd4dffbe8d1bc72b3c4,Ecuador,Germany,2026-06-25T20:00:00Z,pmu_fr,4.7,3.75,1.75,h2h,0.2127659574468085,0.26666666666666666,0.5714285714285714,0.20246818357115312,0.25376012340917853,0.5437716930196683
0ec28b84ec399bd4dffbe8d1bc72b3c4,Ecuador,Germany,2026-06-25T20:00:00Z,draftkings,4.7,3.85,1.74,h2h,0.2127659574468085,0.2597402597402597,0.5747126436781609,0.20317238869343687,0.2480286303530268,0.5487989809535363
0ec28b84ec399bd4dffbe8d1bc72b3c4,Ecuador,Germany,2026-06-25T20:00:00Z,mybookieag,4.8,3.75,1.66,h2h,0.20833333333333334,0.26666666666666666,0.6024096385542169,0.19336501723977262,0.24750722206690895,0.5591277606933185
0ec28b84ec399bd4dffbe8d1bc72b3c4,Ecuador,Germany,2026-06-25T20:00:00Z,betright,4.75,3.7,1.65,h2h,0.21052631578947367,0.27027027027027023,0.6060606060606061,0.19370191163639247,0.24867137304672005,0.5576267153168875
0ec28b84ec399bd4dffbe8d1bc72b3c4,Ecuador,Germany,2026-06-25T20:00:00Z,sport888,4.5,3.6,1.7,h2h,0.2222222222222222,0.2777777777777778,0.5882352941176471,0.20420420420420418,0.2552552552552552,0.5405405405405405
0ec28b84ec399bd4dffbe8d1bc72b3c4,Ecuador,Germany,2026-06-25T20:00:00Z,williamhill,4.6,3.6,1.73,h2h,0.2173913043478261,0.2777777777777778,0.5780346820809249,0.20256293501593703,0.2588304169648084,0.5386066480192545
0ec28b84ec399bd4dffbe8d1bc72b3c4,Ecuador,Germany,2026-06-25T20:00:00Z,everygame,4.75,3.85,1.73,h2h,0.21052631578947367,0.2597402597402597,0.5780346820809249,0.2008261597141608,0.24777253471227628,0.5514013055735629
0ec28b84ec399bd4dffbe8d1bc72b3c4,Ecuador,Germany,2026-06-25T20:00:00Z,boylesports,4.5,3.6,1.73,h2h,0.2222222222222222,0.2777777777777778,0.5780346820809249,0.20613643133750373,0.2576705391718797,0.5361930294906166
0ec28b84ec399bd4dffbe8d1bc72b3c4,Ecuador,Germany,2026-06-25T20:00:00Z,coral,4.8,3.9,1.67,h2h,0.20833333333333334,0.25641025641025644,0.5988023952095809,0.19588559054407653,0.2410899575927096,0.563024451863214
0ec28b84ec399bd4dffbe8d1bc72b3c4,Ecuador,Germany,2026-06-25T20:00:00Z,ladbrokes_uk,4.8,3.9,1.67,h2h,0.20833333333333334,0.25641025641025644,0.5988023952095809,0.19588559054407653,0.2410899575927096,0.563024451863214
0ec28b84ec399bd4dffbe8d1bc72b3c4,Ecuador,Germany,2026-06-25T20:00:00Z,ladbrokes_au,4.75,3.9,1.67,h2h,0.21052631578947367,0.25641025641025644,0.5988023952095809,0.19754022535296703,0.24059386421194706,0.5618659104350859
0ec28b84ec399bd4dffbe8d1bc72b3c4,Ecuador,Germany,2026-06-25T20:00:00Z,neds,4.75,3.9,1.67,h2h,0.21052631578947367,0.25641025641025644,0.5988023952095809,0.19754022535296703,0.24059386421194706,0.5618659104350859
0ec28b84ec399bd4dffbe8d1bc72b3c4,Ecuador,Germany,2026-06-25T20:00:00Z,bovada,4.6,3.75,1.75,h2h,0.2173913043478261,0.26666666666666666,0.5714285714285714,0.20596312279325227,0.2526480972930561,0.5413887799136916
0ec28b84ec399bd4dffbe8d1bc72b3c4,Ecuador,Germany,2026-06-25T20:00:00Z,betclic_fr,4.7,3.68,1.62,h2h,0.2127659574468085,0.2717391304347826,0.6172839506172839,0.19310952461161718,0.24663444719418498,0.560256028194198
0ec28b84ec399bd4dffbe8d1bc72b3c4,Ecuador,Germany,2026-06-25T20:00:00Z,winamax_de,4.3,3.55,1.58,h2h,0.23255813953488372,0.28169014084507044,0.6329113924050632,0.20272516987133152,0.24555443111175368,0.5517203990169148
0ec28b84ec399bd4dffbe8d1bc72b3c4,Ecuador,Germany,2026-06-25T20:00:00Z,tab,5.0,3.7,1.68,h2h,0.2,0.27027027027027023,0.5952380952380952,0.18770382896485086,0.25365382292547406,0.5586423481096751
0ec28b84ec399bd4dffbe8d1bc72b3c4,Ecuador,Germany,2026-06-25T20:00:00Z,tipico_de,4.6,3.8,1.75,h2h,0.2173913043478261,0.2631578947368421,0.5714285714285714,0.20665009322560599,0.25015537600994403,0.5431945307644499
0ed0233bddc4eafc8507f86a9c17b998,Japan,Sweden,2026-06-25T23:00:00Z,sportsbet,2.05,3.5,3.6,h2h,0.48780487804878053,0.2857142857142857,0.2777777777777778,0.46400294605045106,0.27177315411526415,0.2642238998342846
0ed0233bddc4eafc8507f86a9c17b998,Japan,Sweden,2026-06-25T23:00:00Z,betr_au,2.05,3.4,3.5,h2h,0.48780487804878053,0.29411764705882354,0.2857142857142857,0.4569015166058744,0.2754847379535419,0.26761374544058353
0ed0233bddc4eafc8507f86a9c17b998,Japan,Sweden,2026-06-25T23:00:00Z,winamax_de,1.94,3.15,3.15,h2h,0.5154639175257733,0.31746031746031744,0.31746031746031744,0.4480796586059745,0.2759601706970128,0.2759601706970128
0ed0233bddc4eafc8507f86a9c17b998,Japan,Sweden,2026-06-25T23:00:00Z,tipico_de,2.0,3.3,3.5,h2h,0.5,0.30303030303030304,0.2857142857142857,0.4592445328031809,0.2783300198807157,0.26242544731610334
0ed0233bddc4eafc8507f86a9c17b998,Japan,Sweden,2026-06-25T23:00:00Z,unibet_uk,2.08,3.3,3.5,h2h,0.4807692307692307,0.30303030303030304,0.2857142857142857,0.44952128901689103,0.28333463065307074,0.2671440803300381
0ed0233bddc4eafc8507f86a9c17b998,Japan,Sweden,2026-06-25T23:00:00Z,winamax_fr,1.9,3.05,3.05,h2h,0.5263157894736842,0.3278688524590164,0.3278688524590164,0.44525547445255464,0.2773722627737226,0.2773722627737226
0ed0233bddc4eafc8507f86a9c17b998,Japan,Sweden,2026-06-25T23:00:00Z,fanduel,2.05,3.5,3.6,h2h,0.48780487804878053,0.2857142857142857,0.2777777777777778,0.46400294605045106,0.27177315411526415,0.2642238998342846
0ed0233bddc4eafc8507f86a9c17b998,Japan,Sweden,2026-06-25T23:00:00Z,gtbets,2.1,3.53,3.59,h2h,0.47619047619047616,0.28328611898017,0.2785515320334262,0.45874525334211774,0.2729079410817131,0.2683468055761692
0ed0233bddc4eafc8507f86a9c17b998,Japan,Sweden,2026-06-25T23:00:00Z,skybet,2.05,3.4,3.5,h2h,0.48780487804878053,0.29411764705882354,0.2857142857142857,0.4569015166058744,0.2754847379535419,0.26761374544058353
0ed0233bddc4eafc8507f86a9c17b998,Japan,Sweden,2026-06-25T23:00:00Z,betfred_uk,2.05,3.4,3.6,h2h,0.48780487804878053,0.29411764705882354,0.2777777777777778,0.4603234298608499,0.27754795035727714,0.26212861978187285
0ed0233bddc4eafc8507f86a9c17b998,Japan,Sweden,2026-06-25T23:00:00Z,paddypower,2.0,3.4,3.5,h2h,0.5,0.29411764705882354,0.2857142857142857,0.4630350194552528,0.2723735408560311,0.2645914396887159
0ed0233bddc4eafc8507f86a9c17b998,Japan,Sweden,2026-06-25T23:00:00Z,smarkets,2.04,3.35,3.15,h2h,0.49019607843137253,0.29850746268656714,0.31746031746031744,0.4431496062992126,0.2698582677165354,0.28699212598425194
0ed0233bddc4eafc8507f86a9c17b998,Japan,Sweden,2026-06-25T23:00:00Z,marathonbet,2.06,3.34,3.48,h2h,0.4854368932038835,0.29940119760479045,0.28735632183908044,0.4527508141038626,0.27924152007603503,0.26800766582010255
0ed0233bddc4eafc8507f86a9c17b998,Japan,Sweden,2026-06-25T23:00:00Z,pinnacle,2.05,3.38,3.52,h2h,0.48780487804878053,0.2958579881656805,0.2840909090909091,0.4568514664434427,0.27708446929262054,0.2660640642639368
0ed0233bddc4eafc8507f86a9c17b998,Japan,Sweden,2026-06-25T23:00:00Z,betonlineag,2.08,3.5,3.73,h2h,0.4807692307692307,0.2857142857142857,0.2680965147453083,0.46469989392526356,0.27616450838987094,0.25913559768486555
0ed0233bddc4eafc8507f86a9c17b998,Japan,Sweden,2026-06-25T23:00:00Z,unibet_se,2.08,3.45,3.7,h2h,0.4807692307692307,0.2898550724637681,0.27027027027027023,0.46188081195498787,0.27846727213518113,0.259651915909831
0ed0233bddc4eafc8507f86a9c17b998,Japan,Sweden,2026-06-25T23:00:00Z,unibet,2.04,3.3,3.55,h2h,0.49019607843137253,0.30303030303030304,0.28169014084507044,0.4560317645684923,0.28191054536961346,0.2620576900618942
0ed0233bddc4eafc8507f86a9c17b998,Japan,Sweden,2026-06-25T23:00:00Z,leovegas,2.07,3.4,3.65,h2h,0.48309178743961356,0.29411764705882354,0.273972602739726,0.45957005573351606,0.27979706334364063,0.2606328809228433
0ed0233bddc4eafc8507f86a9c17b998,Japan,Sweden,2026-06-25T23:00:00Z,casumo,2.07,3.4,3.65,h2h,0.48309178743961356,0.29411764705882354,0.273972602739726,0.45957005573351606,0.27979706334364063,0.2606328809228433
0ed0233bddc4eafc8507f86a9c17b998,Japan,Sweden,2026-06-25T23:00:00Z,unibet_nl,2.1,3.45,3.7,h2h,0.47619047619047616,0.2898550724637681,0.27027027027027023,0.45950323974082075,0.27969762419006483,0.2607991360691144
0ed0233bddc4eafc8507f86a9c17b998,Japan,Sweden,2026-06-25T23:00:00Z,grosvenor,2.05,3.35,3.6,h2h,0.48780487804878053,0.29850746268656714,0.2777777777777778,0.45842440368716153,0.28052836643542717,0.2610472298774114
0ed0233bddc4eafc8507f86a9c17b998,Japan,Sweden,2026-06-25T23:00:00Z,tabtouch,2.04,3.3,3.55,h2h,0.49019607843137253,0.30303030303030304,0.28169014084507044,0.4560317645684923,0.28191054536961346,0.2620576900618942
0ed0233bddc4eafc8507f86a9c17b998,Japan,Sweden,2026-06-25T23:00:00Z,betrivers,2.07,3.4,3.65,h2h,0.48309178743961356,0.29411764705882354,0.273972602739726,0.45957005573351606,0.27979706334364063,0.2606328809228433
0ed0233bddc4eafc8507f86a9c17b998,Japan,Sweden,2026-06-25T23:00:00Z,leovegas_se,2.07,3.4,3.65,h2h,0.48309178743961356,0.29411764705882354,0.273972602739726,0.45957005573351606,0.27979706334364063,0.2606328809228433
0ed0233bddc4eafc8507f86a9c17b998,Japan,Sweden,2026-06-25T23:00:00Z,draftkings,2.05,3.45,3.65,h2h,0.48780487804878053,0.2898550724637681,0.273972602739726,0.4638548669306566,0.2756239064370568,0.26052122663228655
0ed0233bddc4eafc8507f86a9c17b998,Japan,Sweden,2026-06-25T23:00:00Z,mybookieag,2.06,3.28,3.44,h2h,0.4854368932038835,0.3048780487804878,0.29069767441860467,0.44905756495160465,0.2820300560366785,0.2689123790117167
0ed0233bddc4eafc8507f86a9c17b998,Japan,Sweden,2026-06-25T23:00:00Z,betright,2.0,3.3,3.45,h2h,0.5,0.30303030303030304,0.2898550724637681,0.45750452079566006,0.2772754671488849,0.26522001205545515
0ed0233bddc4eafc8507f86a9c17b998,Japan,Sweden,2026-06-25T23:00:00Z,sport888,2.05,3.25,3.4,h2h,0.48780487804878053,0.3076923076923077,0.29411764705882354,0.4476856072115872,0.2823863060873088,0.269928086701104
0ed0233bddc4eafc8507f86a9c17b998,Japan,Sweden,2026-06-25T23:00:00Z,williamhill,2.05,3.3,3.5,h2h,0.48780487804878053,0.30303030303030304,0.2857142857142857,0.453118870145155,0.28148293448411144,0.2653981953707336
0ed0233bddc4eafc8507f86a9c17b998,Japan,Sweden,2026-06-25T23:00:00Z,everygame,2.1,3.45,3.6,h2h,0.47619047619047616,0.2898550724637681,0.2777777777777778,0.456198347107438,0.2776859504132232,0.26611570247933886
0ed0233bddc4eafc8507f86a9c17b998,Japan,Sweden,2026-06-25T23:00:00Z,boylesports,2.0,3.3,3.5,h2h,0.5,0.30303030303030304,0.2857142857142857,0.4592445328031809,0.2783300198807157,0.26242544731610334
0ed0233bddc4eafc8507f86a9c17b998,Japan,Sweden,2026-06-25T23:00:00Z,ladbrokes_au,2.1,3.35,3.45,h2h,0.47619047619047616,0.29850746268656714,0.2898550724637681,0.44731494920174164,0.2804063860667634,0.2722786647314949
0ed0233bddc4eafc8507f86a9c17b998,Japan,Sweden,2026-06-25T23:00:00Z,ladbrokes_uk,2.1,3.4,3.5,h2h,0.47619047619047616,0.29411764705882354,0.2857142857142857,0.4509283819628648,0.2785145888594165,0.27055702917771884
0ed0233bddc4eafc8507f86a9c17b998,Japan,Sweden,2026-06-25T23:00:00Z,neds,2.1,3.35,3.45,h2h,0.47619047619047616,0.29850746268656714,0.2898550724637681,0.44731494920174164,0.2804063860667634,0.2722786647314949
0ed0233bddc4eafc8507f86a9c17b998,Japan,Sweden,2026-06-25T23:00:00Z,coral,2.1,3.4,3.5,h2h,0.47619047619047616,0.29411764705882354,0.2857142857142857,0.4509283819628648,0.2785145888594165,0.27055702917771884
0ed0233bddc4eafc8507f86a9c17b998,Japan,Sweden,2026-06-25T23:00:00Z,bovada,2.07,3.4,3.55,h2h,0.48309178743961356,0.29411764705882354,0.28169014084507044,0.45622058851321984,0.27775782888893086,0.2660215825978493
0ed0233bddc4eafc8507f86a9c17b998,Japan,Sweden,2026-06-25T23:00:00Z,betclic_fr,2.0,3.25,3.4,h2h,0.5,0.3076923076923077,0.29411764705882354,0.45379876796714574,0.2792607802874743,0.2669404517453799
0ed0233bddc4eafc8507f86a9c17b998,Japan,Sweden,2026-06-25T23:00:00Z,tab,2.1,3.3,3.5,h2h,0.47619047619047616,0.30303030303030304,0.2857142857142857,0.4471544715447154,0.2845528455284553,0.26829268292682923
f3c4657daa143a0c5bd62cb370d01ce4,Tunisia,Netherlands,2026-06-25T23:00:00Z,sportsbet,6.5,4.2,1.47,h2h,0.15384615384615385,0.23809523809523808,0.6802721088435374,0.14348462664714495,0.22205954123962907,0.634455832113226
f3c4657daa143a0c5bd62cb370d01ce4,Tunisia,Netherlands,2026-06-25T23:00:00Z,skybet,6.5,4.0,1.5,h2h,0.15384615384615385,0.25,0.6666666666666666,0.14371257485029942,0.23353293413173654,0.6227544910179641
f3c4657daa143a0c5bd62cb370d01ce4,Tunisia,Netherlands,2026-06-25T23:00:00Z,unibet_uk,6.0,4.2,1.5,h2h,0.16666666666666666,0.23809523809523808,0.6666666666666666,0.15555555555555556,0.2222222222222222,0.6222222222222222
f3c4657daa143a0c5bd62cb370d01ce4,Tunisia,Netherlands,2026-06-25T23:00:00Z,betfred_uk,6.5,4.2,1.5,h2h,0.15384615384615385,0.23809523809523808,0.6666666666666666,0.1453287197231834,0.22491349480968856,0.629757785467128
f3c4657daa143a0c5bd62cb370d01ce4,Tunisia,Netherlands,2026-06-25T23:00:00Z,winamax_fr,5.0,3.7,1.39,h2h,0.2,0.27027027027027023,0.7194244604316548,0.16811035204131664,0.2271761514071846,0.6047134965514988
f3c4657daa143a0c5bd62cb370d01ce4,Tunisia,Netherlands,2026-06-25T23:00:00Z,smarkets,4.8,4.0,1.51,h2h,0.20833333333333334,0.25,0.6622516556291391,0.18591479931051466,0.2230977591726176,0.5909874415168678
f3c4657daa143a0c5bd62cb370d01ce4,Tunisia,Netherlands,2026-06-25T23:00:00Z,fanduel,6.5,4.2,1.5,h2h,0.15384615384615385,0.23809523809523808,0.6666666666666666,0.1453287197231834,0.22491349480968856,0.629757785467128
f3c4657daa143a0c5bd62cb370d01ce4,Tunisia,Netherlands,2026-06-25T23:00:00Z,gtbets,6.14,4.12,1.61,h2h,0.16286644951140067,0.24271844660194175,0.6211180124223602,0.15863055238022356,0.2364057261200419,0.6049637214997344
f3c4657daa143a0c5bd62cb370d01ce4,Tunisia,Netherlands,2026-06-25T23:00:00Z,betr_au,6.75,4.1,1.48,h2h,0.14814814814814814,0.24390243902439027,0.6756756756756757,0.13875105755379233,0.22843161914343862,0.6328173233027691
f3c4657daa143a0c5bd62cb370d01ce4,Tunisia,Netherlands,2026-06-25T23:00:00Z,paddypower,6.5,4.2,1.5,h2h,0.15384615384615385,0.23809523809523808,0.6666666666666666,0.1453287197231834,0.22491349480968856,0.629757785467128
f3c4657daa143a0c5bd62cb370d01ce4,Tunisia,Netherlands,2026-06-25T23:00:00Z,marathonbet,6.5,4.2,1.47,h2h,0.15384615384615385,0.23809523809523808,0.6802721088435374,0.14348462664714495,0.22205954123962907,0.634455832113226
f3c4657daa143a0c5bd62cb370d01ce4,Tunisia,Netherlands,2026-06-25T23:00:00Z,pinnacle,6.28,4.22,1.47,h2h,0.1592356687898089,0.23696682464454977,0.6802721088435374,0.14792329373387444,0.22013229494045772,0.6319444113256677
f3c4657daa143a0c5bd62cb370d01ce4,Tunisia,Netherlands,2026-06-25T23:00:00Z,betonlineag,7.0,4.22,1.53,h2h,0.14285714285714285,0.23696682464454977,0.6535947712418301,0.13823742254841925,0.2293037814784206,0.6324587959731601
f3c4657daa143a0c5bd62cb370d01ce4,Tunisia,Netherlands,2026-06-25T23:00:00Z,unibet_se,6.75,4.4,1.5,h2h,0.14814814814814814,0.22727272727272727,0.6666666666666666,0.1421647819063005,0.21809369951534735,0.6397415185783523
f3c4657daa143a0c5bd62cb370d01ce4,Tunisia,Netherlands,2026-06-25T23:00:00Z,unibet,6.4,4.2,1.47,h2h,0.15625,0.23809523809523808,0.6802721088435374,0.1454005934718101,0.2215628090999011,0.6330365974282889
f3c4657daa143a0c5bd62cb370d01ce4,Tunisia,Netherlands,2026-06-25T23:00:00Z,leovegas,6.75,4.35,1.49,h2h,0.14814814814814814,0.2298850574712644,0.6711409395973155,0.14120453579948367,0.21911048658540572,0.6396849776151106
f3c4657daa143a0c5bd62cb370d01ce4,Tunisia,Netherlands,2026-06-25T23:00:00Z,casumo,6.75,4.35,1.49,h2h,0.14814814814814814,0.2298850574712644,0.6711409395973155,0.14120453579948367,0.21911048658540572,0.6396849776151106
f3c4657daa143a0c5bd62cb370d01ce4,Tunisia,Netherlands,2026-06-25T23:00:00Z,unibet_nl,7.0,4.4,1.5,h2h,0.14285714285714285,0.22727272727272727,0.6666666666666666,0.13778705636743213,0.21920668058455114,0.6430062630480167
f3c4657daa143a0c5bd62cb370d01ce4,Tunisia,Netherlands,2026-06-25T23:00:00Z,grosvenor,6.5,4.25,1.48,h2h,0.15384615384615385,0.23529411764705882,0.6756756756756757,0.14448145170552432,0.22097163202021364,0.6345469162742621
f3c4657daa143a0c5bd62cb370d01ce4,Tunisia,Netherlands,2026-06-25T23:00:00Z,tabtouch,6.4,4.2,1.47,h2h,0.15625,0.23809523809523808,0.6802721088435374,0.1454005934718101,0.2215628090999011,0.6330365974282889
f3c4657daa143a0c5bd62cb370d01ce4,Tunisia,Netherlands,2026-06-25T23:00:00Z,betrivers,6.75,4.35,1.49,h2h,0.14814814814814814,0.2298850574712644,0.6711409395973155,0.14120453579948367,0.21911048658540572,0.6396849776151106
f3c4657daa143a0c5bd62cb370d01ce4,Tunisia,Netherlands,2026-06-25T23:00:00Z,leovegas_se,6.75,4.35,1.49,h2h,0.14814814814814814,0.2298850574712644,0.6711409395973155,0.14120453579948367,0.21911048658540572,0.6396849776151106
f3c4657daa143a0c5bd62cb370d01ce4,Tunisia,Netherlands,2026-06-25T23:00:00Z,draftkings,6.5,4.3,1.51,h2h,0.15384615384615385,0.23255813953488372,0.6622516556291391,0.14670793980749242,0.2217678159880699,0.6315242442044375
f3c4657daa143a0c5bd62cb370d01ce4,Tunisia,Netherlands,2026-06-25T23:00:00Z,mybookieag,6.0,4.1,1.49,h2h,0.16666666666666666,0.24390243902439027,0.6711409395973155,0.1540770259022926,0.22547857449115996,0.6204443996065475
f3c4657daa143a0c5bd62cb370d01ce4,Tunisia,Netherlands,2026-06-25T23:00:00Z,betright,6.5,3.95,1.47,h2h,0.15384615384615385,0.2531645569620253,0.6802721088435374,0.14149598528139584,0.23284149476685387,0.6256625199517503
f3c4657daa143a0c5bd62cb370d01ce4,Tunisia,Netherlands,2026-06-25T23:00:00Z,sport888,6.0,3.9,1.5,h2h,0.16666666666666666,0.25641025641025644,0.6666666666666666,0.15294117647058822,0.23529411764705882,0.6117647058823529
f3c4657daa143a0c5bd62cb370d01ce4,Tunisia,Netherlands,2026-06-25T23:00:00Z,williamhill,6.0,4.0,1.5,h2h,0.16666666666666666,0.25,0.6666666666666666,0.15384615384615385,0.23076923076923078,0.6153846153846154
f3c4657daa143a0c5bd62cb370d01ce4,Tunisia,Netherlands,2026-06-25T23:00:00Z,everygame,6.5,4.4,1.5,h2h,0.15384615384615385,0.22727272727272727,0.6666666666666666,0.1468298109010011,0.21690767519466073,0.6362625139043381
f3c4657daa143a0c5bd62cb370d01ce4,Tunisia,Netherlands,2026-06-25T23:00:00Z,boylesports,6.5,4.0,1.44,h2h,0.15384615384615385,0.25,0.6944444444444444,0.14007782101167315,0.22762645914396884,0.632295719844358
f3c4657daa143a0c5bd62cb370d01ce4,Tunisia,Netherlands,2026-06-25T23:00:00Z,coral,6.0,4.2,1.53,h2h,0.16666666666666666,0.23809523809523808,0.6535947712418301,0.15747684164093514,0.22496691662990734,0.6175562417291575
f3c4657daa143a0c5bd62cb370d01ce4,Tunisia,Netherlands,2026-06-25T23:00:00Z,ladbrokes_uk,6.0,4.0,1.53,h2h,0.16666666666666666,0.25,0.6535947712418301,0.15572519083969466,0.233587786259542,0.6106870229007634
f3c4657daa143a0c5bd62cb370d01ce4,Tunisia,Netherlands,2026-06-25T23:00:00Z,ladbrokes_au,6.0,4.0,1.53,h2h,0.16666666666666666,0.25,0.6535947712418301,0.15572519083969466,0.233587786259542,0.6106870229007634
f3c4657daa143a0c5bd62cb370d01ce4,Tunisia,Netherlands,2026-06-25T23:00:00Z,neds,6.0,4.0,1.53,h2h,0.16666666666666666,0.25,0.6535947712418301,0.15572519083969466,0.233587786259542,0.6106870229007634
f3c4657daa143a0c5bd62cb370d01ce4,Tunisia,Netherlands,2026-06-25T23:00:00Z,bovada,6.5,4.35,1.49,h2h,0.15384615384615385,0.2298850574712644,0.6711409395973155,0.14584341212605337,0.21792693765961998,0.6362296502143268
f3c4657daa143a0c5bd62cb370d01ce4,Tunisia,Netherlands,2026-06-25T23:00:00Z,betclic_fr,5.9,4.05,1.46,h2h,0.1694915254237288,0.2469135802469136,0.684931506849315,0.15389620529904743,0.22419447191713085,0.6219093227838218
f3c4657daa143a0c5bd62cb370d01ce4,Tunisia,Netherlands,2026-06-25T23:00:00Z,winamax_de,5.3,3.95,1.43,h2h,0.18867924528301888,0.2531645569620253,0.6993006993006994,0.16534211489206002,0.22185144529820705,0.6128064398097329
f3c4657daa143a0c5bd62cb370d01ce4,Tunisia,Netherlands,2026-06-25T23:00:00Z,tab,6.5,3.9,1.52,h2h,0.15384615384615385,0.25641025641025644,0.6578947368421053,0.14403032217308906,0.24005053695514844,0.6159191408717625
f3c4657daa143a0c5bd62cb370d01ce4,Tunisia,Netherlands,2026-06-25T23:00:00Z,tipico_de,6.5,4.0,1.47,h2h,0.15384615384615385,0.25,0.6802721088435374,0.14190901411849885,0.23060214794256065,0.6274888379389405
22f6ac06dfcc88a847920f62633e6459,Paraguay,Australia,2026-06-26T02:00:00Z,sportsbet,2.1,3.3,3.6,h2h,0.47619047619047616,0.30303030303030304,0.2777777777777778,0.4505119453924914,0.28668941979522183,0.26279863481228666
22f6ac06dfcc88a847920f62633e6459,Paraguay,Australia,2026-06-26T02:00:00Z,winamax_de,2.0,3.05,3.1,h2h,0.5,0.3278688524590164,0.3225806451612903,0.43461273270512524,0.28499195587221327,0.28039531142266144
22f6ac06dfcc88a847920f62633e6459,Paraguay,Australia,2026-06-26T02:00:00Z,neds,2.15,3.25,3.4,h2h,0.46511627906976744,0.3076923076923077,0.29411764705882354,0.4359404280501035,0.2883913600946839,0.27566821185521256
22f6ac06dfcc88a847920f62633e6459,Paraguay,Australia,2026-06-26T02:00:00Z,winamax_fr,1.96,2.95,2.95,h2h,0.5102040816326531,0.3389830508474576,0.3389830508474576,0.42940320232896656,0.2852983988355168,0.2852983988355168
22f6ac06dfcc88a847920f62633e6459,Paraguay,Australia,2026-06-26T02:00:00Z,ladbrokes_au,2.15,3.25,3.4,h2h,0.46511627906976744,0.3076923076923077,0.29411764705882354,0.4359404280501035,0.2883913600946839,0.27566821185521256
22f6ac06dfcc88a847920f62633e6459,Paraguay,Australia,2026-06-26T02:00:00Z,tipico_de,2.1,3.1,3.5,h2h,0.47619047619047616,0.3225806451612903,0.2857142857142857,0.4390934844192634,0.29745042492917845,0.263456090651558
22f6ac06dfcc88a847920f62633e6459,Paraguay,Australia,2026-06-26T02:00:00Z,unibet_uk,2.15,3.2,3.4,h2h,0.46511627906976744,0.3125,0.29411764705882354,0.43398484244116475,0.29158356601515756,0.2744315915436777
22f6ac06dfcc88a847920f62633e6459,Paraguay,Australia,2026-06-26T02:00:00Z,fanduel,2.1,3.3,3.6,h2h,0.47619047619047616,0.30303030303030304,0.2777777777777778,0.4505119453924914,0.28668941979522183,0.26279863481228666
22f6ac06dfcc88a847920f62633e6459,Paraguay,Australia,2026-06-26T02:00:00Z,tab,2.2,3.1,3.4,h2h,0.45454545454545453,0.3225806451612903,0.29411764705882354,0.4243156199677939,0.30112721417069244,0.2745571658615137
22f6ac06dfcc88a847920f62633e6459,Paraguay,Australia,2026-06-26T02:00:00Z,gtbets,2.18,3.31,3.47,h2h,0.4587155963302752,0.3021148036253776,0.2881844380403458,0.4372822763942877,0.28799859895454594,0.2747191246511663
22f6ac06dfcc88a847920f62633e6459,Paraguay,Australia,2026-06-26T02:00:00Z,skybet,2.05,3.25,3.5,h2h,0.48780487804878053,0.3076923076923077,0.2857142857142857,0.451165096678235,0.2845810609816559,0.264253842340109
22f6ac06dfcc88a847920f62633e6459,Paraguay,Australia,2026-06-26T02:00:00Z,paddypower,2.1,3.3,3.5,h2h,0.47619047619047616,0.30303030303030304,0.2857142857142857,0.4471544715447154,0.2845528455284553,0.26829268292682923
22f6ac06dfcc88a847920f62633e6459,Paraguay,Australia,2026-06-26T02:00:00Z,betfred_uk,2.15,3.25,3.5,h2h,0.46511627906976744,0.3076923076923077,0.2857142857142857,0.43940125543215836,0.2906808305166586,0.269917914051183
22f6ac06dfcc88a847920f62633e6459,Paraguay,Australia,2026-06-26T02:00:00Z,betr_au,2.1,3.2,3.5,h2h,0.47619047619047616,0.3125,0.2857142857142857,0.44321329639889195,0.29085872576177285,0.2659279778393352
22f6ac06dfcc88a847920f62633e6459,Paraguay,Australia,2026-06-26T02:00:00Z,smarkets,2.12,2.94,3.35,h2h,0.4716981132075471,0.3401360544217687,0.29850746268656714,0.4248225053701291,0.3063345957090727,0.2688428989207981
22f6ac06dfcc88a847920f62633e6459,Paraguay,Australia,2026-06-26T02:00:00Z,marathonbet,2.18,3.15,3.38,h2h,0.4587155963302752,0.31746031746031744,0.2958579881656805,0.42789280776773947,0.2961289907725943,0.27597820145966634
22f6ac06dfcc88a847920f62633e6459,Paraguay,Australia,2026-06-26T02:00:00Z,pinnacle,2.12,3.17,3.57,h2h,0.4716981132075471,0.31545741324921134,0.2801120448179272,0.44196799931265307,0.2955748134204494,0.26245718726689765
22f6ac06dfcc88a847920f62633e6459,Paraguay,Australia,2026-06-26T02:00:00Z,betonlineag,2.23,3.2,3.65,h2h,0.4484304932735426,0.3125,0.273972602739726,0.4333067463040938,0.3019606388306654,0.26473261486524086
22f6ac06dfcc88a847920f62633e6459,Paraguay,Australia,2026-06-26T02:00:00Z,unibet_se,2.2,3.3,3.5,h2h,0.45454545454545453,0.30303030303030304,0.2857142857142857,0.4356846473029045,0.2904564315352697,0.2738589211618257
22f6ac06dfcc88a847920f62633e6459,Paraguay,Australia,2026-06-26T02:00:00Z,unibet,2.16,3.2,3.35,h2h,0.4629629629629629,0.3125,0.29850746268656714,0.4310760817114364,0.29097635515521963,0.27794756313334407
22f6ac06dfcc88a847920f62633e6459,Paraguay,Australia,2026-06-26T02:00:00Z,leovegas,2.2,3.25,3.45,h2h,0.45454545454545453,0.3076923076923077,0.2898550724637681,0.4320393025720065,0.2924573740487429,0.27550332337925054
22f6ac06dfcc88a847920f62633e6459,Paraguay,Australia,2026-06-26T02:00:00Z,casumo,2.2,3.25,3.45,h2h,0.45454545454545453,0.3076923076923077,0.2898550724637681,0.4320393025720065,0.2924573740487429,0.27550332337925054
22f6ac06dfcc88a847920f62633e6459,Paraguay,Australia,2026-06-26T02:00:00Z,unibet_nl,2.23,3.3,3.5,h2h,0.4484304932735426,0.30303030303030304,0.2857142857142857,0.4323575653215542,0.2921689002021412,0.2754735344763045
22f6ac06dfcc88a847920f62633e6459,Paraguay,Australia,2026-06-26T02:00:00Z,grosvenor,2.17,3.2,3.4,h2h,0.4608294930875576,0.3125,0.29411764705882354,0.43171176890722956,0.29275454329021505,0.2755336878025553
22f6ac06dfcc88a847920f62633e6459,Paraguay,Australia,2026-06-26T02:00:00Z,tabtouch,2.16,3.2,3.35,h2h,0.4629629629629629,0.3125,0.29850746268656714,0.4310760817114364,0.29097635515521963,0.27794756313334407
22f6ac06dfcc88a847920f62633e6459,Paraguay,Australia,2026-06-26T02:00:00Z,betrivers,2.2,3.25,3.45,h2h,0.45454545454545453,0.3076923076923077,0.2898550724637681,0.4320393025720065,0.2924573740487429,0.27550332337925054
22f6ac06dfcc88a847920f62633e6459,Paraguay,Australia,2026-06-26T02:00:00Z,leovegas_se,2.2,3.25,3.45,h2h,0.45454545454545453,0.3076923076923077,0.2898550724637681,0.4320393025720065,0.2924573740487429,0.27550332337925054
22f6ac06dfcc88a847920f62633e6459,Paraguay,Australia,2026-06-26T02:00:00Z,draftkings,2.15,3.25,3.6,h2h,0.46511627906976744,0.3076923076923077,0.2777777777777778,0.4427206508371961,0.29287673824614513,0.2644026109166588
22f6ac06dfcc88a847920f62633e6459,Paraguay,Australia,2026-06-26T02:00:00Z,mybookieag,2.15,3.16,3.36,h2h,0.46511627906976744,0.3164556962025316,0.2976190476190476,0.4309860527042167,0.29323418142850183,0.27577976586728153
22f6ac06dfcc88a847920f62633e6459,Paraguay,Australia,2026-06-26T02:00:00Z,betright,2.1,3.15,3.4,h2h,0.47619047619047616,0.31746031746031744,0.29411764705882354,0.43776824034334766,0.2918454935622318,0.2703862660944206
22f6ac06dfcc88a847920f62633e6459,Paraguay,Australia,2026-06-26T02:00:00Z,everygame,2.15,3.2,3.65,h2h,0.46511627906976744,0.3125,0.273972602739726,0.4422985894158857,0.2971693647637982,0.2605320458203162
22f6ac06dfcc88a847920f62633e6459,Paraguay,Australia,2026-06-26T02:00:00Z,sport888,2.15,3.0,3.3,h2h,0.46511627906976744,0.3333333333333333,0.30303030303030304,0.4222648752399232,0.3026231605886116,0.2751119641714651
22f6ac06dfcc88a847920f62633e6459,Paraguay,Australia,2026-06-26T02:00:00Z,williamhill,2.2,3.0,3.4,h2h,0.45454545454545453,0.3333333333333333,0.29411764705882354,0.4200988467874794,0.3080724876441515,0.27182866556836904
22f6ac06dfcc88a847920f62633e6459,Paraguay,Australia,2026-06-26T02:00:00Z,boylesports,2.1,3.1,3.6,h2h,0.47619047619047616,0.3225806451612903,0.2777777777777778,0.4423305588585017,0.29964328180737215,0.25802615933412604
22f6ac06dfcc88a847920f62633e6459,Paraguay,Australia,2026-06-26T02:00:00Z,ladbrokes_uk,2.15,3.25,3.4,h2h,0.46511627906976744,0.3076923076923077,0.29411764705882354,0.4359404280501035,0.2883913600946839,0.27566821185521256
22f6ac06dfcc88a847920f62633e6459,Paraguay,Australia,2026-06-26T02:00:00Z,coral,2.2,3.25,3.4,h2h,0.45454545454545453,0.3076923076923077,0.29411764705882354,0.43029595015576316,0.29127725856697817,0.27842679127725856
22f6ac06dfcc88a847920f62633e6459,Paraguay,Australia,2026-06-26T02:00:00Z,bovada,2.14,3.2,3.6,h2h,0.4672897196261682,0.3125,0.2777777777777778,0.44185332924209875,0.29548941393065353,0.2626572568272476
22f6ac06dfcc88a847920f62633e6459,Paraguay,Australia,2026-06-26T02:00:00Z,betclic_fr,2.08,3.13,3.32,h2h,0.4807692307692307,0.3194888178913738,0.30120481927710846,0.4364824677833969,0.29005863673784843,0.27345889547875474
f41aeac9a8343a84b4950f15ea25fba2,Turkey,USA,2026-06-26T02:00:00Z,sportsbet,2.7,3.5,2.5,h2h,0.37037037037037035,0.2857142857142857,0.4,0.3507014028056112,0.2705410821643286,0.3787575150300601
f41aeac9a8343a84b4950f15ea25fba2,Turkey,USA,2026-06-26T02:00:00Z,winamax_fr,2.4,3.1,2.25,h2h,0.4166666666666667,0.3225806451612903,0.4444444444444444,0.3520060560181681,0.27252081756245267,0.37547312641937924
f41aeac9a8343a84b4950f15ea25fba2,Turkey,USA,2026-06-26T02:00:00Z,gtbets,2.71,3.41,2.59,h2h,0.36900369003690037,0.29325513196480935,0.3861003861003861,0.35198211374985555,0.279727720897979,0.36829016535216547
f41aeac9a8343a84b4950f15ea25fba2,Turkey,USA,2026-06-26T02:00:00Z,unibet_uk,2.7,3.35,2.5,h2h,0.37037037037037035,0.29850746268656714,0.4,0.34650393049234585,0.27927182457592054,0.37422424493173356
f41aeac9a8343a84b4950f15ea25fba2,Turkey,USA,2026-06-26T02:00:00Z,betfred_uk,2.75,3.4,2.5,h2h,0.36363636363636365,0.29411764705882354,0.4,0.3437815975733064,0.27805864509605666,0.37815975733063706
f41aeac9a8343a84b4950f15ea25fba2,Turkey,USA,2026-06-26T02:00:00Z,betr_au,2.7,3.4,2.45,h2h,0.37037037037037035,0.29411764705882354,0.4081632653061224,0.34528497409326425,0.27419689119170987,0.3805181347150259
f41aeac9a8343a84b4950f15ea25fba2,Turkey,USA,2026-06-26T02:00:00Z,skybet,2.63,3.4,2.5,h2h,0.3802281368821293,0.29411764705882354,0.4,0.3539159761835367,0.2737644168713828,0.37231960694508065
f41aeac9a8343a84b4950f15ea25fba2,Turkey,USA,2026-06-26T02:00:00Z,fanduel,2.7,3.5,2.5,h2h,0.37037037037037035,0.2857142857142857,0.4,0.3507014028056112,0.2705410821643286,0.3787575150300601
f41aeac9a8343a84b4950f15ea25fba2,Turkey,USA,2026-06-26T02:00:00Z,smarkets,2.6,3.35,2.38,h2h,0.3846153846153846,0.29850746268656714,0.42016806722689076,0.3486074067596519,0.2705609724104761,0.3808316208298719
f41aeac9a8343a84b4950f15ea25fba2,Turkey,USA,2026-06-26T02:00:00Z,paddypower,2.7,3.4,2.5,h2h,0.37037037037037035,0.29411764705882354,0.4,0.34793286942284074,0.2762996316004912,0.375767498976668
f41aeac9a8343a84b4950f15ea25fba2,Turkey,USA,2026-06-26T02:00:00Z,marathonbet,2.63,3.42,2.5,h2h,0.3802281368821293,0.29239766081871343,0.4,0.35448349060515105,0.27259987727823015,0.3729166321166189
f41aeac9a8343a84b4950f15ea25fba2,Turkey,USA,2026-06-26T02:00:00Z,pinnacle,2.59,3.51,2.53,h2h,0.3861003861003861,0.2849002849002849,0.3952569169960475,0.3621079844559796,0.2671964899546972,0.37069552558932306
f41aeac9a8343a84b4950f15ea25fba2,Turkey,USA,2026-06-26T02:00:00Z,betonlineag,2.75,3.5,2.6,h2h,0.36363636363636365,0.2857142857142857,0.3846153846153846,0.3516908212560387,0.2763285024154589,0.3719806763285024
f41aeac9a8343a84b4950f15ea25fba2,Turkey,USA,2026-06-26T02:00:00Z,unibet_se,2.75,3.45,2.6,h2h,0.36363636363636365,0.2898550724637681,0.3846153846153846,0.3502880015620424,0.27921507370887433,0.37049692472908324
f41aeac9a8343a84b4950f15ea25fba2,Turkey,USA,2026-06-26T02:00:00Z,unibet,2.65,3.3,2.55,h2h,0.37735849056603776,0.30303030303030304,0.3921568627450981,0.35183443085606775,0.28253370962684227,0.36563185951709004
f41aeac9a8343a84b4950f15ea25fba2,Turkey,USA,2026-06-26T02:00:00Z,leovegas,2.7,3.4,2.6,h2h,0.37037037037037035,0.29411764705882354,0.3846153846153846,0.3530351437699681,0.2803514376996806,0.36661341853035145
f41aeac9a8343a84b4950f15ea25fba2,Turkey,USA,2026-06-26T02:00:00Z,casumo,2.7,3.4,2.6,h2h,0.37037037037037035,0.29411764705882354,0.3846153846153846,0.3530351437699681,0.2803514376996806,0.36661341853035145
f41aeac9a8343a84b4950f15ea25fba2,Turkey,USA,2026-06-26T02:00:00Z,unibet_nl,2.75,3.45,2.63,h2h,0.36363636363636365,0.2898550724637681,0.3802281368821293,0.3517746719134665,0.28040010080058925,0.3678252272859441
f41aeac9a8343a84b4950f15ea25fba2,Turkey,USA,2026-06-26T02:00:00Z,grosvenor,2.65,3.35,2.55,h2h,0.37735849056603776,0.29850746268656714,0.3921568627450981,0.3533243718333161,0.2794953986144142,0.3671802295522697
f41aeac9a8343a84b4950f15ea25fba2,Turkey,USA,2026-06-26T02:00:00Z,tabtouch,2.65,3.3,2.55,h2h,0.37735849056603776,0.30303030303030304,0.3921568627450981,0.35183443085606775,0.28253370962684227,0.36563185951709004
f41aeac9a8343a84b4950f15ea25fba2,Turkey,USA,2026-06-26T02:00:00Z,betrivers,2.7,3.4,2.6,h2h,0.37037037037037035,0.29411764705882354,0.3846153846153846,0.3530351437699681,0.2803514376996806,0.36661341853035145
f41aeac9a8343a84b4950f15ea25fba2,Turkey,USA,2026-06-26T02:00:00Z,leovegas_se,2.7,3.4,2.6,h2h,0.37037037037037035,0.29411764705882354,0.3846153846153846,0.3530351437699681,0.2803514376996806,0.36661341853035145
f41aeac9a8343a84b4950f15ea25fba2,Turkey,USA,2026-06-26T02:00:00Z,draftkings,2.7,3.55,2.55,h2h,0.37037037037037035,0.28169014084507044,0.3921568627450981,0.3546870408463121,0.2697619747281811,0.375550984425507
f41aeac9a8343a84b4950f15ea25fba2,Turkey,USA,2026-06-26T02:00:00Z,mybookieag,2.64,3.32,2.5,h2h,0.3787878787878788,0.30120481927710846,0.4,0.35073188871234906,0.27889523680741013,0.37037287448024064
f41aeac9a8343a84b4950f15ea25fba2,Turkey,USA,2026-06-26T02:00:00Z,betright,2.65,3.35,2.45,h2h,0.37735849056603776,0.29850746268656714,0.4081632653061224,0.34810730569398796,0.27536846569822926,0.37652422860778284
f41aeac9a8343a84b4950f15ea25fba2,Turkey,USA,2026-06-26T02:00:00Z,everygame,2.65,3.6,2.55,h2h,0.37735849056603776,0.2777777777777778,0.3921568627450981,0.36031792758316156,0.2652340300264939,0.3744480423903444
f41aeac9a8343a84b4950f15ea25fba2,Turkey,USA,2026-06-26T02:00:00Z,sport888,2.62,3.3,2.5,h2h,0.38167938931297707,0.30303030303030304,0.4,0.3518723876140919,0.2793653501663397,0.36876226221956837
f41aeac9a8343a84b4950f15ea25fba2,Turkey,USA,2026-06-26T02:00:00Z,williamhill,2.62,3.3,2.5,h2h,0.38167938931297707,0.30303030303030304,0.4,0.3518723876140919,0.2793653501663397,0.36876226221956837
f41aeac9a8343a84b4950f15ea25fba2,Turkey,USA,2026-06-26T02:00:00Z,boylesports,2.6,3.5,2.5,h2h,0.3846153846153846,0.2857142857142857,0.4,0.3593429158110883,0.2669404517453799,0.37371663244353187
f41aeac9a8343a84b4950f15ea25fba2,Turkey,USA,2026-06-26T02:00:00Z,ladbrokes_au,2.7,3.4,2.5,h2h,0.37037037037037035,0.29411764705882354,0.4,0.34793286942284074,0.2762996316004912,0.375767498976668
f41aeac9a8343a84b4950f15ea25fba2,Turkey,USA,2026-06-26T02:00:00Z,ladbrokes_uk,2.7,3.4,2.5,h2h,0.37037037037037035,0.29411764705882354,0.4,0.34793286942284074,0.2762996316004912,0.375767498976668
f41aeac9a8343a84b4950f15ea25fba2,Turkey,USA,2026-06-26T02:00:00Z,neds,2.7,3.4,2.5,h2h,0.37037037037037035,0.29411764705882354,0.4,0.34793286942284074,0.2762996316004912,0.375767498976668
f41aeac9a8343a84b4950f15ea25fba2,Turkey,USA,2026-06-26T02:00:00Z,coral,2.7,3.4,2.5,h2h,0.37037037037037035,0.29411764705882354,0.4,0.34793286942284074,0.2762996316004912,0.375767498976668
f41aeac9a8343a84b4950f15ea25fba2,Turkey,USA,2026-06-26T02:00:00Z,bovada,2.62,3.55,2.56,h2h,0.38167938931297707,0.28169014084507044,0.390625,0.36212653708529574,0.2672595851164718,0.3706138777982324
f41aeac9a8343a84b4950f15ea25fba2,Turkey,USA,2026-06-26T02:00:00Z,betclic_fr,2.63,3.3,2.4,h2h,0.3802281368821293,0.30303030303030304,0.4166666666666667,0.34568547859106974,0.27550085111954953,0.3788136702893806
f41aeac9a8343a84b4950f15ea25fba2,Turkey,USA,2026-06-26T02:00:00Z,winamax_de,2.45,3.2,2.3,h2h,0.4081632653061224,0.3125,0.4347826086956522,0.35325173986081104,0.2704583633309335,0.3762898968082553
f41aeac9a8343a84b4950f15ea25fba2,Turkey,USA,2026-06-26T02:00:00Z,tab,2.7,3.4,2.5,h2h,0.37037037037037035,0.29411764705882354,0.4,0.34793286942284074,0.2762996316004912,0.375767498976668
f41aeac9a8343a84b4950f15ea25fba2,Turkey,USA,2026-06-26T02:00:00Z,tipico_de,2.55,3.4,2.5,h2h,0.3921568627450981,0.29411764705882354,0.4,0.36101083032490977,0.2707581227436823,0.3682310469314079
b86b4d60f773e9e3c46c00e9a6496e79,Norway,France,2026-06-26T19:00:00Z,sportsbet,4.4,3.7,1.8,h2h,0.22727272727272727,0.27027027027027023,0.5555555555555556,0.21581335061568374,0.2566429034348671,0.5275437459494492
b86b4d60f773e9e3c46c00e9a6496e79,Norway,France,2026-06-26T19:00:00Z,smarkets,4.3,3.7,1.87,h2h,0.23255813953488372,0.27027027027027023,0.53475935828877,0.22413346290897315,0.260479429867185,0.515387107223842
b86b4d60f773e9e3c46c00e9a6496e79,Norway,France,2026-06-26T19:00:00Z,gtbets,4.39,3.66,1.78,h2h,0.22779043280182235,0.27322404371584696,0.5617977528089888,0.21432801252779934,0.2570764959008303,0.5285954915713703
b86b4d60f773e9e3c46c00e9a6496e79,Norway,France,2026-06-26T19:00:00Z,skybet,4.33,3.6,1.8,h2h,0.23094688221709006,0.2777777777777778,0.5555555555555556,0.21699819168173598,0.26100060277275466,0.5220012055455093
b86b4d60f773e9e3c46c00e9a6496e79,Norway,France,2026-06-26T19:00:00Z,unibet_uk,4.25,3.6,1.8,h2h,0.23529411764705882,0.2777777777777778,0.5555555555555556,0.22018348623853212,0.25993883792048933,0.5198776758409787
b86b4d60f773e9e3c46c00e9a6496e79,Norway,France,2026-06-26T19:00:00Z,betfred_uk,4.33,3.6,1.8,h2h,0.23094688221709006,0.2777777777777778,0.5555555555555556,0.21699819168173598,0.26100060277275466,0.5220012055455093
b86b4d60f773e9e3c46c00e9a6496e79,Norway,France,2026-06-26T19:00:00Z,winamax_fr,3.65,3.2,1.66,h2h,0.273972602739726,0.3125,0.6024096385542169,0.2304455338163203,0.26285193700924037,0.5067025291744393
b86b4d60f773e9e3c46c00e9a6496e79,Norway,France,2026-06-26T19:00:00Z,fanduel,4.5,3.7,1.8,h2h,0.2222222222222222,0.27027027027027023,0.5555555555555556,0.21203438395415472,0.2578796561604584,0.5300859598853869
b86b4d60f773e9e3c46c00e9a6496e79,Norway,France,2026-06-26T19:00:00Z,betr_au,4.3,3.5,1.8,h2h,0.23255813953488372,0.2857142857142857,0.5555555555555556,0.2165692677896184,0.26607081471295974,0.5173599174974218
b86b4d60f773e9e3c46c00e9a6496e79,Norway,France,2026-06-26T19:00:00Z,paddypower,4.33,3.6,1.75,h2h,0.23094688221709006,0.2777777777777778,0.5714285714285714,0.21380937028049754,0.2571651592540429,0.5290254704654596
b86b4d60f773e9e3c46c00e9a6496e79,Norway,France,2026-06-26T19:00:00Z,marathonbet,4.33,3.58,1.78,h2h,0.23094688221709006,0.27932960893854747,0.5617977528089888,0.21542060497883786,0.2605506199883709,0.5240287750327911
b86b4d60f773e9e3c46c00e9a6496e79,Norway,France,2026-06-26T19:00:00Z,pinnacle,4.2,3.56,1.81,h2h,0.23809523809523808,0.2808988764044944,0.5524861878453039,0.22221149336496812,0.2621596270036141,0.5156288796314178
b86b4d60f773e9e3c46c00e9a6496e79,Norway,France,2026-06-26T19:00:00Z,betonlineag,4.4,3.74,1.85,h2h,0.22727272727272727,0.267379679144385,0.5405405405405405,0.21954624781849916,0.25828970331588136,0.5221640488656196
b86b4d60f773e9e3c46c00e9a6496e79,Norway,France,2026-06-26T19:00:00Z,unibet_se,4.25,3.55,1.79,h2h,0.23529411764705882,0.28169014084507044,0.5586592178770949,0.21874731062496772,0.261880583142567,0.5193721062324652
b86b4d60f773e9e3c46c00e9a6496e79,Norway,France,2026-06-26T19:00:00Z,livescorebet,4.25,3.55,1.79,h2h,0.23529411764705882,0.28169014084507044,0.5586592178770949,0.21874731062496772,0.261880583142567,0.5193721062324652
b86b4d60f773e9e3c46c00e9a6496e79,Norway,France,2026-06-26T19:00:00Z,unibet,4.25,3.55,1.79,h2h,0.23529411764705882,0.28169014084507044,0.5586592178770949,0.21874731062496772,0.261880583142567,0.5193721062324652
b86b4d60f773e9e3c46c00e9a6496e79,Norway,France,2026-06-26T19:00:00Z,leovegas,4.25,3.55,1.79,h2h,0.23529411764705882,0.28169014084507044,0.5586592178770949,0.21874731062496772,0.261880583142567,0.5193721062324652
b86b4d60f773e9e3c46c00e9a6496e79,Norway,France,2026-06-26T19:00:00Z,virginbet,4.25,3.55,1.79,h2h,0.23529411764705882,0.28169014084507044,0.5586592178770949,0.21874731062496772,0.261880583142567,0.5193721062324652
b86b4d60f773e9e3c46c00e9a6496e79,Norway,France,2026-06-26T19:00:00Z,casumo,4.25,3.55,1.79,h2h,0.23529411764705882,0.28169014084507044,0.5586592178770949,0.21874731062496772,0.261880583142567,0.5193721062324652
b86b4d60f773e9e3c46c00e9a6496e79,Norway,France,2026-06-26T19:00:00Z,unibet_nl,4.25,3.55,1.79,h2h,0.23529411764705882,0.28169014084507044,0.5586592178770949,0.21874731062496772,0.261880583142567,0.5193721062324652
b86b4d60f773e9e3c46c00e9a6496e79,Norway,France,2026-06-26T19:00:00Z,grosvenor,4.25,3.55,1.79,h2h,0.23529411764705882,0.28169014084507044,0.5586592178770949,0.21874731062496772,0.261880583142567,0.5193721062324652
b86b4d60f773e9e3c46c00e9a6496e79,Norway,France,2026-06-26T19:00:00Z,tabtouch,4.25,3.55,1.79,h2h,0.23529411764705882,0.28169014084507044,0.5586592178770949,0.21874731062496772,0.261880583142567,0.5193721062324652
b86b4d60f773e9e3c46c00e9a6496e79,Norway,France,2026-06-26T19:00:00Z,betrivers,4.25,3.55,1.79,h2h,0.23529411764705882,0.28169014084507044,0.5586592178770949,0.21874731062496772,0.261880583142567,0.5193721062324652
b86b4d60f773e9e3c46c00e9a6496e79,Norway,France,2026-06-26T19:00:00Z,leovegas_se,4.25,3.55,1.79,h2h,0.23529411764705882,0.28169014084507044,0.5586592178770949,0.21874731062496772,0.261880583142567,0.5193721062324652
b86b4d60f773e9e3c46c00e9a6496e79,Norway,France,2026-06-26T19:00:00Z,draftkings,4.5,3.65,1.8,h2h,0.2222222222222222,0.273972602739726,0.5555555555555556,0.21128798842257596,0.260492040520984,0.5282199710564399
b86b4d60f773e9e3c46c00e9a6496e79,Norway,France,2026-06-26T19:00:00Z,mybookieag,4.2,3.5,1.79,h2h,0.23809523809523808,0.2857142857142857,0.5586592178770949,0.2199557630867535,0.26394691570410417,0.5160973212091423
b86b4d60f773e9e3c46c00e9a6496e79,Norway,France,2026-06-26T19:00:00Z,everygame,4.33,3.65,1.85,h2h,0.23094688221709006,0.273972602739726,0.5405405405405405,0.22090455549194407,0.2620593767890734,0.5170360677189826
b86b4d60f773e9e3c46c00e9a6496e79,Norway,France,2026-06-26T19:00:00Z,betright,4.2,3.45,1.78,h2h,0.23809523809523808,0.2898550724637681,0.5617977528089888,0.2184864980254029,0.26598356281353397,0.515529939161063
b86b4d60f773e9e3c46c00e9a6496e79,Norway,France,2026-06-26T19:00:00Z,sport888,4.0,3.4,1.8,h2h,0.25,0.29411764705882354,0.5555555555555556,0.22734026745913816,0.2674591381872214,0.5052005943536404
b86b4d60f773e9e3c46c00e9a6496e79,Norway,France,2026-06-26T19:00:00Z,williamhill,4.2,3.4,1.83,h2h,0.23809523809523808,0.29411764705882354,0.5464480874316939,0.2207322264793529,0.272669220945083,0.506598552575564
b86b4d60f773e9e3c46c00e9a6496e79,Norway,France,2026-06-26T19:00:00Z,boylesports,4.33,3.4,1.8,h2h,0.23094688221709006,0.29411764705882354,0.5555555555555556,0.21371699958094706,0.27217488476044144,0.5141081156586116
b86b4d60f773e9e3c46c00e9a6496e79,Norway,France,2026-06-26T19:00:00Z,coral,4.33,3.6,1.83,h2h,0.23094688221709006,0.2777777777777778,0.5464480874316939,0.2188711590403955,0.2632533662902535,0.517875474669351
b86b4d60f773e9e3c46c00e9a6496e79,Norway,France,2026-06-26T19:00:00Z,ladbrokes_au,4.25,3.6,1.8,h2h,0.23529411764705882,0.2777777777777778,0.5555555555555556,0.22018348623853212,0.25993883792048933,0.5198776758409787
b86b4d60f773e9e3c46c00e9a6496e79,Norway,France,2026-06-26T19:00:00Z,neds,4.25,3.6,1.8,h2h,0.23529411764705882,0.2777777777777778,0.5555555555555556,0.22018348623853212,0.25993883792048933,0.5198776758409787
b86b4d60f773e9e3c46c00e9a6496e79,Norway,France,2026-06-26T19:00:00Z,ladbrokes_uk,4.33,3.6,1.8,h2h,0.23094688221709006,0.2777777777777778,0.5555555555555556,0.21699819168173598,0.26100060277275466,0.5220012055455093
b86b4d60f773e9e3c46c00e9a6496e79,Norway,France,2026-06-26T19:00:00Z,bovada,4.3,3.6,1.84,h2h,0.23255813953488372,0.2777777777777778,0.5434782608695652,0.220682302771855,0.26359275053304904,0.5157249466950959
b86b4d60f773e9e3c46c00e9a6496e79,Norway,France,2026-06-26T19:00:00Z,betclic_fr,4.15,3.47,1.75,h2h,0.24096385542168672,0.2881844380403458,0.5714285714285714,0.2189432315984929,0.26184853346793824,0.5192082349335689
b86b4d60f773e9e3c46c00e9a6496e79,Norway,France,2026-06-26T19:00:00Z,winamax_de,3.8,3.35,1.7,h2h,0.2631578947368421,0.29850746268656714,0.5882352941176471,0.22885272252360858,0.2595941330118545,0.5115531444645369
b86b4d60f773e9e3c46c00e9a6496e79,Norway,France,2026-06-26T19:00:00Z,tab,4.25,3.5,1.85,h2h,0.23529411764705882,0.2857142857142857,0.5405405405405405,0.22165169020111258,0.26914848095849386,0.5091998288403937
b86b4d60f773e9e3c46c00e9a6496e79,Norway,France,2026-06-26T19:00:00Z,tipico_de,4.4,3.4,1.77,h2h,0.22727272727272727,0.29411764705882354,0.5649717514124294,0.2092053118264618,0.2707362858930682,0.5200584022804701
7e6aee294ea1a4792c59558791084528,Senegal,Iraq,2026-06-26T19:00:00Z,sportsbet,1.44,4.33,7.5,h2h,0.6944444444444444,0.23094688221709006,0.13333333333333333,0.6559254456657416,0.21813686876643598,0.1259376855678224
7e6aee294ea1a4792c59558791084528,Senegal,Iraq,2026-06-26T19:00:00Z,gtbets,1.53,4.31,6.94,h2h,0.6535947712418301,0.2320185614849188,0.1440922190201729,0.6347394846351851,0.22532515347838358,0.1399353618864313
7e6aee294ea1a4792c59558791084528,Senegal,Iraq,2026-06-26T19:00:00Z,tipico_de,1.37,4.5,7.8,h2h,0.7299270072992701,0.2222222222222222,0.12820512820512822,0.6756366576196801,0.2056938268753248,0.11866951550499509
7e6aee294ea1a4792c59558791084528,Senegal,Iraq,2026-06-26T19:00:00Z,betfred_uk,1.44,4.2,7.5,h2h,0.6944444444444444,0.23809523809523808,0.13333333333333333,0.6515264333581534,0.22338049143708116,0.12509307520476545
7e6aee294ea1a4792c59558791084528,Senegal,Iraq,2026-06-26T19:00:00Z,unibet_uk,1.42,4.4,7.0,h2h,0.7042253521126761,0.22727272727272727,0.14285714285714285,0.6554865071933259,0.2115433727760279,0.1329701200306461
7e6aee294ea1a4792c59558791084528,Senegal,Iraq,2026-06-26T19:00:00Z,betr_au,1.45,4.2,7.25,h2h,0.6896551724137931,0.23809523809523808,0.13793103448275862,0.6471494607087827,0.22342064714946067,0.12942989214175654
7e6aee294ea1a4792c59558791084528,Senegal,Iraq,2026-06-26T19:00:00Z,winamax_fr,1.34,3.85,5.6,h2h,0.7462686567164178,0.2597402597402597,0.17857142857142858,0.6299856821435875,0.219267743914911,0.15074657394150132
7e6aee294ea1a4792c59558791084528,Senegal,Iraq,2026-06-26T19:00:00Z,smarkets,1.47,4.4,8.2,h2h,0.6802721088435374,0.22727272727272727,0.12195121951219513,0.6607816563495843,0.22076114428042928,0.11845719936998646
7e6aee294ea1a4792c59558791084528,Senegal,Iraq,2026-06-26T19:00:00Z,winamax_de,1.36,4.1,5.9,h2h,0.7352941176470588,0.24390243902439027,0.1694915254237288,0.6401164329187616,0.21233130457793073,0.14755226250330777
7e6aee294ea1a4792c59558791084528,Senegal,Iraq,2026-06-26T19:00:00Z,skybet,1.44,4.2,7.0,h2h,0.6944444444444444,0.23809523809523808,0.14285714285714285,0.6457564575645757,0.22140221402214022,0.13284132841328414
7e6aee294ea1a4792c59558791084528,Senegal,Iraq,2026-06-26T19:00:00Z,fanduel,1.43,4.4,7.0,h2h,0.6993006993006994,0.22727272727272727,0.14285714285714285,0.6539000467071463,0.2125175151798225,0.13358243811303128
7e6aee294ea1a4792c59558791084528,Senegal,Iraq,2026-06-26T19:00:00Z,paddypower,1.4,4.33,7.0,h2h,0.7142857142857143,0.23094688221709006,0.14285714285714285,0.6564584596725289,0.21224984839296543,0.13129169193450577
7e6aee294ea1a4792c59558791084528,Senegal,Iraq,2026-06-26T19:00:00Z,marathonbet,1.4,4.4,7.7,h2h,0.7142857142857143,0.22727272727272727,0.12987012987012986,0.6666666666666667,0.21212121212121213,0.1212121212121212
7e6aee294ea1a4792c59558791084528,Senegal,Iraq,2026-06-26T19:00:00Z,pinnacle,1.39,4.48,7.51,h2h,0.7194244604316548,0.2232142857142857,0.13315579227696406,0.6687377884315326,0.20748784060710498,0.12377437096136223
7e6aee294ea1a4792c59558791084528,Senegal,Iraq,2026-06-26T19:00:00Z,betonlineag,1.44,4.6,8.0,h2h,0.6944444444444444,0.2173913043478261,0.125,0.669772859638905,0.20966802562609202,0.1205591147350029
7e6aee294ea1a4792c59558791084528,Senegal,Iraq,2026-06-26T19:00:00Z,casumo,1.4,4.5,7.5,h2h,0.7142857142857143,0.2222222222222222,0.13333333333333333,0.6676557863501484,0.20771513353115725,0.12462908011869436
7e6aee294ea1a4792c59558791084528,Senegal,Iraq,2026-06-26T19:00:00Z,unibet_nl,1.4,4.5,7.5,h2h,0.7142857142857143,0.2222222222222222,0.13333333333333333,0.6676557863501484,0.20771513353115725,0.12462908011869436
7e6aee294ea1a4792c59558791084528,Senegal,Iraq,2026-06-26T19:00:00Z,virginbet,1.4,4.5,7.5,h2h,0.7142857142857143,0.2222222222222222,0.13333333333333333,0.6676557863501484,0.20771513353115725,0.12462908011869436
7e6aee294ea1a4792c59558791084528,Senegal,Iraq,2026-06-26T19:00:00Z,leovegas_se,1.4,4.5,7.5,h2h,0.7142857142857143,0.2222222222222222,0.13333333333333333,0.6676557863501484,0.20771513353115725,0.12462908011869436
7e6aee294ea1a4792c59558791084528,Senegal,Iraq,2026-06-26T19:00:00Z,grosvenor,1.4,4.5,7.5,h2h,0.7142857142857143,0.2222222222222222,0.13333333333333333,0.6676557863501484,0.20771513353115725,0.12462908011869436
7e6aee294ea1a4792c59558791084528,Senegal,Iraq,2026-06-26T19:00:00Z,tabtouch,1.4,4.5,7.5,h2h,0.7142857142857143,0.2222222222222222,0.13333333333333333,0.6676557863501484,0.20771513353115725,0.12462908011869436
7e6aee294ea1a4792c59558791084528,Senegal,Iraq,2026-06-26T19:00:00Z,leovegas,1.4,4.5,7.5,h2h,0.7142857142857143,0.2222222222222222,0.13333333333333333,0.6676557863501484,0.20771513353115725,0.12462908011869436
7e6aee294ea1a4792c59558791084528,Senegal,Iraq,2026-06-26T19:00:00Z,betrivers,1.4,4.5,7.5,h2h,0.7142857142857143,0.2222222222222222,0.13333333333333333,0.6676557863501484,0.20771513353115725,0.12462908011869436
7e6aee294ea1a4792c59558791084528,Senegal,Iraq,2026-06-26T19:00:00Z,livescorebet,1.4,4.5,7.5,h2h,0.7142857142857143,0.2222222222222222,0.13333333333333333,0.6676557863501484,0.20771513353115725,0.12462908011869436
7e6aee294ea1a4792c59558791084528,Senegal,Iraq,2026-06-26T19:00:00Z,unibet_se,1.4,4.5,7.5,h2h,0.7142857142857143,0.2222222222222222,0.13333333333333333,0.6676557863501484,0.20771513353115725,0.12462908011869436
7e6aee294ea1a4792c59558791084528,Senegal,Iraq,2026-06-26T19:00:00Z,unibet,1.4,4.5,7.5,h2h,0.7142857142857143,0.2222222222222222,0.13333333333333333,0.6676557863501484,0.20771513353115725,0.12462908011869436
7e6aee294ea1a4792c59558791084528,Senegal,Iraq,2026-06-26T19:00:00Z,draftkings,1.43,4.6,7.5,h2h,0.6993006993006994,0.2173913043478261,0.13333333333333333,0.6659845954867478,0.20703434164044554,0.12698106287280658
7e6aee294ea1a4792c59558791084528,Senegal,Iraq,2026-06-26T19:00:00Z,mybookieag,1.42,4.3,6.9,h2h,0.7042253521126761,0.23255813953488372,0.14492753623188406,0.6510290955369289,0.21499100364242768,0.13397990082064334
7e6aee294ea1a4792c59558791084528,Senegal,Iraq,2026-06-26T19:00:00Z,everygame,1.4,4.6,7.5,h2h,0.7142857142857143,0.2173913043478261,0.13333333333333333,0.6706842923794712,0.20412130637636083,0.12519440124416797
7e6aee294ea1a4792c59558791084528,Senegal,Iraq,2026-06-26T19:00:00Z,betright,1.43,4.1,7.0,h2h,0.6993006993006994,0.24390243902439027,0.14285714285714285,0.6438875552464497,0.22457541561034708,0.13153702914320328
7e6aee294ea1a4792c59558791084528,Senegal,Iraq,2026-06-26T19:00:00Z,williamhill,1.44,4.2,7.0,h2h,0.6944444444444444,0.23809523809523808,0.14285714285714285,0.6457564575645757,0.22140221402214022,0.13284132841328414
7e6aee294ea1a4792c59558791084528,Senegal,Iraq,2026-06-26T19:00:00Z,sport888,1.4,4.0,7.0,h2h,0.7142857142857143,0.25,0.14285714285714285,0.6451612903225806,0.22580645161290322,0.12903225806451613
7e6aee294ea1a4792c59558791084528,Senegal,Iraq,2026-06-26T19:00:00Z,boylesports,1.4,4.2,8.0,h2h,0.7142857142857143,0.23809523809523808,0.125,0.6629834254143647,0.22099447513812154,0.11602209944751382
7e6aee294ea1a4792c59558791084528,Senegal,Iraq,2026-06-26T19:00:00Z,ladbrokes_uk,1.44,4.4,7.0,h2h,0.6944444444444444,0.22727272727272727,0.14285714285714285,0.6523212470349035,0.2134869535750593,0.13419179939003728
7e6aee294ea1a4792c59558791084528,Senegal,Iraq,2026-06-26T19:00:00Z,neds,1.44,4.4,7.0,h2h,0.6944444444444444,0.22727272727272727,0.14285714285714285,0.6523212470349035,0.2134869535750593,0.13419179939003728
7e6aee294ea1a4792c59558791084528,Senegal,Iraq,2026-06-26T19:00:00Z,ladbrokes_au,1.44,4.4,7.0,h2h,0.6944444444444444,0.22727272727272727,0.14285714285714285,0.6523212470349035,0.2134869535750593,0.13419179939003728
7e6aee294ea1a4792c59558791084528,Senegal,Iraq,2026-06-26T19:00:00Z,coral,1.44,4.4,7.0,h2h,0.6944444444444444,0.22727272727272727,0.14285714285714285,0.6523212470349035,0.2134869535750593,0.13419179939003728
7e6aee294ea1a4792c59558791084528,Senegal,Iraq,2026-06-26T19:00:00Z,bovada,1.41,4.65,7.75,h2h,0.7092198581560284,0.2150537634408602,0.12903225806451613,0.6733275412684624,0.20417028670721113,0.12250217202432669
7e6aee294ea1a4792c59558791084528,Senegal,Iraq,2026-06-26T19:00:00Z,betclic_fr,1.39,4.25,6.75,h2h,0.7194244604316548,0.23529411764705882,0.14814814814814814,0.6523222102211359,0.2133477346370303,0.13433005514183388
7e6aee294ea1a4792c59558791084528,Senegal,Iraq,2026-06-26T19:00:00Z,tab,1.5,3.9,7.0,h2h,0.6666666666666666,0.25641025641025644,0.14285714285714285,0.6254295532646048,0.2405498281786942,0.13402061855670103
e07b1926be5a4d515c7eb108dbcee9c5,Cape Verde,Saudi Arabia,2026-06-27T00:00:00Z,sportsbet,2.62,3.3,2.7,h2h,0.38167938931297707,0.30303030303030304,0.37037037037037035,0.36175395858708886,0.28721071863581,0.3510353227771011
e07b1926be5a4d515c7eb108dbcee9c5,Cape Verde,Saudi Arabia,2026-06-27T00:00:00Z,tipico_de,2.55,3.1,2.7,h2h,0.3921568627450981,0.3225806451612903,0.37037037037037035,0.36139896373057,0.297279792746114,0.34132124352331605
e07b1926be5a4d515c7eb108dbcee9c5,Cape Verde,Saudi Arabia,2026-06-27T00:00:00Z,unibet_uk,2.5,3.35,2.75,h2h,0.4,0.29850746268656714,0.36363636363636365,0.3765968318855391,0.2810424118548799,0.342360756259581
e07b1926be5a4d515c7eb108dbcee9c5,Cape Verde,Saudi Arabia,2026-06-27T00:00:00Z,winamax_fr,2.25,2.95,2.45,h2h,0.4444444444444444,0.3389830508474576,0.4081632653061224,0.37298413107986067,0.2844794220100632,0.34253644691007606
e07b1926be5a4d515c7eb108dbcee9c5,Cape Verde,Saudi Arabia,2026-06-27T00:00:00Z,winamax_de,2.35,3.05,2.55,h2h,0.425531914893617,0.3278688524590164,0.3921568627450981,0.3714626865671642,0.2862089552238806,0.34232835820895524
e07b1926be5a4d515c7eb108dbcee9c5,Cape Verde,Saudi Arabia,2026-06-27T00:00:00Z,betr_au,2.6,3.25,2.65,h2h,0.3846153846153846,0.3076923076923077,0.37735849056603776,0.3595658073270013,0.28765264586160105,0.35278154681139756
e07b1926be5a4d515c7eb108dbcee9c5,Cape Verde,Saudi Arabia,2026-06-27T00:00:00Z,gtbets,2.69,3.23,2.73,h2h,0.3717472118959108,0.30959752321981426,0.3663003663003663,0.35484078663034246,0.2955175591441552,0.34964165422550225
e07b1926be5a4d515c7eb108dbcee9c5,Cape Verde,Saudi Arabia,2026-06-27T00:00:00Z,skybet,2.6,3.25,2.63,h2h,0.3846153846153846,0.3076923076923077,0.3802281368821293,0.358603763294246,0.28688301063539684,0.3545132260703573
e07b1926be5a4d515c7eb108dbcee9c5,Cape Verde,Saudi Arabia,2026-06-27T00:00:00Z,betfred_uk,2.6,3.3,2.62,h2h,0.3846153846153846,0.30303030303030304,0.38167938931297707,0.35968050586571265,0.28338464098510696,0.3569348531491805
e07b1926be5a4d515c7eb108dbcee9c5,Cape Verde,Saudi Arabia,2026-06-27T00:00:00Z,fanduel,2.6,3.3,2.7,h2h,0.3846153846153846,0.30303030303030304,0.37037037037037035,0.36352509179926557,0.2864137086903305,0.3500611995104039
e07b1926be5a4d515c7eb108dbcee9c5,Cape Verde,Saudi Arabia,2026-06-27T00:00:00Z,paddypower,2.6,3.3,2.7,h2h,0.3846153846153846,0.30303030303030304,0.37037037037037035,0.36352509179926557,0.2864137086903305,0.3500611995104039
e07b1926be5a4d515c7eb108dbcee9c5,Cape Verde,Saudi Arabia,2026-06-27T00:00:00Z,smarkets,2.68,3.4,2.76,h2h,0.3731343283582089,0.29411764705882354,0.3623188405797102,0.36241735154174126,0.28567014768584315,0.35191250077241554
e07b1926be5a4d515c7eb108dbcee9c5,Cape Verde,Saudi Arabia,2026-06-27T00:00:00Z,marathonbet,2.54,3.24,2.71,h2h,0.39370078740157477,0.30864197530864196,0.36900369003690037,0.3674822335875178,0.28808792386181953,0.3444298425506625
e07b1926be5a4d515c7eb108dbcee9c5,Cape Verde,Saudi Arabia,2026-06-27T00:00:00Z,pinnacle,2.52,3.27,2.75,h2h,0.3968253968253968,0.3058103975535168,0.36363636363636365,0.37216145413009194,0.2868033224488782,0.3410352234210297
e07b1926be5a4d515c7eb108dbcee9c5,Cape Verde,Saudi Arabia,2026-06-27T00:00:00Z,betonlineag,2.6,3.4,2.81,h2h,0.3846153846153846,0.29411764705882354,0.35587188612099646,0.3717509727626459,0.28428015564202336,0.34396887159533074
e07b1926be5a4d515c7eb108dbcee9c5,Cape Verde,Saudi Arabia,2026-06-27T00:00:00Z,casumo,2.6,3.45,2.5,h2h,0.3846153846153846,0.2898550724637681,0.4,0.3579580825897489,0.26976551151691225,0.37227640589333894
e07b1926be5a4d515c7eb108dbcee9c5,Cape Verde,Saudi Arabia,2026-06-27T00:00:00Z,unibet_nl,2.6,3.45,2.5,h2h,0.3846153846153846,0.2898550724637681,0.4,0.3579580825897489,0.26976551151691225,0.37227640589333894
e07b1926be5a4d515c7eb108dbcee9c5,Cape Verde,Saudi Arabia,2026-06-27T00:00:00Z,virginbet,2.6,3.45,2.5,h2h,0.3846153846153846,0.2898550724637681,0.4,0.3579580825897489,0.26976551151691225,0.37227640589333894
e07b1926be5a4d515c7eb108dbcee9c5,Cape Verde,Saudi Arabia,2026-06-27T00:00:00Z,leovegas_se,2.6,3.45,2.5,h2h,0.3846153846153846,0.2898550724637681,0.4,0.3579580825897489,0.26976551151691225,0.37227640589333894
e07b1926be5a4d515c7eb108dbcee9c5,Cape Verde,Saudi Arabia,2026-06-27T00:00:00Z,grosvenor,2.6,3.45,2.5,h2h,0.3846153846153846,0.2898550724637681,0.4,0.3579580825897489,0.26976551151691225,0.37227640589333894
e07b1926be5a4d515c7eb108dbcee9c5,Cape Verde,Saudi Arabia,2026-06-27T00:00:00Z,tabtouch,2.6,3.45,2.5,h2h,0.3846153846153846,0.2898550724637681,0.4,0.3579580825897489,0.26976551151691225,0.37227640589333894
e07b1926be5a4d515c7eb108dbcee9c5,Cape Verde,Saudi Arabia,2026-06-27T00:00:00Z,leovegas,2.6,3.45,2.5,h2h,0.3846153846153846,0.2898550724637681,0.4,0.3579580825897489,0.26976551151691225,0.37227640589333894
e07b1926be5a4d515c7eb108dbcee9c5,Cape Verde,Saudi Arabia,2026-06-27T00:00:00Z,betrivers,2.6,3.45,2.5,h2h,0.3846153846153846,0.2898550724637681,0.4,0.3579580825897489,0.26976551151691225,0.37227640589333894
e07b1926be5a4d515c7eb108dbcee9c5,Cape Verde,Saudi Arabia,2026-06-27T00:00:00Z,livescorebet,2.6,3.45,2.5,h2h,0.3846153846153846,0.2898550724637681,0.4,0.3579580825897489,0.26976551151691225,0.37227640589333894
e07b1926be5a4d515c7eb108dbcee9c5,Cape Verde,Saudi Arabia,2026-06-27T00:00:00Z,unibet_se,2.6,3.45,2.5,h2h,0.3846153846153846,0.2898550724637681,0.4,0.3579580825897489,0.26976551151691225,0.37227640589333894
e07b1926be5a4d515c7eb108dbcee9c5,Cape Verde,Saudi Arabia,2026-06-27T00:00:00Z,unibet,2.6,3.45,2.5,h2h,0.3846153846153846,0.2898550724637681,0.4,0.3579580825897489,0.26976551151691225,0.37227640589333894
e07b1926be5a4d515c7eb108dbcee9c5,Cape Verde,Saudi Arabia,2026-06-27T00:00:00Z,draftkings,2.6,3.25,2.8,h2h,0.3846153846153846,0.3076923076923077,0.35714285714285715,0.3664921465968586,0.2931937172774869,0.3403141361256544
e07b1926be5a4d515c7eb108dbcee9c5,Cape Verde,Saudi Arabia,2026-06-27T00:00:00Z,mybookieag,2.52,3.16,2.73,h2h,0.3968253968253968,0.3164556962025316,0.3663003663003663,0.3675733715103794,0.29312813171080887,0.33929849677881174
e07b1926be5a4d515c7eb108dbcee9c5,Cape Verde,Saudi Arabia,2026-06-27T00:00:00Z,everygame,2.55,3.35,2.8,h2h,0.3921568627450981,0.29850746268656714,0.35714285714285715,0.37426433915211976,0.2848877805486284,0.3408478802992519
e07b1926be5a4d515c7eb108dbcee9c5,Cape Verde,Saudi Arabia,2026-06-27T00:00:00Z,betright,2.55,3.2,2.6,h2h,0.3921568627450981,0.3125,0.3846153846153846,0.36001730852444835,0.2868887927304198,0.353093898745132
e07b1926be5a4d515c7eb108dbcee9c5,Cape Verde,Saudi Arabia,2026-06-27T00:00:00Z,sport888,2.5,3.0,2.62,h2h,0.4,0.3333333333333333,0.38167938931297707,0.35874030123231404,0.2989502510269283,0.3423094477407576
e07b1926be5a4d515c7eb108dbcee9c5,Cape Verde,Saudi Arabia,2026-06-27T00:00:00Z,williamhill,2.6,3.1,2.7,h2h,0.3846153846153846,0.3225806451612903,0.37037037037037035,0.3569296375266524,0.29936034115138593,0.3437100213219616
e07b1926be5a4d515c7eb108dbcee9c5,Cape Verde,Saudi Arabia,2026-06-27T00:00:00Z,boylesports,2.5,3.3,2.7,h2h,0.4,0.30303030303030304,0.37037037037037035,0.37264742785445426,0.2823086574654956,0.3450439146800502
e07b1926be5a4d515c7eb108dbcee9c5,Cape Verde,Saudi Arabia,2026-06-27T00:00:00Z,neds,2.6,3.2,2.75,h2h,0.3846153846153846,0.3125,0.36363636363636365,0.36258755665430564,0.2946023897816234,0.34281005356407085
e07b1926be5a4d515c7eb108dbcee9c5,Cape Verde,Saudi Arabia,2026-06-27T00:00:00Z,coral,2.6,3.2,2.75,h2h,0.3846153846153846,0.3125,0.36363636363636365,0.36258755665430564,0.2946023897816234,0.34281005356407085
e07b1926be5a4d515c7eb108dbcee9c5,Cape Verde,Saudi Arabia,2026-06-27T00:00:00Z,ladbrokes_uk,2.6,3.2,2.75,h2h,0.3846153846153846,0.3125,0.36363636363636365,0.36258755665430564,0.2946023897816234,0.34281005356407085
e07b1926be5a4d515c7eb108dbcee9c5,Cape Verde,Saudi Arabia,2026-06-27T00:00:00Z,ladbrokes_au,2.6,3.2,2.75,h2h,0.3846153846153846,0.3125,0.36363636363636365,0.36258755665430564,0.2946023897816234,0.34281005356407085
e07b1926be5a4d515c7eb108dbcee9c5,Cape Verde,Saudi Arabia,2026-06-27T00:00:00Z,bovada,2.55,3.3,2.78,h2h,0.3921568627450981,0.30303030303030304,0.3597122302158274,0.3717481157306103,0.287259907610017,0.34099197665937275
e07b1926be5a4d515c7eb108dbcee9c5,Cape Verde,Saudi Arabia,2026-06-27T00:00:00Z,betclic_fr,2.45,3.12,2.57,h2h,0.4081632653061224,0.3205128205128205,0.38910505836575876,0.36515490302337544,0.2867402283356634,0.3481048686409611
e07b1926be5a4d515c7eb108dbcee9c5,Cape Verde,Saudi Arabia,2026-06-27T00:00:00Z,tab,2.6,3.1,2.8,h2h,0.3846153846153846,0.3225806451612903,0.35714285714285715,0.3613655287260616,0.30308076602830974,0.33555370524562866
dcff2e31c0bce001a4db5caaf4fa8822,Uruguay,Spain,2026-06-27T00:00:00Z,sportsbet,5.0,3.9,1.61,h2h,0.2,0.25641025641025644,0.6211180124223602,0.18560997960329895,0.23796151231192175,0.5764285080847793
dcff2e31c0bce001a4db5caaf4fa8822,Uruguay,Spain,2026-06-27T00:00:00Z,skybet,5.0,3.8,1.62,h2h,0.2,0.2631578947368421,0.6172839506172839,0.18510945393312486,0.24356507096463795,0.5713254751022372
dcff2e31c0bce001a4db5caaf4fa8822,Uruguay,Spain,2026-06-27T00:00:00Z,tipico_de,5.3,3.8,1.57,h2h,0.18867924528301888,0.2631578947368421,0.6369426751592356,0.1732942167484823,0.2416998286228832,0.5850059546286345
dcff2e31c0bce001a4db5caaf4fa8822,Uruguay,Spain,2026-06-27T00:00:00Z,unibet_uk,5.25,3.9,1.62,h2h,0.19047619047619047,0.25641025641025644,0.6172839506172839,0.17899031106578275,0.24094849566547683,0.5800611932687404
dcff2e31c0bce001a4db5caaf4fa8822,Uruguay,Spain,2026-06-27T00:00:00Z,betfred_uk,5.5,3.75,1.62,h2h,0.18181818181818182,0.26666666666666666,0.6172839506172839,0.1705981465880371,0.25021061499578773,0.5791912384161753
dcff2e31c0bce001a4db5caaf4fa8822,Uruguay,Spain,2026-06-27T00:00:00Z,winamax_fr,4.3,3.5,1.49,h2h,0.23255813953488372,0.2857142857142857,0.6711409395973155,0.19552339532093582,0.24021445710857828,0.564262147570486
dcff2e31c0bce001a4db5caaf4fa8822,Uruguay,Spain,2026-06-27T00:00:00Z,smarkets,5.6,3.9,1.67,h2h,0.17857142857142858,0.25641025641025644,0.5988023952095809,0.17273571144410554,0.24803076515051056,0.5792335234053839
dcff2e31c0bce001a4db5caaf4fa8822,Uruguay,Spain,2026-06-27T00:00:00Z,fanduel,5.4,4.0,1.65,h2h,0.18518518518518517,0.25,0.6060606060606061,0.17784963621665317,0.24009700889248178,0.582053354890865
dcff2e31c0bce001a4db5caaf4fa8822,Uruguay,Spain,2026-06-27T00:00:00Z,winamax_de,4.5,3.7,1.52,h2h,0.2222222222222222,0.27027027027027023,0.6578947368421053,0.19317166998694785,0.2349385175516933,0.5718898124613588
dcff2e31c0bce001a4db5caaf4fa8822,Uruguay,Spain,2026-06-27T00:00:00Z,gtbets,5.28,3.91,1.66,h2h,0.1893939393939394,0.2557544757033248,0.6024096385542169,0.18079565016350885,0.24414348666581248,0.5750608631706788
dcff2e31c0bce001a4db5caaf4fa8822,Uruguay,Spain,2026-06-27T00:00:00Z,betr_au,5.25,3.8,1.62,h2h,0.19047619047619047,0.2631578947368421,0.6172839506172839,0.17786252925370546,0.2457311259426194,0.5764063448036751
dcff2e31c0bce001a4db5caaf4fa8822,Uruguay,Spain,2026-06-27T00:00:00Z,paddypower,5.0,3.8,1.62,h2h,0.2,0.2631578947368421,0.6172839506172839,0.18510945393312486,0.24356507096463795,0.5713254751022372
dcff2e31c0bce001a4db5caaf4fa8822,Uruguay,Spain,2026-06-27T00:00:00Z,marathonbet,5.3,3.88,1.6,h2h,0.18867924528301888,0.2577319587628866,0.625,0.17610348349029845,0.2405537274480881,0.5833427890616135
dcff2e31c0bce001a4db5caaf4fa8822,Uruguay,Spain,2026-06-27T00:00:00Z,pinnacle,5.22,3.89,1.6,h2h,0.19157088122605365,0.2570694087403599,0.625,0.1784311589424858,0.23943718500765443,0.5821316560498598
dcff2e31c0bce001a4db5caaf4fa8822,Uruguay,Spain,2026-06-27T00:00:00Z,betonlineag,5.95,4.02,1.62,h2h,0.1680672268907563,0.24875621890547267,0.6172839506172839,0.16252395783421178,0.24055162913272646,0.5969244130330619
dcff2e31c0bce001a4db5caaf4fa8822,Uruguay,Spain,2026-06-27T00:00:00Z,casumo,5.0,3.9,1.62,h2h,0.2,0.25641025641025644,0.6172839506172839,0.18627277551742438,0.23881125066336462,0.574915973819211
dcff2e31c0bce001a4db5caaf4fa8822,Uruguay,Spain,2026-06-27T00:00:00Z,unibet_nl,5.0,3.9,1.62,h2h,0.2,0.25641025641025644,0.6172839506172839,0.18627277551742438,0.23881125066336462,0.574915973819211
dcff2e31c0bce001a4db5caaf4fa8822,Uruguay,Spain,2026-06-27T00:00:00Z,virginbet,5.0,3.9,1.62,h2h,0.2,0.25641025641025644,0.6172839506172839,0.18627277551742438,0.23881125066336462,0.574915973819211
dcff2e31c0bce001a4db5caaf4fa8822,Uruguay,Spain,2026-06-27T00:00:00Z,leovegas_se,5.0,3.9,1.62,h2h,0.2,0.25641025641025644,0.6172839506172839,0.18627277551742438,0.23881125066336462,0.574915973819211
dcff2e31c0bce001a4db5caaf4fa8822,Uruguay,Spain,2026-06-27T00:00:00Z,grosvenor,5.0,3.9,1.62,h2h,0.2,0.25641025641025644,0.6172839506172839,0.18627277551742438,0.23881125066336462,0.574915973819211
dcff2e31c0bce001a4db5caaf4fa8822,Uruguay,Spain,2026-06-27T00:00:00Z,tabtouch,5.0,3.9,1.62,h2h,0.2,0.25641025641025644,0.6172839506172839,0.18627277551742438,0.23881125066336462,0.574915973819211
dcff2e31c0bce001a4db5caaf4fa8822,Uruguay,Spain,2026-06-27T00:00:00Z,leovegas,5.0,3.9,1.62,h2h,0.2,0.25641025641025644,0.6172839506172839,0.18627277551742438,0.23881125066336462,0.574915973819211
dcff2e31c0bce001a4db5caaf4fa8822,Uruguay,Spain,2026-06-27T00:00:00Z,betrivers,5.0,3.9,1.62,h2h,0.2,0.25641025641025644,0.6172839506172839,0.18627277551742438,0.23881125066336462,0.574915973819211
dcff2e31c0bce001a4db5caaf4fa8822,Uruguay,Spain,2026-06-27T00:00:00Z,livescorebet,5.0,3.9,1.62,h2h,0.2,0.25641025641025644,0.6172839506172839,0.18627277551742438,0.23881125066336462,0.574915973819211
dcff2e31c0bce001a4db5caaf4fa8822,Uruguay,Spain,2026-06-27T00:00:00Z,unibet_se,5.0,3.9,1.62,h2h,0.2,0.25641025641025644,0.6172839506172839,0.18627277551742438,0.23881125066336462,0.574915973819211
dcff2e31c0bce001a4db5caaf4fa8822,Uruguay,Spain,2026-06-27T00:00:00Z,unibet,5.0,3.9,1.62,h2h,0.2,0.25641025641025644,0.6172839506172839,0.18627277551742438,0.23881125066336462,0.574915973819211
dcff2e31c0bce001a4db5caaf4fa8822,Uruguay,Spain,2026-06-27T00:00:00Z,draftkings,5.25,4.0,1.65,h2h,0.19047619047619047,0.25,0.6060606060606061,0.18200620475698032,0.2388831437435367,0.5791106514994829
dcff2e31c0bce001a4db5caaf4fa8822,Uruguay,Spain,2026-06-27T00:00:00Z,mybookieag,5.1,3.85,1.6,h2h,0.19607843137254904,0.2597402597402597,0.625,0.18141658076866443,0.24031806803121775,0.5782653512001178
dcff2e31c0bce001a4db5caaf4fa8822,Uruguay,Spain,2026-06-27T00:00:00Z,everygame,5.5,4.0,1.62,h2h,0.18181818181818182,0.25,0.6172839506172839,0.17330837122225196,0.23829901043059643,0.5883926183471516
dcff2e31c0bce001a4db5caaf4fa8822,Uruguay,Spain,2026-06-27T00:00:00Z,betright,5.0,3.75,1.61,h2h,0.2,0.26666666666666666,0.6211180124223602,0.18385991625428247,0.24514655500570995,0.5709935287400076
dcff2e31c0bce001a4db5caaf4fa8822,Uruguay,Spain,2026-06-27T00:00:00Z,sport888,5.0,3.7,1.61,h2h,0.2,0.27027027027027023,0.6211180124223602,0.18325283785030919,0.24763897006798533,0.5691081920817055
dcff2e31c0bce001a4db5caaf4fa8822,Uruguay,Spain,2026-06-27T00:00:00Z,williamhill,5.0,3.75,1.62,h2h,0.2,0.26666666666666666,0.6172839506172839,0.1845102505694761,0.2460136674259681,0.5694760820045558
dcff2e31c0bce001a4db5caaf4fa8822,Uruguay,Spain,2026-06-27T00:00:00Z,boylesports,5.0,3.75,1.62,h2h,0.2,0.26666666666666666,0.6172839506172839,0.1845102505694761,0.2460136674259681,0.5694760820045558
dcff2e31c0bce001a4db5caaf4fa8822,Uruguay,Spain,2026-06-27T00:00:00Z,coral,5.25,3.9,1.65,h2h,0.19047619047619047,0.25641025641025644,0.6060606060606061,0.18089816571790004,0.24351676154332702,0.5755850727387729
dcff2e31c0bce001a4db5caaf4fa8822,Uruguay,Spain,2026-06-27T00:00:00Z,ladbrokes_uk,5.25,3.9,1.61,h2h,0.19047619047619047,0.25641025641025644,0.6211180124223602,0.1783477482851178,0.24008350730688938,0.5815687444079928
dcff2e31c0bce001a4db5caaf4fa8822,Uruguay,Spain,2026-06-27T00:00:00Z,neds,5.2,3.9,1.62,h2h,0.1923076923076923,0.25641025641025644,0.6172839506172839,0.18040089086859687,0.2405345211581292,0.5790645879732739
dcff2e31c0bce001a4db5caaf4fa8822,Uruguay,Spain,2026-06-27T00:00:00Z,ladbrokes_au,5.2,3.9,1.62,h2h,0.1923076923076923,0.25641025641025644,0.6172839506172839,0.18040089086859687,0.2405345211581292,0.5790645879732739
dcff2e31c0bce001a4db5caaf4fa8822,Uruguay,Spain,2026-06-27T00:00:00Z,bovada,5.4,3.95,1.62,h2h,0.18518518518518517,0.2531645569620253,0.6172839506172839,0.17542561065877127,0.23982235381199107,0.5847520355292376
dcff2e31c0bce001a4db5caaf4fa8822,Uruguay,Spain,2026-06-27T00:00:00Z,betclic_fr,5.1,3.78,1.57,h2h,0.19607843137254904,0.2645502645502646,0.6369426751592356,0.17864754542499006,0.24103240255752628,0.5803200520174836
dcff2e31c0bce001a4db5caaf4fa8822,Uruguay,Spain,2026-06-27T00:00:00Z,tab,5.0,3.7,1.68,h2h,0.2,0.27027027027027023,0.5952380952380952,0.18770382896485086,0.25365382292547406,0.5586423481096751
581691da05dcd75b5c6d3be91ee9d2ab,New Zealand,Belgium,2026-06-27T03:00:00Z,sportsbet,11.0,5.5,1.25,h2h,0.09090909090909091,0.18181818181818182,0.8,0.0847457627118644,0.1694915254237288,0.7457627118644068
581691da05dcd75b5c6d3be91ee9d2ab,New Zealand,Belgium,2026-06-27T03:00:00Z,betr_au,10.0,5.25,1.28,h2h,0.1,0.19047619047619047,0.78125,0.09330741460705361,0.17772840877534019,0.7289641766176063
581691da05dcd75b5c6d3be91ee9d2ab,New Zealand,Belgium,2026-06-27T03:00:00Z,betfred_uk,10.0,5.5,1.29,h2h,0.1,0.18181818181818182,0.7751937984496123,0.09460630708713914,0.17201146743116208,0.7333822254816987
581691da05dcd75b5c6d3be91ee9d2ab,New Zealand,Belgium,2026-06-27T03:00:00Z,smarkets,11.0,5.8,1.32,h2h,0.09090909090909091,0.1724137931034483,0.7575757575757576,0.08904810644831115,0.16888433981576254,0.7420675537359263
581691da05dcd75b5c6d3be91ee9d2ab,New Zealand,Belgium,2026-06-27T03:00:00Z,unibet_uk,9.0,5.25,1.3,h2h,0.1111111111111111,0.19047619047619047,0.7692307692307692,0.10376282782212086,0.17787913340935005,0.718358038768529
581691da05dcd75b5c6d3be91ee9d2ab,New Zealand,Belgium,2026-06-27T03:00:00Z,fanduel,11.0,5.6,1.28,h2h,0.09090909090909091,0.17857142857142858,0.78125,0.0865198918501352,0.16994978756276555,0.7435303205870993
581691da05dcd75b5c6d3be91ee9d2ab,New Zealand,Belgium,2026-06-27T03:00:00Z,gtbets,10.02,5.58,1.3,h2h,0.0998003992015968,0.17921146953405018,0.7692307692307692,0.09520734569165104,0.17096372828500778,0.733828926023341
581691da05dcd75b5c6d3be91ee9d2ab,New Zealand,Belgium,2026-06-27T03:00:00Z,paddypower,11.0,5.5,1.25,h2h,0.09090909090909091,0.18181818181818182,0.8,0.0847457627118644,0.1694915254237288,0.7457627118644068
581691da05dcd75b5c6d3be91ee9d2ab,New Zealand,Belgium,2026-06-27T03:00:00Z,skybet,10.0,5.5,1.25,h2h,0.1,0.18181818181818182,0.8,0.09243697478991596,0.1680672268907563,0.7394957983193277
581691da05dcd75b5c6d3be91ee9d2ab,New Zealand,Belgium,2026-06-27T03:00:00Z,marathonbet,10.75,5.6,1.25,h2h,0.09302325581395349,0.17857142857142858,0.8,0.08680824678344443,0.1666408308789335,0.7465509223376221
581691da05dcd75b5c6d3be91ee9d2ab,New Zealand,Belgium,2026-06-27T03:00:00Z,pinnacle,9.6,5.71,1.26,h2h,0.10416666666666667,0.17513134851138354,0.7936507936507936,0.09708447020913119,0.1632243281974885,0.7396912015933804
581691da05dcd75b5c6d3be91ee9d2ab,New Zealand,Belgium,2026-06-27T03:00:00Z,betonlineag,8.8,5.3,1.29,h2h,0.11363636363636363,0.18867924528301888,0.7751937984496123,0.10546206173163246,0.17510681947893691,0.7194311187894307
581691da05dcd75b5c6d3be91ee9d2ab,New Zealand,Belgium,2026-06-27T03:00:00Z,casumo,9.0,6.0,1.26,h2h,0.1111111111111111,0.16666666666666666,0.7936507936507936,0.1037037037037037,0.15555555555555556,0.7407407407407407
581691da05dcd75b5c6d3be91ee9d2ab,New Zealand,Belgium,2026-06-27T03:00:00Z,unibet_nl,9.0,6.0,1.26,h2h,0.1111111111111111,0.16666666666666666,0.7936507936507936,0.1037037037037037,0.15555555555555556,0.7407407407407407
581691da05dcd75b5c6d3be91ee9d2ab,New Zealand,Belgium,2026-06-27T03:00:00Z,virginbet,9.0,6.0,1.26,h2h,0.1111111111111111,0.16666666666666666,0.7936507936507936,0.1037037037037037,0.15555555555555556,0.7407407407407407
581691da05dcd75b5c6d3be91ee9d2ab,New Zealand,Belgium,2026-06-27T03:00:00Z,leovegas_se,9.0,6.0,1.26,h2h,0.1111111111111111,0.16666666666666666,0.7936507936507936,0.1037037037037037,0.15555555555555556,0.7407407407407407
581691da05dcd75b5c6d3be91ee9d2ab,New Zealand,Belgium,2026-06-27T03:00:00Z,grosvenor,9.0,6.0,1.26,h2h,0.1111111111111111,0.16666666666666666,0.7936507936507936,0.1037037037037037,0.15555555555555556,0.7407407407407407
581691da05dcd75b5c6d3be91ee9d2ab,New Zealand,Belgium,2026-06-27T03:00:00Z,tabtouch,9.0,6.0,1.26,h2h,0.1111111111111111,0.16666666666666666,0.7936507936507936,0.1037037037037037,0.15555555555555556,0.7407407407407407
581691da05dcd75b5c6d3be91ee9d2ab,New Zealand,Belgium,2026-06-27T03:00:00Z,leovegas,9.0,6.0,1.26,h2h,0.1111111111111111,0.16666666666666666,0.7936507936507936,0.1037037037037037,0.15555555555555556,0.7407407407407407
581691da05dcd75b5c6d3be91ee9d2ab,New Zealand,Belgium,2026-06-27T03:00:00Z,betrivers,9.0,6.0,1.26,h2h,0.1111111111111111,0.16666666666666666,0.7936507936507936,0.1037037037037037,0.15555555555555556,0.7407407407407407
581691da05dcd75b5c6d3be91ee9d2ab,New Zealand,Belgium,2026-06-27T03:00:00Z,livescorebet,9.0,6.0,1.26,h2h,0.1111111111111111,0.16666666666666666,0.7936507936507936,0.1037037037037037,0.15555555555555556,0.7407407407407407
581691da05dcd75b5c6d3be91ee9d2ab,New Zealand,Belgium,2026-06-27T03:00:00Z,unibet_se,9.0,6.0,1.26,h2h,0.1111111111111111,0.16666666666666666,0.7936507936507936,0.1037037037037037,0.15555555555555556,0.7407407407407407
581691da05dcd75b5c6d3be91ee9d2ab,New Zealand,Belgium,2026-06-27T03:00:00Z,unibet,9.0,6.0,1.26,h2h,0.1111111111111111,0.16666666666666666,0.7936507936507936,0.1037037037037037,0.15555555555555556,0.7407407407407407
581691da05dcd75b5c6d3be91ee9d2ab,New Zealand,Belgium,2026-06-27T03:00:00Z,draftkings,10.0,5.75,1.29,h2h,0.1,0.17391304347826086,0.7751937984496123,0.09531917627782954,0.1657724804831818,0.7389083432389886
581691da05dcd75b5c6d3be91ee9d2ab,New Zealand,Belgium,2026-06-27T03:00:00Z,mybookieag,8.7,5.2,1.29,h2h,0.1149425287356322,0.1923076923076923,0.7751937984496123,0.10618796599705563,0.17766063541815075,0.7161513985847937
581691da05dcd75b5c6d3be91ee9d2ab,New Zealand,Belgium,2026-06-27T03:00:00Z,everygame,10.0,6.0,1.28,h2h,0.1,0.16666666666666666,0.78125,0.09542743538767397,0.15904572564612326,0.7455268389662029
581691da05dcd75b5c6d3be91ee9d2ab,New Zealand,Belgium,2026-06-27T03:00:00Z,betright,10.0,5.0,1.27,h2h,0.1,0.2,0.7874015748031495,0.09196234612599566,0.18392469225199132,0.724112961622013
581691da05dcd75b5c6d3be91ee9d2ab,New Zealand,Belgium,2026-06-27T03:00:00Z,sport888,9.5,5.0,1.25,h2h,0.10526315789473684,0.2,0.8,0.09523809523809522,0.18095238095238095,0.7238095238095238
581691da05dcd75b5c6d3be91ee9d2ab,New Zealand,Belgium,2026-06-27T03:00:00Z,williamhill,10.0,5.5,1.25,h2h,0.1,0.18181818181818182,0.8,0.09243697478991596,0.1680672268907563,0.7394957983193277
581691da05dcd75b5c6d3be91ee9d2ab,New Zealand,Belgium,2026-06-27T03:00:00Z,boylesports,10.0,5.0,1.29,h2h,0.1,0.2,0.7751937984496123,0.09300648882480175,0.1860129776496035,0.7209805335255949
581691da05dcd75b5c6d3be91ee9d2ab,New Zealand,Belgium,2026-06-27T03:00:00Z,ladbrokes_uk,9.0,5.5,1.3,h2h,0.1111111111111111,0.18181818181818182,0.7692307692307692,0.10460863204096563,0.17117776152158012,0.7242136064374544
581691da05dcd75b5c6d3be91ee9d2ab,New Zealand,Belgium,2026-06-27T03:00:00Z,ladbrokes_au,8.75,5.4,1.3,h2h,0.11428571428571428,0.18518518518518517,0.7692307692307692,0.10693883768756189,0.17328052403077157,0.7197806382816665
581691da05dcd75b5c6d3be91ee9d2ab,New Zealand,Belgium,2026-06-27T03:00:00Z,neds,8.75,5.4,1.3,h2h,0.11428571428571428,0.18518518518518517,0.7692307692307692,0.10693883768756189,0.17328052403077157,0.7197806382816665
581691da05dcd75b5c6d3be91ee9d2ab,New Zealand,Belgium,2026-06-27T03:00:00Z,coral,9.0,5.5,1.3,h2h,0.1111111111111111,0.18181818181818182,0.7692307692307692,0.10460863204096563,0.17117776152158012,0.7242136064374544
581691da05dcd75b5c6d3be91ee9d2ab,New Zealand,Belgium,2026-06-27T03:00:00Z,bovada,10.0,6.0,1.27,h2h,0.1,0.16666666666666666,0.7874015748031495,0.09487051792828687,0.15811752988047809,0.7470119521912351
581691da05dcd75b5c6d3be91ee9d2ab,New Zealand,Belgium,2026-06-27T03:00:00Z,betclic_fr,8.5,5.1,1.27,h2h,0.11764705882352941,0.19607843137254904,0.7874015748031495,0.106842400448682,0.17807066741447003,0.715086932136848
581691da05dcd75b5c6d3be91ee9d2ab,New Zealand,Belgium,2026-06-27T03:00:00Z,winamax_de,7.25,4.9,1.25,h2h,0.13793103448275862,0.2040816326530612,0.8,0.1207789006655164,0.17870347547448853,0.7005176238599952
581691da05dcd75b5c6d3be91ee9d2ab,New Zealand,Belgium,2026-06-27T03:00:00Z,winamax_fr,6.75,4.5,1.22,h2h,0.14814814814814814,0.2222222222222222,0.819672131147541,0.12448979591836735,0.18673469387755104,0.6887755102040817
581691da05dcd75b5c6d3be91ee9d2ab,New Zealand,Belgium,2026-06-27T03:00:00Z,tab,10.0,4.75,1.32,h2h,0.1,0.21052631578947367,0.7575757575757576,0.09362401075108258,0.19710318052859488,0.7092728087203225
581691da05dcd75b5c6d3be91ee9d2ab,New Zealand,Belgium,2026-06-27T03:00:00Z,tipico_de,9.0,5.3,1.27,h2h,0.1111111111111111,0.18867924528301888,0.7874015748031495,0.10220008806425654,0.17354731935439793,0.7242525925813456
3e3b5fa2b3c963e74cf044c60db0b573,Egypt,Iran,2026-06-27T03:00:00Z,sportsbet,2.3,3.1,3.3,h2h,0.4347826086956522,0.3225806451612903,0.30303030303030304,0.41002004008016035,0.30420841683366734,0.28577154308617236
3e3b5fa2b3c963e74cf044c60db0b573,Egypt,Iran,2026-06-27T03:00:00Z,smarkets,2.2,2.94,3.6,h2h,0.45454545454545453,0.3401360544217687,0.2777777777777778,0.42383469485824127,0.3171552138395003,0.25901009130225855
3e3b5fa2b3c963e74cf044c60db0b573,Egypt,Iran,2026-06-27T03:00:00Z,gtbets,2.38,3.08,3.62,h2h,0.42016806722689076,0.3246753246753247,0.27624309392265195,0.4114911646171334,0.3179704453859667,0.2705383899968999
3e3b5fa2b3c963e74cf044c60db0b573,Egypt,Iran,2026-06-27T03:00:00Z,winamax_fr,2.0,2.7,3.05,h2h,0.5,0.37037037037037035,0.3278688524590164,0.41727894603496324,0.30909551558145426,0.2736255383835825
3e3b5fa2b3c963e74cf044c60db0b573,Egypt,Iran,2026-06-27T03:00:00Z,unibet_uk,2.25,2.95,3.5,h2h,0.4444444444444444,0.3389830508474576,0.2857142857142857,0.41570206341217913,0.31706089582284847,0.2672370407649723
3e3b5fa2b3c963e74cf044c60db0b573,Egypt,Iran,2026-06-27T03:00:00Z,betr_au,2.25,3.1,3.3,h2h,0.4444444444444444,0.3225806451612903,0.30303030303030304,0.415347137637028,0.30146163215590743,0.2831912302070646
3e3b5fa2b3c963e74cf044c60db0b573,Egypt,Iran,2026-06-27T03:00:00Z,betfred_uk,2.25,3.1,3.4,h2h,0.4444444444444444,0.3225806451612903,0.29411764705882354,0.41883568448241604,0.3039936419630439,0.27717067355454006
3e3b5fa2b3c963e74cf044c60db0b573,Egypt,Iran,2026-06-27T03:00:00Z,skybet,2.3,3.1,3.25,h2h,0.4347826086956522,0.3225806451612903,0.3076923076923077,0.40822528363047,0.3028768233387358,0.28889789303079416
3e3b5fa2b3c963e74cf044c60db0b573,Egypt,Iran,2026-06-27T03:00:00Z,paddypower,2.3,3.1,3.3,h2h,0.4347826086956522,0.3225806451612903,0.30303030303030304,0.41002004008016035,0.30420841683366734,0.28577154308617236
3e3b5fa2b3c963e74cf044c60db0b573,Egypt,Iran,2026-06-27T03:00:00Z,fanduel,2.35,3.1,3.3,h2h,0.425531914893617,0.3225806451612903,0.30303030303030304,0.4048278591214879,0.3068856351404828,0.2882865057380293
3e3b5fa2b3c963e74cf044c60db0b573,Egypt,Iran,2026-06-27T03:00:00Z,marathonbet,2.27,2.94,3.44,h2h,0.44052863436123346,0.3401360544217687,0.29069767441860467,0.41118546767386827,0.3174799359250616,0.27133459640107005
3e3b5fa2b3c963e74cf044c60db0b573,Egypt,Iran,2026-06-27T03:00:00Z,pinnacle,2.22,2.99,3.55,h2h,0.4504504504504504,0.33444816053511706,0.28169014084507044,0.4223281463238015,0.3135680551300466,0.26410379854615196
3e3b5fa2b3c963e74cf044c60db0b573,Egypt,Iran,2026-06-27T03:00:00Z,betonlineag,2.32,3.2,3.44,h2h,0.4310344827586207,0.3125,0.29069767441860467,0.41676762781681603,0.30215653016719163,0.2810758420159922
3e3b5fa2b3c963e74cf044c60db0b573,Egypt,Iran,2026-06-27T03:00:00Z,casumo,2.4,3.0,3.1,h2h,0.4166666666666667,0.3333333333333333,0.3225806451612903,0.3884711779448622,0.3107769423558897,0.3007518796992481
3e3b5fa2b3c963e74cf044c60db0b573,Egypt,Iran,2026-06-27T03:00:00Z,unibet_nl,2.4,3.0,3.1,h2h,0.4166666666666667,0.3333333333333333,0.3225806451612903,0.3884711779448622,0.3107769423558897,0.3007518796992481
3e3b5fa2b3c963e74cf044c60db0b573,Egypt,Iran,2026-06-27T03:00:00Z,virginbet,2.4,3.0,3.1,h2h,0.4166666666666667,0.3333333333333333,0.3225806451612903,0.3884711779448622,0.3107769423558897,0.3007518796992481
3e3b5fa2b3c963e74cf044c60db0b573,Egypt,Iran,2026-06-27T03:00:00Z,leovegas_se,2.4,3.0,3.1,h2h,0.4166666666666667,0.3333333333333333,0.3225806451612903,0.3884711779448622,0.3107769423558897,0.3007518796992481
3e3b5fa2b3c963e74cf044c60db0b573,Egypt,Iran,2026-06-27T03:00:00Z,grosvenor,2.4,3.0,3.1,h2h,0.4166666666666667,0.3333333333333333,0.3225806451612903,0.3884711779448622,0.3107769423558897,0.3007518796992481
3e3b5fa2b3c963e74cf044c60db0b573,Egypt,Iran,2026-06-27T03:00:00Z,tabtouch,2.4,3.0,3.1,h2h,0.4166666666666667,0.3333333333333333,0.3225806451612903,0.3884711779448622,0.3107769423558897,0.3007518796992481
3e3b5fa2b3c963e74cf044c60db0b573,Egypt,Iran,2026-06-27T03:00:00Z,leovegas,2.4,3.0,3.1,h2h,0.4166666666666667,0.3333333333333333,0.3225806451612903,0.3884711779448622,0.3107769423558897,0.3007518796992481
3e3b5fa2b3c963e74cf044c60db0b573,Egypt,Iran,2026-06-27T03:00:00Z,betrivers,2.4,3.0,3.1,h2h,0.4166666666666667,0.3333333333333333,0.3225806451612903,0.3884711779448622,0.3107769423558897,0.3007518796992481
3e3b5fa2b3c963e74cf044c60db0b573,Egypt,Iran,2026-06-27T03:00:00Z,livescorebet,2.4,3.0,3.1,h2h,0.4166666666666667,0.3333333333333333,0.3225806451612903,0.3884711779448622,0.3107769423558897,0.3007518796992481
3e3b5fa2b3c963e74cf044c60db0b573,Egypt,Iran,2026-06-27T03:00:00Z,unibet_se,2.4,3.0,3.1,h2h,0.4166666666666667,0.3333333333333333,0.3225806451612903,0.3884711779448622,0.3107769423558897,0.3007518796992481
3e3b5fa2b3c963e74cf044c60db0b573,Egypt,Iran,2026-06-27T03:00:00Z,unibet,2.4,3.0,3.1,h2h,0.4166666666666667,0.3333333333333333,0.3225806451612903,0.3884711779448622,0.3107769423558897,0.3007518796992481
3e3b5fa2b3c963e74cf044c60db0b573,Egypt,Iran,2026-06-27T03:00:00Z,draftkings,2.25,3.05,3.6,h2h,0.4444444444444444,0.3278688524590164,0.2777777777777778,0.4232437120555073,0.31222896790980054,0.2645273200346921
3e3b5fa2b3c963e74cf044c60db0b573,Egypt,Iran,2026-06-27T03:00:00Z,mybookieag,2.21,2.93,3.5,h2h,0.45248868778280543,0.341296928327645,0.2857142857142857,0.41916510322783707,0.3161620744483003,0.2646728223238628
3e3b5fa2b3c963e74cf044c60db0b573,Egypt,Iran,2026-06-27T03:00:00Z,everygame,2.25,3.05,3.6,h2h,0.4444444444444444,0.3278688524590164,0.2777777777777778,0.4232437120555073,0.31222896790980054,0.2645273200346921
3e3b5fa2b3c963e74cf044c60db0b573,Egypt,Iran,2026-06-27T03:00:00Z,betright,2.2,3.05,3.25,h2h,0.45454545454545453,0.3278688524590164,0.3076923076923077,0.4169733936270901,0.30076769376380275,0.2822589126091072
3e3b5fa2b3c963e74cf044c60db0b573,Egypt,Iran,2026-06-27T03:00:00Z,sport888,2.25,2.9,3.3,h2h,0.4444444444444444,0.3448275862068966,0.30303030303030304,0.40688775510204084,0.31568877551020413,0.27742346938775514
3e3b5fa2b3c963e74cf044c60db0b573,Egypt,Iran,2026-06-27T03:00:00Z,williamhill,2.3,2.9,3.3,h2h,0.4347826086956522,0.3448275862068966,0.30303030303030304,0.40159462861938733,0.3185060847671003,0.2798992866135124
3e3b5fa2b3c963e74cf044c60db0b573,Egypt,Iran,2026-06-27T03:00:00Z,boylesports,2.2,3.0,3.5,h2h,0.45454545454545453,0.3333333333333333,0.2857142857142857,0.4233870967741935,0.3104838709677419,0.2661290322580645
3e3b5fa2b3c963e74cf044c60db0b573,Egypt,Iran,2026-06-27T03:00:00Z,coral,2.25,3.1,3.5,h2h,0.4444444444444444,0.3225806451612903,0.2857142857142857,0.4221789883268483,0.3064202334630351,0.27140077821011677
3e3b5fa2b3c963e74cf044c60db0b573,Egypt,Iran,2026-06-27T03:00:00Z,ladbrokes_uk,2.25,3.0,3.4,h2h,0.4444444444444444,0.3333333333333333,0.29411764705882354,0.4146341463414634,0.31097560975609756,0.27439024390243905
3e3b5fa2b3c963e74cf044c60db0b573,Egypt,Iran,2026-06-27T03:00:00Z,ladbrokes_au,2.25,3.0,3.4,h2h,0.4444444444444444,0.3333333333333333,0.29411764705882354,0.4146341463414634,0.31097560975609756,0.27439024390243905
3e3b5fa2b3c963e74cf044c60db0b573,Egypt,Iran,2026-06-27T03:00:00Z,neds,2.25,3.0,3.4,h2h,0.4444444444444444,0.3333333333333333,0.29411764705882354,0.4146341463414634,0.31097560975609756,0.27439024390243905
3e3b5fa2b3c963e74cf044c60db0b573,Egypt,Iran,2026-06-27T03:00:00Z,bovada,2.25,3.0,3.6,h2h,0.4444444444444444,0.3333333333333333,0.2777777777777778,0.4210526315789474,0.31578947368421056,0.26315789473684215
3e3b5fa2b3c963e74cf044c60db0b573,Egypt,Iran,2026-06-27T03:00:00Z,betclic_fr,2.15,2.9,3.45,h2h,0.46511627906976744,0.3448275862068966,0.2898550724637681,0.4229102821515376,0.3135369333192434,0.2635527845292191
3e3b5fa2b3c963e74cf044c60db0b573,Egypt,Iran,2026-06-27T03:00:00Z,winamax_de,2.05,2.85,3.2,h2h,0.48780487804878053,0.3508771929824561,0.3125,0.42374259495876415,0.3047973051457777,0.2714600998954583
3e3b5fa2b3c963e74cf044c60db0b573,Egypt,Iran,2026-06-27T03:00:00Z,tab,2.2,3.0,3.5,h2h,0.45454545454545453,0.3333333333333333,0.2857142857142857,0.4233870967741935,0.3104838709677419,0.2661290322580645
3e3b5fa2b3c963e74cf044c60db0b573,Egypt,Iran,2026-06-27T03:00:00Z,tipico_de,2.2,2.9,3.5,h2h,0.45454545454545453,0.3448275862068966,0.2857142857142857,0.4189021873710276,0.3177878662814692,0.26330994634750304
537c0997cd899394f47f16545b7068b2,Croatia,Ghana,2026-06-27T21:00:00Z,sportsbet,1.66,3.75,5.0,h2h,0.6024096385542169,0.26666666666666666,0.2,0.5634861006761833,0.2494365138993238,0.18707738542449287
537c0997cd899394f47f16545b7068b2,Croatia,Ghana,2026-06-27T21:00:00Z,tipico_de,1.6,3.7,5.2,h2h,0.625,0.27027027027027023,0.1923076923076923,0.5746714456391876,0.24850657108721624,0.1768219832735962
537c0997cd899394f47f16545b7068b2,Croatia,Ghana,2026-06-27T21:00:00Z,unibet_uk,1.65,3.75,5.25,h2h,0.6060606060606061,0.26666666666666666,0.19047619047619047,0.5700325732899023,0.250814332247557,0.17915309446254069
537c0997cd899394f47f16545b7068b2,Croatia,Ghana,2026-06-27T21:00:00Z,winamax_fr,1.52,3.35,4.3,h2h,0.6578947368421053,0.29850746268656714,0.23255813953488372,0.5533361502708102,0.2510659547497407,0.19559789497944916
537c0997cd899394f47f16545b7068b2,Croatia,Ghana,2026-06-27T21:00:00Z,winamax_de,1.56,3.5,4.5,h2h,0.641025641025641,0.2857142857142857,0.2222222222222222,0.5579171094580234,0.24867162592986186,0.19341126461211477
537c0997cd899394f47f16545b7068b2,Croatia,Ghana,2026-06-27T21:00:00Z,gtbets,1.74,3.72,5.21,h2h,0.5747126436781609,0.26881720430107525,0.19193857965451055,0.5550267186721421,0.25960927163696973,0.18536400969088818
537c0997cd899394f47f16545b7068b2,Croatia,Ghana,2026-06-27T21:00:00Z,skybet,1.67,3.6,5.0,h2h,0.5988023952095809,0.2777777777777778,0.2,0.5562078981521538,0.25801866386502686,0.18577343798281934
537c0997cd899394f47f16545b7068b2,Croatia,Ghana,2026-06-27T21:00:00Z,betfred_uk,1.67,3.75,5.0,h2h,0.5988023952095809,0.26666666666666666,0.2,0.562008242787561,0.2502810041213938,0.18771075309104535
537c0997cd899394f47f16545b7068b2,Croatia,Ghana,2026-06-27T21:00:00Z,fanduel,1.69,3.8,5.4,h2h,0.591715976331361,0.2631578947368421,0.18518518518518517,0.5689253632028392,0.2530220694244205,0.17805256737274036
537c0997cd899394f47f16545b7068b2,Croatia,Ghana,2026-06-27T21:00:00Z,betr_au,1.65,3.7,5.25,h2h,0.6060606060606061,0.27027027027027023,0.19047619047619047,0.5681070410177671,0.2533450318052204,0.17854792717701248
537c0997cd899394f47f16545b7068b2,Croatia,Ghana,2026-06-27T21:00:00Z,paddypower,1.67,3.75,5.0,h2h,0.5988023952095809,0.26666666666666666,0.2,0.562008242787561,0.2502810041213938,0.18771075309104535
537c0997cd899394f47f16545b7068b2,Croatia,Ghana,2026-06-27T21:00:00Z,smarkets,1.61,3.8,6.0,h2h,0.6211180124223602,0.2631578947368421,0.16666666666666666,0.5910104204468868,0.2504017833998652,0.15858779615324795
537c0997cd899394f47f16545b7068b2,Croatia,Ghana,2026-06-27T21:00:00Z,marathonbet,1.61,3.76,5.4,h2h,0.6211180124223602,0.26595744680851063,0.18518518518518517,0.579260290543085,0.24803432653573587,0.17270538292117904
537c0997cd899394f47f16545b7068b2,Croatia,Ghana,2026-06-27T21:00:00Z,pinnacle,1.6,3.77,5.46,h2h,0.625,0.26525198938992045,0.18315018315018314,0.5822607928219461,0.24711333382363762,0.17062587335441642
537c0997cd899394f47f16545b7068b2,Croatia,Ghana,2026-06-27T21:00:00Z,betonlineag,1.69,3.7,5.7,h2h,0.591715976331361,0.27027027027027023,0.17543859649122806,0.5703699697100822,0.2605203375162267,0.16910969277369103
537c0997cd899394f47f16545b7068b2,Croatia,Ghana,2026-06-27T21:00:00Z,leovegas,1.65,3.75,5.6,h2h,0.6060606060606061,0.26666666666666666,0.17857142857142858,0.5764875437512867,0.25365451925056615,0.169857936998147
537c0997cd899394f47f16545b7068b2,Croatia,Ghana,2026-06-27T21:00:00Z,grosvenor,1.63,3.7,5.5,h2h,0.6134969325153374,0.27027027027027023,0.18181818181818182,0.5757369999434165,0.2536354891642618,0.17062751089232162
537c0997cd899394f47f16545b7068b2,Croatia,Ghana,2026-06-27T21:00:00Z,leovegas_se,1.65,3.75,5.6,h2h,0.6060606060606061,0.26666666666666666,0.17857142857142858,0.5764875437512867,0.25365451925056615,0.169857936998147
537c0997cd899394f47f16545b7068b2,Croatia,Ghana,2026-06-27T21:00:00Z,casumo,1.65,3.75,5.6,h2h,0.6060606060606061,0.26666666666666666,0.17857142857142858,0.5764875437512867,0.25365451925056615,0.169857936998147
537c0997cd899394f47f16545b7068b2,Croatia,Ghana,2026-06-27T21:00:00Z,tabtouch,1.63,3.65,5.4,h2h,0.6134969325153374,0.273972602739726,0.18518518518518517,0.5719426026145119,0.25541546363332995,0.1726419337521582
537c0997cd899394f47f16545b7068b2,Croatia,Ghana,2026-06-27T21:00:00Z,unibet_nl,1.66,3.8,5.8,h2h,0.6024096385542169,0.2631578947368421,0.1724137931034483,0.5803665472930273,0.25352854434379607,0.16610490836317676
537c0997cd899394f47f16545b7068b2,Croatia,Ghana,2026-06-27T21:00:00Z,betrivers,1.65,3.75,5.6,h2h,0.6060606060606061,0.26666666666666666,0.17857142857142858,0.5764875437512867,0.25365451925056615,0.169857936998147
537c0997cd899394f47f16545b7068b2,Croatia,Ghana,2026-06-27T21:00:00Z,unibet_se,1.66,3.8,5.75,h2h,0.6024096385542169,0.2631578947368421,0.17391304347826086,0.5795294804126991,0.2531628782855475,0.16730764130175313
537c0997cd899394f47f16545b7068b2,Croatia,Ghana,2026-06-27T21:00:00Z,unibet,1.63,3.65,5.4,h2h,0.6134969325153374,0.273972602739726,0.18518518518518517,0.5719426026145119,0.25541546363332995,0.1726419337521582
537c0997cd899394f47f16545b7068b2,Croatia,Ghana,2026-06-27T21:00:00Z,draftkings,1.67,3.85,5.5,h2h,0.5988023952095809,0.2597402597402597,0.18181818181818182,0.5755718343549111,0.2496636268500523,0.17476453879503664
537c0997cd899394f47f16545b7068b2,Croatia,Ghana,2026-06-27T21:00:00Z,mybookieag,1.64,3.65,5.1,h2h,0.6097560975609756,0.273972602739726,0.19607843137254904,0.5646898225390565,0.2537236462915213,0.18158653116942214
537c0997cd899394f47f16545b7068b2,Croatia,Ghana,2026-06-27T21:00:00Z,everygame,1.62,3.9,5.5,h2h,0.6172839506172839,0.25641025641025644,0.18181818181818182,0.5848192376901684,0.24292491411745462,0.17225584819237688
537c0997cd899394f47f16545b7068b2,Croatia,Ghana,2026-06-27T21:00:00Z,sport888,1.65,3.5,5.0,h2h,0.6060606060606061,0.2857142857142857,0.2,0.5551149881046789,0.2616970658207772,0.18318794607454403
537c0997cd899394f47f16545b7068b2,Croatia,Ghana,2026-06-27T21:00:00Z,williamhill,1.67,3.6,5.0,h2h,0.5988023952095809,0.2777777777777778,0.2,0.5562078981521538,0.25801866386502686,0.18577343798281934
537c0997cd899394f47f16545b7068b2,Croatia,Ghana,2026-06-27T21:00:00Z,betright,1.65,3.55,5.0,h2h,0.6060606060606061,0.28169014084507044,0.2,0.557168641607157,0.25896570666248137,0.1838656517303618
537c0997cd899394f47f16545b7068b2,Croatia,Ghana,2026-06-27T21:00:00Z,boylesports,1.6,3.75,5.5,h2h,0.625,0.26666666666666666,0.18181818181818182,0.5822159491884262,0.2484121383203952,0.16937191249117856
537c0997cd899394f47f16545b7068b2,Croatia,Ghana,2026-06-27T21:00:00Z,neds,1.68,3.6,5.0,h2h,0.5952380952380952,0.2777777777777778,0.2,0.5547337278106509,0.25887573964497046,0.1863905325443787
537c0997cd899394f47f16545b7068b2,Croatia,Ghana,2026-06-27T21:00:00Z,coral,1.7,3.7,5.25,h2h,0.5882352941176471,0.27027027027027023,0.19047619047619047,0.5607678983833718,0.2576501154734411,0.18158198614318705
537c0997cd899394f47f16545b7068b2,Croatia,Ghana,2026-06-27T21:00:00Z,ladbrokes_uk,1.7,3.7,5.0,h2h,0.5882352941176471,0.27027027027027023,0.2,0.5557224391709222,0.2553319315109642,0.18894562931811357
537c0997cd899394f47f16545b7068b2,Croatia,Ghana,2026-06-27T21:00:00Z,ladbrokes_au,1.68,3.6,5.0,h2h,0.5952380952380952,0.2777777777777778,0.2,0.5547337278106509,0.25887573964497046,0.1863905325443787
537c0997cd899394f47f16545b7068b2,Croatia,Ghana,2026-06-27T21:00:00Z,bovada,1.62,3.85,5.6,h2h,0.6172839506172839,0.2597402597402597,0.17857142857142858,0.5847731156255933,0.2460603759255743,0.16916650844883235
537c0997cd899394f47f16545b7068b2,Croatia,Ghana,2026-06-27T21:00:00Z,betclic_fr,1.6,3.6,5.1,h2h,0.625,0.2777777777777778,0.19607843137254904,0.5687732342007434,0.2527881040892193,0.1784386617100372
537c0997cd899394f47f16545b7068b2,Croatia,Ghana,2026-06-27T21:00:00Z,tab,1.68,3.6,5.5,h2h,0.5952380952380952,0.2777777777777778,0.18181818181818182,0.5642954856361149,0.26333789329685364,0.17236662106703146
4be17c8e1ccfecb0f2a5ef79e045c415,Panama,England,2026-06-27T21:00:00Z,sportsbet,10.5,6.0,1.25,h2h,0.09523809523809523,0.16666666666666666,0.8,0.08968609865470852,0.1569506726457399,0.7533632286995516
4be17c8e1ccfecb0f2a5ef79e045c415,Panama,England,2026-06-27T21:00:00Z,betr_au,10.0,5.5,1.27,h2h,0.1,0.18181818181818182,0.7874015748031495,0.09352614313449824,0.170047532971815,0.7364263238936869
4be17c8e1ccfecb0f2a5ef79e045c415,Panama,England,2026-06-27T21:00:00Z,fanduel,10.5,6.0,1.26,h2h,0.09523809523809523,0.16666666666666666,0.7936507936507936,0.09022556390977444,0.15789473684210528,0.7518796992481204
4be17c8e1ccfecb0f2a5ef79e045c415,Panama,England,2026-06-27T21:00:00Z,tipico_de,8.5,5.5,1.27,h2h,0.11764705882352941,0.18181818181818182,0.7874015748031495,0.10824422749108943,0.16728653339532004,0.7244692391135906
4be17c8e1ccfecb0f2a5ef79e045c415,Panama,England,2026-06-27T21:00:00Z,unibet_uk,9.0,5.25,1.3,h2h,0.1111111111111111,0.19047619047619047,0.7692307692307692,0.10376282782212086,0.17787913340935005,0.718358038768529
4be17c8e1ccfecb0f2a5ef79e045c415,Panama,England,2026-06-27T21:00:00Z,winamax_fr,6.5,4.7,1.22,h2h,0.15384615384615385,0.2127659574468085,0.819672131147541,0.12968742932102956,0.17935495544397703,0.6909576152349934
4be17c8e1ccfecb0f2a5ef79e045c415,Panama,England,2026-06-27T21:00:00Z,betfred_uk,10.0,5.5,1.29,h2h,0.1,0.18181818181818182,0.7751937984496123,0.09460630708713914,0.17201146743116208,0.7333822254816987
4be17c8e1ccfecb0f2a5ef79e045c415,Panama,England,2026-06-27T21:00:00Z,winamax_de,7.0,5.1,1.24,h2h,0.14285714285714285,0.19607843137254904,0.8064516129032259,0.12472388766172293,0.17118964973177658,0.7040864626065004
4be17c8e1ccfecb0f2a5ef79e045c415,Panama,England,2026-06-27T21:00:00Z,gtbets,8.97,5.87,1.32,h2h,0.11148272017837234,0.17035775127768313,0.7575757575757576,0.10725512750769281,0.16389752874684918,0.7288473437454581
4be17c8e1ccfecb0f2a5ef79e045c415,Panama,England,2026-06-27T21:00:00Z,skybet,9.0,6.0,1.25,h2h,0.1111111111111111,0.16666666666666666,0.8,0.10309278350515462,0.15463917525773194,0.7422680412371133
4be17c8e1ccfecb0f2a5ef79e045c415,Panama,England,2026-06-27T21:00:00Z,paddypower,10.0,5.5,1.25,h2h,0.1,0.18181818181818182,0.8,0.09243697478991596,0.1680672268907563,0.7394957983193277
4be17c8e1ccfecb0f2a5ef79e045c415,Panama,England,2026-06-27T21:00:00Z,smarkets,10.0,6.4,1.3,h2h,0.1,0.15625,0.7692307692307692,0.09751523675574308,0.15236755743084857,0.7501172058134082
4be17c8e1ccfecb0f2a5ef79e045c415,Panama,England,2026-06-27T21:00:00Z,marathonbet,9.9,5.85,1.25,h2h,0.10101010101010101,0.17094017094017094,0.8,0.09423021165555233,0.15946651203247317,0.7463032763119745
4be17c8e1ccfecb0f2a5ef79e045c415,Panama,England,2026-06-27T21:00:00Z,pinnacle,7.5,6.34,1.27,h2h,0.13333333333333333,0.15772870662460567,0.7874015748031495,0.12363266735046097,0.1462531553830374,0.7301141772665017
4be17c8e1ccfecb0f2a5ef79e045c415,Panama,England,2026-06-27T21:00:00Z,betonlineag,9.5,5.95,1.31,h2h,0.10526315789473684,0.1680672268907563,0.7633587786259541,0.10153782021637607,0.16211920874883573,0.7363429710347882
4be17c8e1ccfecb0f2a5ef79e045c415,Panama,England,2026-06-27T21:00:00Z,leovegas,9.5,5.25,1.32,h2h,0.10526315789473684,0.19047619047619047,0.7575757575757576,0.09993510707332902,0.18083495565650012,0.7192299372701709
4be17c8e1ccfecb0f2a5ef79e045c415,Panama,England,2026-06-27T21:00:00Z,grosvenor,9.0,5.1,1.32,h2h,0.1111111111111111,0.19607843137254904,0.7575757575757576,0.10435267857142856,0.18415178571428573,0.7114955357142857
4be17c8e1ccfecb0f2a5ef79e045c415,Panama,England,2026-06-27T21:00:00Z,leovegas_se,9.5,5.25,1.32,h2h,0.10526315789473684,0.19047619047619047,0.7575757575757576,0.09993510707332902,0.18083495565650012,0.7192299372701709
4be17c8e1ccfecb0f2a5ef79e045c415,Panama,England,2026-06-27T21:00:00Z,casumo,9.5,5.25,1.32,h2h,0.10526315789473684,0.19047619047619047,0.7575757575757576,0.09993510707332902,0.18083495565650012,0.7192299372701709
4be17c8e1ccfecb0f2a5ef79e045c415,Panama,England,2026-06-27T21:00:00Z,tabtouch,9.0,5.1,1.3,h2h,0.1111111111111111,0.19607843137254904,0.7692307692307692,0.10322279308734236,0.18215787015413362,0.7146193367585241
4be17c8e1ccfecb0f2a5ef79e045c415,Panama,England,2026-06-27T21:00:00Z,unibet_nl,10.0,5.4,1.33,h2h,0.1,0.18518518518518517,0.7518796992481203,0.09642598211648452,0.1785666335490454,0.7250073843344701
4be17c8e1ccfecb0f2a5ef79e045c415,Panama,England,2026-06-27T21:00:00Z,betrivers,9.5,5.25,1.32,h2h,0.10526315789473684,0.19047619047619047,0.7575757575757576,0.09993510707332902,0.18083495565650012,0.7192299372701709
4be17c8e1ccfecb0f2a5ef79e045c415,Panama,England,2026-06-27T21:00:00Z,unibet_se,10.0,5.3,1.33,h2h,0.1,0.18867924528301888,0.7518796992481203,0.09610219634896182,0.18132489877162608,0.7225729048794121
4be17c8e1ccfecb0f2a5ef79e045c415,Panama,England,2026-06-27T21:00:00Z,unibet,9.0,5.1,1.3,h2h,0.1111111111111111,0.19607843137254904,0.7692307692307692,0.10322279308734236,0.18215787015413362,0.7146193367585241
4be17c8e1ccfecb0f2a5ef79e045c415,Panama,England,2026-06-27T21:00:00Z,draftkings,8.0,6.5,1.3,h2h,0.125,0.15384615384615385,0.7692307692307692,0.11926605504587158,0.1467889908256881,0.7339449541284404
4be17c8e1ccfecb0f2a5ef79e045c415,Panama,England,2026-06-27T21:00:00Z,mybookieag,8.4,5.4,1.29,h2h,0.11904761904761904,0.18518518518518517,0.7751937984496123,0.11028783129096609,0.17155884867483612,0.7181533200341977
4be17c8e1ccfecb0f2a5ef79e045c415,Panama,England,2026-06-27T21:00:00Z,everygame,7.5,6.5,1.3,h2h,0.13333333333333333,0.15384615384615385,0.7692307692307692,0.12621359223300974,0.1456310679611651,0.7281553398058254
4be17c8e1ccfecb0f2a5ef79e045c415,Panama,England,2026-06-27T21:00:00Z,sport888,9.0,5.5,1.25,h2h,0.1111111111111111,0.18181818181818182,0.8,0.10166358595194083,0.166358595194085,0.7319778188539741
4be17c8e1ccfecb0f2a5ef79e045c415,Panama,England,2026-06-27T21:00:00Z,williamhill,9.0,5.5,1.29,h2h,0.1111111111111111,0.18181818181818182,0.7751937984496123,0.10402463162524742,0.1702221244776776,0.725753243897075
4be17c8e1ccfecb0f2a5ef79e045c415,Panama,England,2026-06-27T21:00:00Z,betright,9.5,5.25,1.26,h2h,0.10526315789473684,0.19047619047619047,0.7936507936507936,0.09662576687116564,0.17484662576687116,0.7285276073619632
4be17c8e1ccfecb0f2a5ef79e045c415,Panama,England,2026-06-27T21:00:00Z,boylesports,11.0,5.5,1.25,h2h,0.09090909090909091,0.18181818181818182,0.8,0.0847457627118644,0.1694915254237288,0.7457627118644068
4be17c8e1ccfecb0f2a5ef79e045c415,Panama,England,2026-06-27T21:00:00Z,coral,9.5,5.75,1.28,h2h,0.10526315789473684,0.17391304347826086,0.78125,0.09926495380673005,0.1640029671589453,0.7367320790343247
4be17c8e1ccfecb0f2a5ef79e045c415,Panama,England,2026-06-27T21:00:00Z,ladbrokes_au,9.25,5.6,1.28,h2h,0.10810810810810811,0.17857142857142858,0.78125,0.10123149926561971,0.1672127443226754,0.7315557564117049
4be17c8e1ccfecb0f2a5ef79e045c415,Panama,England,2026-06-27T21:00:00Z,ladbrokes_uk,9.5,5.75,1.28,h2h,0.10526315789473684,0.17391304347826086,0.78125,0.09926495380673005,0.1640029671589453,0.7367320790343247
4be17c8e1ccfecb0f2a5ef79e045c415,Panama,England,2026-06-27T21:00:00Z,neds,9.25,5.6,1.28,h2h,0.10810810810810811,0.17857142857142858,0.78125,0.10123149926561971,0.1672127443226754,0.7315557564117049
4be17c8e1ccfecb0f2a5ef79e045c415,Panama,England,2026-06-27T21:00:00Z,bovada,8.0,6.5,1.29,h2h,0.125,0.15384615384615385,0.7751937984496123,0.11859133017466941,0.14595856021497775,0.7354501096103528
4be17c8e1ccfecb0f2a5ef79e045c415,Panama,England,2026-06-27T21:00:00Z,betclic_fr,8.25,5.25,1.27,h2h,0.12121212121212122,0.19047619047619047,0.7874015748031495,0.11028408386056321,0.1733035603523136,0.7164123557871231
4be17c8e1ccfecb0f2a5ef79e045c415,Panama,England,2026-06-27T21:00:00Z,tab,10.0,5.0,1.32,h2h,0.1,0.2,0.7575757575757576,0.09455587392550144,0.18911174785100288,0.7163323782234957
67ae5751c401a98409b8566ae4897069,Colombia,Portugal,2026-06-27T23:30:00Z,unibet,3.45,3.25,2.1,h2h,0.2898550724637681,0.3076923076923077,0.47619047619047616,0.26994956986057556,0.28656185108276483,0.4434885790566598
67ae5751c401a98409b8566ae4897069,Colombia,Portugal,2026-06-27T23:30:00Z,grosvenor,3.5,3.25,2.1,h2h,0.2857142857142857,0.3076923076923077,0.47619047619047616,0.2671232876712329,0.28767123287671237,0.4452054794520548
67ae5751c401a98409b8566ae4897069,Colombia,Portugal,2026-06-27T23:30:00Z,leovegas_se,3.55,3.3,2.14,h2h,0.28169014084507044,0.30303030303030304,0.4672897196261682,0.267763706680822,0.28804883597482367,0.4441874573443543
67ae5751c401a98409b8566ae4897069,Colombia,Portugal,2026-06-27T23:30:00Z,unibet_se,3.6,3.35,2.15,h2h,0.2777777777777778,0.29850746268656714,0.46511627906976744,0.2667345616146653,0.2866401259142672,0.44662531247106746
67ae5751c401a98409b8566ae4897069,Colombia,Portugal,2026-06-27T23:30:00Z,tabtouch,3.45,3.25,2.1,h2h,0.2898550724637681,0.3076923076923077,0.47619047619047616,0.26994956986057556,0.28656185108276483,0.4434885790566598
67ae5751c401a98409b8566ae4897069,Colombia,Portugal,2026-06-27T23:30:00Z,pmu_fr,3.55,3.3,2.14,h2h,0.28169014084507044,0.30303030303030304,0.4672897196261682,0.267763706680822,0.28804883597482367,0.4441874573443543
67ae5751c401a98409b8566ae4897069,Colombia,Portugal,2026-06-27T23:30:00Z,winamax_fr,3.0,3.0,1.92,h2h,0.3333333333333333,0.3333333333333333,0.5208333333333334,0.2807017543859649,0.2807017543859649,0.4385964912280702
67ae5751c401a98409b8566ae4897069,Colombia,Portugal,2026-06-27T23:30:00Z,betrivers,3.55,3.3,2.14,h2h,0.28169014084507044,0.30303030303030304,0.4672897196261682,0.267763706680822,0.28804883597482367,0.4441874573443543
67ae5751c401a98409b8566ae4897069,Colombia,Portugal,2026-06-27T23:30:00Z,casumo,3.55,3.3,2.14,h2h,0.28169014084507044,0.30303030303030304,0.4672897196261682,0.267763706680822,0.28804883597482367,0.4441874573443543
67ae5751c401a98409b8566ae4897069,Colombia,Portugal,2026-06-27T23:30:00Z,unibet_nl,3.6,3.4,2.16,h2h,0.2777777777777778,0.29411764705882354,0.4629629629629629,0.26842105263157895,0.28421052631578947,0.4473684210526315
67ae5751c401a98409b8566ae4897069,Colombia,Portugal,2026-06-27T23:30:00Z,leovegas,3.55,3.3,2.14,h2h,0.28169014084507044,0.30303030303030304,0.4672897196261682,0.267763706680822,0.28804883597482367,0.4441874573443543
67ae5751c401a98409b8566ae4897069,Colombia,Portugal,2026-06-27T23:30:00Z,marathonbet,3.54,3.22,2.12,h2h,0.2824858757062147,0.3105590062111801,0.4716981132075471,0.2653089778468714,0.29167508744656045,0.4430159347065682
67ae5751c401a98409b8566ae4897069,Colombia,Portugal,2026-06-27T23:30:00Z,unibet_uk,3.45,3.25,2.1,h2h,0.2898550724637681,0.3076923076923077,0.47619047619047616,0.26994956986057556,0.28656185108276483,0.4434885790566598
67ae5751c401a98409b8566ae4897069,Colombia,Portugal,2026-06-27T23:30:00Z,gtbets,3.52,3.37,2.2,h2h,0.2840909090909091,0.29673590504451036,0.45454545454545453,0.2743852792704772,0.28659827389675946,0.4390164468327634
67ae5751c401a98409b8566ae4897069,Colombia,Portugal,2026-06-27T23:30:00Z,betclic_fr,3.38,3.2,2.03,h2h,0.2958579881656805,0.3125,0.4926108374384237,0.268725127619615,0.28384091604821826,0.4474339563321668
67ae5751c401a98409b8566ae4897069,Colombia,Portugal,2026-06-27T23:30:00Z,betr_au,3.4,3.3,2.1,h2h,0.29411764705882354,0.30303030303030304,0.47619047619047616,0.27402135231316727,0.2823250296559905,0.4436536180308422
67ae5751c401a98409b8566ae4897069,Colombia,Portugal,2026-06-27T23:30:00Z,betfred_uk,3.4,3.4,2.1,h2h,0.29411764705882354,0.29411764705882354,0.47619047619047616,0.27631578947368424,0.27631578947368424,0.4473684210526316
67ae5751c401a98409b8566ae4897069,Colombia,Portugal,2026-06-27T23:30:00Z,sportsbet,3.5,3.4,2.1,h2h,0.2857142857142857,0.29411764705882354,0.47619047619047616,0.27055702917771884,0.2785145888594165,0.4509283819628648
67ae5751c401a98409b8566ae4897069,Colombia,Portugal,2026-06-27T23:30:00Z,paddypower,3.4,3.3,2.1,h2h,0.29411764705882354,0.30303030303030304,0.47619047619047616,0.27402135231316727,0.2823250296559905,0.4436536180308422
67ae5751c401a98409b8566ae4897069,Colombia,Portugal,2026-06-27T23:30:00Z,skybet,3.4,3.3,2.05,h2h,0.29411764705882354,0.30303030303030304,0.48780487804878053,0.271087958324985,0.27930274494089363,0.4496092967341215
67ae5751c401a98409b8566ae4897069,Colombia,Portugal,2026-06-27T23:30:00Z,fanduel,3.5,3.4,2.1,h2h,0.2857142857142857,0.29411764705882354,0.47619047619047616,0.27055702917771884,0.2785145888594165,0.4509283819628648
67ae5751c401a98409b8566ae4897069,Colombia,Portugal,2026-06-27T23:30:00Z,smarkets,3.25,3.05,2.14,h2h,0.3076923076923077,0.3278688524590164,0.4672897196261682,0.27899720019662744,0.2972920985701768,0.4237107012331958
67ae5751c401a98409b8566ae4897069,Colombia,Portugal,2026-06-27T23:30:00Z,pinnacle,3.39,3.24,2.16,h2h,0.2949852507374631,0.30864197530864196,0.4629629629629629,0.2765685019206146,0.2893725992317541,0.43405889884763116
67ae5751c401a98409b8566ae4897069,Colombia,Portugal,2026-06-27T23:30:00Z,betonlineag,3.5,3.4,2.2,h2h,0.2857142857142857,0.29411764705882354,0.45454545454545453,0.276218611521418,0.2843426883308715,0.43943870014771047
67ae5751c401a98409b8566ae4897069,Colombia,Portugal,2026-06-27T23:30:00Z,draftkings,3.5,3.35,2.15,h2h,0.2857142857142857,0.29850746268656714,0.46511627906976744,0.27228050278801624,0.2844721670919573,0.44324733012002643
67ae5751c401a98409b8566ae4897069,Colombia,Portugal,2026-06-27T23:30:00Z,mybookieag,3.42,3.24,2.09,h2h,0.29239766081871343,0.30864197530864196,0.47846889952153115,0.2708618331053351,0.2859097127222982,0.44322845417236667
67ae5751c401a98409b8566ae4897069,Colombia,Portugal,2026-06-27T23:30:00Z,everygame,3.45,3.3,2.2,h2h,0.2898550724637681,0.30303030303030304,0.45454545454545453,0.2767295597484277,0.289308176100629,0.4339622641509434
67ae5751c401a98409b8566ae4897069,Colombia,Portugal,2026-06-27T23:30:00Z,sport888,3.4,3.1,2.1,h2h,0.29411764705882354,0.3225806451612903,0.47619047619047616,0.2691194708557255,0.295163290615957,0.43571723852831745
67ae5751c401a98409b8566ae4897069,Colombia,Portugal,2026-06-27T23:30:00Z,williamhill,3.4,3.2,2.1,h2h,0.29411764705882354,0.3125,0.47619047619047616,0.2716248989490704,0.28860145513338725,0.4397736459175424
67ae5751c401a98409b8566ae4897069,Colombia,Portugal,2026-06-27T23:30:00Z,betright,3.3,3.3,2.1,h2h,0.30303030303030304,0.30303030303030304,0.47619047619047616,0.28,0.28,0.44
67ae5751c401a98409b8566ae4897069,Colombia,Portugal,2026-06-27T23:30:00Z,boylesports,3.4,3.2,2.15,h2h,0.29411764705882354,0.3125,0.46511627906976744,0.2744315915436777,0.29158356601515756,0.43398484244116475
67ae5751c401a98409b8566ae4897069,Colombia,Portugal,2026-06-27T23:30:00Z,coral,3.4,3.4,2.15,h2h,0.29411764705882354,0.29411764705882354,0.46511627906976744,0.2792207792207792,0.2792207792207792,0.44155844155844154
67ae5751c401a98409b8566ae4897069,Colombia,Portugal,2026-06-27T23:30:00Z,ladbrokes_au,3.4,3.3,2.1,h2h,0.29411764705882354,0.30303030303030304,0.47619047619047616,0.27402135231316727,0.2823250296559905,0.4436536180308422
67ae5751c401a98409b8566ae4897069,Colombia,Portugal,2026-06-27T23:30:00Z,neds,3.4,3.3,2.1,h2h,0.29411764705882354,0.30303030303030304,0.47619047619047616,0.27402135231316727,0.2823250296559905,0.4436536180308422
67ae5751c401a98409b8566ae4897069,Colombia,Portugal,2026-06-27T23:30:00Z,ladbrokes_uk,3.4,3.3,2.1,h2h,0.29411764705882354,0.30303030303030304,0.47619047619047616,0.27402135231316727,0.2823250296559905,0.4436536180308422
67ae5751c401a98409b8566ae4897069,Colombia,Portugal,2026-06-27T23:30:00Z,bovada,3.45,3.25,2.18,h2h,0.2898550724637681,0.3076923076923077,0.4587155963302752,0.2744156322017159,0.2913027480295138,0.4342816197687705
67ae5751c401a98409b8566ae4897069,Colombia,Portugal,2026-06-27T23:30:00Z,winamax_de,3.15,3.1,1.98,h2h,0.31746031746031744,0.3225806451612903,0.5050505050505051,0.27723577235772356,0.2817073170731707,0.4410569105691057
67ae5751c401a98409b8566ae4897069,Colombia,Portugal,2026-06-27T23:30:00Z,tab,3.6,3.25,2.05,h2h,0.2777777777777778,0.3076923076923077,0.48780487804878053,0.2588132465766728,0.28668544236185295,0.4545013110614742
67ae5751c401a98409b8566ae4897069,Colombia,Portugal,2026-06-27T23:30:00Z,tipico_de,3.4,3.1,2.15,h2h,0.29411764705882354,0.3225806451612903,0.46511627906976744,0.2718743626351214,0.298184784825617,0.4299408525392617
13eab94a136b9c264ba974cf437a5f71,DR Congo,Uzbekistan,2026-06-27T23:30:00Z,sportsbet,2.3,3.2,3.2,h2h,0.4347826086956522,0.3125,0.3125,0.41025641025641024,0.2948717948717948,0.2948717948717948
13eab94a136b9c264ba974cf437a5f71,DR Congo,Uzbekistan,2026-06-27T23:30:00Z,betfred_uk,2.38,3.2,3.1,h2h,0.42016806722689076,0.3125,0.3225806451612903,0.3981697037810067,0.2961387171871237,0.3056915790318696
13eab94a136b9c264ba974cf437a5f71,DR Congo,Uzbekistan,2026-06-27T23:30:00Z,betr_au,2.35,3.15,3.1,h2h,0.425531914893617,0.31746031746031744,0.3225806451612903,0.39934567017687356,0.29792454759227077,0.3027297822308558
13eab94a136b9c264ba974cf437a5f71,DR Congo,Uzbekistan,2026-06-27T23:30:00Z,winamax_de,2.15,3.1,2.8,h2h,0.46511627906976744,0.3225806451612903,0.35714285714285715,0.4062719400889305,0.281769248771355,0.3119588111397145
13eab94a136b9c264ba974cf437a5f71,DR Congo,Uzbekistan,2026-06-27T23:30:00Z,unibet_uk,2.3,3.25,3.1,h2h,0.4347826086956522,0.3076923076923077,0.3225806451612903,0.40822528363047,0.28889789303079416,0.3028768233387358
13eab94a136b9c264ba974cf437a5f71,DR Congo,Uzbekistan,2026-06-27T23:30:00Z,tipico_de,2.25,3.1,3.1,h2h,0.4444444444444444,0.3225806451612903,0.3225806451612903,0.4078947368421053,0.2960526315789474,0.2960526315789474
13eab94a136b9c264ba974cf437a5f71,DR Congo,Uzbekistan,2026-06-27T23:30:00Z,winamax_fr,2.05,2.95,2.7,h2h,0.48780487804878053,0.3389830508474576,0.37037037037037035,0.4074689858038113,0.28315641386366547,0.30937460033252334
13eab94a136b9c264ba974cf437a5f71,DR Congo,Uzbekistan,2026-06-27T23:30:00Z,fanduel,2.35,3.2,3.2,h2h,0.425531914893617,0.3125,0.3125,0.40506329113924056,0.2974683544303798,0.2974683544303798
13eab94a136b9c264ba974cf437a5f71,DR Congo,Uzbekistan,2026-06-27T23:30:00Z,gtbets,2.36,3.28,3.06,h2h,0.42372881355932207,0.3048780487804878,0.32679738562091504,0.40148484751512054,0.2888732439438062,0.3096419085410733
13eab94a136b9c264ba974cf437a5f71,DR Congo,Uzbekistan,2026-06-27T23:30:00Z,skybet,2.3,3.1,3.1,h2h,0.4347826086956522,0.3225806451612903,0.3225806451612903,0.4025974025974026,0.2987012987012987,0.2987012987012987
13eab94a136b9c264ba974cf437a5f71,DR Congo,Uzbekistan,2026-06-27T23:30:00Z,paddypower,2.3,3.2,3.2,h2h,0.4347826086956522,0.3125,0.3125,0.41025641025641024,0.2948717948717948,0.2948717948717948
13eab94a136b9c264ba974cf437a5f71,DR Congo,Uzbekistan,2026-06-27T23:30:00Z,smarkets,2.38,3.4,2.94,h2h,0.42016806722689076,0.29411764705882354,0.3401360544217687,0.39848197343453506,0.27893738140417457,0.3225806451612903
13eab94a136b9c264ba974cf437a5f71,DR Congo,Uzbekistan,2026-06-27T23:30:00Z,marathonbet,2.28,3.24,3.08,h2h,0.4385964912280702,0.30864197530864196,0.3246753246753247,0.40917142294823855,0.28793544577839003,0.30289313127337136
13eab94a136b9c264ba974cf437a5f71,DR Congo,Uzbekistan,2026-06-27T23:30:00Z,pinnacle,2.28,3.33,3.05,h2h,0.4385964912280702,0.3003003003003003,0.3278688524590164,0.4111460597743585,0.28150541029595716,0.30734852992968437
13eab94a136b9c264ba974cf437a5f71,DR Congo,Uzbekistan,2026-06-27T23:30:00Z,betonlineag,2.36,3.25,3.3,h2h,0.42372881355932207,0.3076923076923077,0.30303030303030304,0.4096169270137112,0.2974449070007257,0.29293816598556316
13eab94a136b9c264ba974cf437a5f71,DR Congo,Uzbekistan,2026-06-27T23:30:00Z,leovegas,2.35,3.2,3.2,h2h,0.425531914893617,0.3125,0.3125,0.40506329113924056,0.2974683544303798,0.2974683544303798
13eab94a136b9c264ba974cf437a5f71,DR Congo,Uzbekistan,2026-06-27T23:30:00Z,casumo,2.35,3.2,3.2,h2h,0.425531914893617,0.3125,0.3125,0.40506329113924056,0.2974683544303798,0.2974683544303798
13eab94a136b9c264ba974cf437a5f71,DR Congo,Uzbekistan,2026-06-27T23:30:00Z,leovegas_se,2.35,3.2,3.2,h2h,0.425531914893617,0.3125,0.3125,0.40506329113924056,0.2974683544303798,0.2974683544303798
13eab94a136b9c264ba974cf437a5f71,DR Congo,Uzbekistan,2026-06-27T23:30:00Z,tabtouch,2.3,3.15,3.15,h2h,0.4347826086956522,0.31746031746031744,0.31746031746031744,0.4064516129032258,0.296774193548387,0.296774193548387
13eab94a136b9c264ba974cf437a5f71,DR Congo,Uzbekistan,2026-06-27T23:30:00Z,unibet_nl,2.38,3.25,3.25,h2h,0.42016806722689076,0.3076923076923077,0.3076923076923077,0.40574282147315854,0.29712858926342073,0.29712858926342073
13eab94a136b9c264ba974cf437a5f71,DR Congo,Uzbekistan,2026-06-27T23:30:00Z,betrivers,2.35,3.2,3.2,h2h,0.425531914893617,0.3125,0.3125,0.40506329113924056,0.2974683544303798,0.2974683544303798
13eab94a136b9c264ba974cf437a5f71,DR Congo,Uzbekistan,2026-06-27T23:30:00Z,grosvenor,2.32,3.15,3.15,h2h,0.4310344827586207,0.31746031746031744,0.31746031746031744,0.4043645699614891,0.2978177150192554,0.2978177150192554
13eab94a136b9c264ba974cf437a5f71,DR Congo,Uzbekistan,2026-06-27T23:30:00Z,pmu_fr,2.35,3.2,3.2,h2h,0.425531914893617,0.3125,0.3125,0.40506329113924056,0.2974683544303798,0.2974683544303798
13eab94a136b9c264ba974cf437a5f71,DR Congo,Uzbekistan,2026-06-27T23:30:00Z,unibet_se,2.35,3.25,3.25,h2h,0.425531914893617,0.3076923076923077,0.3076923076923077,0.4088050314465409,0.2955974842767296,0.2955974842767296
13eab94a136b9c264ba974cf437a5f71,DR Congo,Uzbekistan,2026-06-27T23:30:00Z,unibet,2.3,3.15,3.15,h2h,0.4347826086956522,0.31746031746031744,0.31746031746031744,0.4064516129032258,0.296774193548387,0.296774193548387
13eab94a136b9c264ba974cf437a5f71,DR Congo,Uzbekistan,2026-06-27T23:30:00Z,draftkings,2.3,3.35,3.15,h2h,0.4347826086956522,0.29850746268656714,0.31746031746031744,0.4137829624546614,0.28408979511812565,0.30212724242721306
13eab94a136b9c264ba974cf437a5f71,DR Congo,Uzbekistan,2026-06-27T23:30:00Z,mybookieag,2.28,3.2,3.04,h2h,0.4385964912280702,0.3125,0.32894736842105265,0.40609137055837563,0.2893401015228426,0.30456852791878175
13eab94a136b9c264ba974cf437a5f71,DR Congo,Uzbekistan,2026-06-27T23:30:00Z,everygame,2.3,3.4,3.15,h2h,0.4347826086956522,0.29411764705882354,0.31746031746031744,0.4155189136760427,0.281086323957323,0.3033947623666343
13eab94a136b9c264ba974cf437a5f71,DR Congo,Uzbekistan,2026-06-27T23:30:00Z,sport888,2.3,3.1,3.0,h2h,0.4347826086956522,0.3225806451612903,0.3333333333333333,0.3986283754822118,0.2957565366480926,0.30561508786969566
13eab94a136b9c264ba974cf437a5f71,DR Congo,Uzbekistan,2026-06-27T23:30:00Z,williamhill,2.3,3.2,3.0,h2h,0.4347826086956522,0.3125,0.3333333333333333,0.4023470243084661,0.28918692372170995,0.3084660519698239
13eab94a136b9c264ba974cf437a5f71,DR Congo,Uzbekistan,2026-06-27T23:30:00Z,betright,2.3,3.1,3.05,h2h,0.4347826086956522,0.3225806451612903,0.3278688524590164,0.4006355932203389,0.2972457627118643,0.3021186440677966
13eab94a136b9c264ba974cf437a5f71,DR Congo,Uzbekistan,2026-06-27T23:30:00Z,boylesports,2.25,3.25,3.1,h2h,0.4444444444444444,0.3076923076923077,0.3225806451612903,0.41354540790148797,0.2863006670087225,0.30015392508978966
13eab94a136b9c264ba974cf437a5f71,DR Congo,Uzbekistan,2026-06-27T23:30:00Z,coral,2.4,3.2,3.0,h2h,0.4166666666666667,0.3125,0.3333333333333333,0.39215686274509803,0.29411764705882354,0.3137254901960784
13eab94a136b9c264ba974cf437a5f71,DR Congo,Uzbekistan,2026-06-27T23:30:00Z,ladbrokes_au,2.4,3.15,3.0,h2h,0.4166666666666667,0.31746031746031744,0.3333333333333333,0.39033457249070636,0.29739776951672864,0.31226765799256506
13eab94a136b9c264ba974cf437a5f71,DR Congo,Uzbekistan,2026-06-27T23:30:00Z,neds,2.4,3.15,3.0,h2h,0.4166666666666667,0.31746031746031744,0.3333333333333333,0.39033457249070636,0.29739776951672864,0.31226765799256506
13eab94a136b9c264ba974cf437a5f71,DR Congo,Uzbekistan,2026-06-27T23:30:00Z,ladbrokes_uk,2.4,3.2,3.0,h2h,0.4166666666666667,0.3125,0.3333333333333333,0.39215686274509803,0.29411764705882354,0.3137254901960784
13eab94a136b9c264ba974cf437a5f71,DR Congo,Uzbekistan,2026-06-27T23:30:00Z,bovada,2.31,3.35,3.1,h2h,0.4329004329004329,0.29850746268656714,0.3225806451612903,0.4107259388162709,0.28321699064644346,0.3060570705372857
13eab94a136b9c264ba974cf437a5f71,DR Congo,Uzbekistan,2026-06-27T23:30:00Z,betclic_fr,2.22,3.15,3.0,h2h,0.4504504504504504,0.31746031746031744,0.3333333333333333,0.40903778730035056,0.28827425009738994,0.30268796260225944
13eab94a136b9c264ba974cf437a5f71,DR Congo,Uzbekistan,2026-06-27T23:30:00Z,tab,2.25,3.1,3.2,h2h,0.4444444444444444,0.3225806451612903,0.3125,0.41170367296119526,0.2988171819879643,0.28947914505084044
8756200e539155e571557c4f2e0d7f05,Algeria,Austria,2026-06-28T02:00:00Z,sportsbet,3.4,3.3,2.2,h2h,0.29411764705882354,0.30303030303030304,0.45454545454545453,0.2796610169491525,0.288135593220339,0.43220338983050843
8756200e539155e571557c4f2e0d7f05,Algeria,Austria,2026-06-28T02:00:00Z,unibet_uk,3.4,3.15,2.2,h2h,0.29411764705882354,0.31746031746031744,0.45454545454545453,0.27587579617834396,0.2977707006369426,0.4263535031847133
8756200e539155e571557c4f2e0d7f05,Algeria,Austria,2026-06-28T02:00:00Z,winamax_fr,2.95,2.85,1.98,h2h,0.3389830508474576,0.3508771929824561,0.5050505050505051,0.28368901289495513,0.2936430133474097,0.42266797375763526
8756200e539155e571557c4f2e0d7f05,Algeria,Austria,2026-06-28T02:00:00Z,betr_au,3.25,3.3,2.2,h2h,0.3076923076923077,0.30303030303030304,0.45454545454545453,0.2888402625820569,0.2844638949671772,0.42669584245076586
8756200e539155e571557c4f2e0d7f05,Algeria,Austria,2026-06-28T02:00:00Z,gtbets,3.32,3.15,2.3,h2h,0.30120481927710846,0.31746031746031744,0.4347826086956522,0.2859228856703106,0.3013536445795019,0.4127234697501875
8756200e539155e571557c4f2e0d7f05,Algeria,Austria,2026-06-28T02:00:00Z,skybet,3.3,3.25,2.15,h2h,0.30303030303030304,0.3076923076923077,0.46511627906976744,0.2816688501461252,0.2860022170714502,0.4323289327824247
8756200e539155e571557c4f2e0d7f05,Algeria,Austria,2026-06-28T02:00:00Z,fanduel,3.4,3.3,2.2,h2h,0.29411764705882354,0.30303030303030304,0.45454545454545453,0.2796610169491525,0.288135593220339,0.43220338983050843
8756200e539155e571557c4f2e0d7f05,Algeria,Austria,2026-06-28T02:00:00Z,betfred_uk,3.3,3.3,2.2,h2h,0.30303030303030304,0.30303030303030304,0.45454545454545453,0.28571428571428575,0.28571428571428575,0.4285714285714286
8756200e539155e571557c4f2e0d7f05,Algeria,Austria,2026-06-28T02:00:00Z,paddypower,3.3,3.3,2.15,h2h,0.30303030303030304,0.30303030303030304,0.46511627906976744,0.28289473684210525,0.28289473684210525,0.43421052631578944
8756200e539155e571557c4f2e0d7f05,Algeria,Austria,2026-06-28T02:00:00Z,smarkets,3.45,3.0,2.1,h2h,0.2898550724637681,0.3333333333333333,0.47619047619047616,0.2636534839924671,0.3032015065913371,0.4331450094161958
8756200e539155e571557c4f2e0d7f05,Algeria,Austria,2026-06-28T02:00:00Z,marathonbet,3.48,3.12,2.15,h2h,0.28735632183908044,0.3205128205128205,0.46511627906976744,0.26781008958942176,0.29871125377281654,0.43347865663776175
8756200e539155e571557c4f2e0d7f05,Algeria,Austria,2026-06-28T02:00:00Z,pinnacle,3.74,3.03,2.13,h2h,0.267379679144385,0.33003300330033003,0.4694835680751174,0.25061450821868336,0.309339359979497,0.44004613180181973
8756200e539155e571557c4f2e0d7f05,Algeria,Austria,2026-06-28T02:00:00Z,betonlineag,3.85,3.15,2.18,h2h,0.2597402597402597,0.31746031746031744,0.4587155963302752,0.2507348242811501,0.30645367412140573,0.4428115015974441
8756200e539155e571557c4f2e0d7f05,Algeria,Austria,2026-06-28T02:00:00Z,leovegas,3.45,3.3,2.18,h2h,0.2898550724637681,0.30303030303030304,0.4587155963302752,0.275632183908046,0.2881609195402299,0.43620689655172407
8756200e539155e571557c4f2e0d7f05,Algeria,Austria,2026-06-28T02:00:00Z,casumo,3.45,3.3,2.18,h2h,0.2898550724637681,0.30303030303030304,0.4587155963302752,0.275632183908046,0.2881609195402299,0.43620689655172407
8756200e539155e571557c4f2e0d7f05,Algeria,Austria,2026-06-28T02:00:00Z,leovegas_se,3.45,3.3,2.18,h2h,0.2898550724637681,0.30303030303030304,0.4587155963302752,0.275632183908046,0.2881609195402299,0.43620689655172407
8756200e539155e571557c4f2e0d7f05,Algeria,Austria,2026-06-28T02:00:00Z,tabtouch,3.4,3.2,2.14,h2h,0.29411764705882354,0.3125,0.4672897196261682,0.2738761798112302,0.29099344104943203,0.43513037913933766
8756200e539155e571557c4f2e0d7f05,Algeria,Austria,2026-06-28T02:00:00Z,unibet_nl,3.55,3.35,2.2,h2h,0.28169014084507044,0.29850746268656714,0.45454545454545453,0.2722319697109613,0.28848462461907837,0.43928340566996027
8756200e539155e571557c4f2e0d7f05,Algeria,Austria,2026-06-28T02:00:00Z,betrivers,3.45,3.3,2.18,h2h,0.2898550724637681,0.30303030303030304,0.4587155963302752,0.275632183908046,0.2881609195402299,0.43620689655172407
8756200e539155e571557c4f2e0d7f05,Algeria,Austria,2026-06-28T02:00:00Z,grosvenor,3.4,3.25,2.16,h2h,0.29411764705882354,0.3076923076923077,0.4629629629629629,0.27622570236877314,0.2889745809396396,0.4347997166915873
8756200e539155e571557c4f2e0d7f05,Algeria,Austria,2026-06-28T02:00:00Z,unibet_se,3.5,3.35,2.2,h2h,0.2857142857142857,0.29850746268656714,0.45454545454545453,0.2750513155439448,0.2873670460906886,0.43758163836536673
8756200e539155e571557c4f2e0d7f05,Algeria,Austria,2026-06-28T02:00:00Z,unibet,3.4,3.2,2.14,h2h,0.29411764705882354,0.3125,0.4672897196261682,0.2738761798112302,0.29099344104943203,0.43513037913933766
8756200e539155e571557c4f2e0d7f05,Algeria,Austria,2026-06-28T02:00:00Z,draftkings,3.55,3.15,2.25,h2h,0.28169014084507044,0.31746031746031744,0.4444444444444444,0.2699228791773779,0.3041988003427592,0.42587832047986285
8756200e539155e571557c4f2e0d7f05,Algeria,Austria,2026-06-28T02:00:00Z,mybookieag,3.36,3.1,2.17,h2h,0.2976190476190476,0.3225806451612903,0.4608294930875576,0.2753108348134991,0.2984014209591474,0.4262877442273535
8756200e539155e571557c4f2e0d7f05,Algeria,Austria,2026-06-28T02:00:00Z,everygame,3.85,3.1,2.15,h2h,0.2597402597402597,0.3225806451612903,0.46511627906976744,0.2479769323783834,0.30797135150218585,0.4440517161194308
8756200e539155e571557c4f2e0d7f05,Algeria,Austria,2026-06-28T02:00:00Z,sport888,3.25,3.1,2.15,h2h,0.3076923076923077,0.3225806451612903,0.46511627906976744,0.2808976925508377,0.2944895163839427,0.4246127910652197
8756200e539155e571557c4f2e0d7f05,Algeria,Austria,2026-06-28T02:00:00Z,williamhill,3.3,3.1,2.2,h2h,0.30303030303030304,0.3225806451612903,0.45454545454545453,0.28054298642533937,0.2986425339366516,0.42081447963800905
8756200e539155e571557c4f2e0d7f05,Algeria,Austria,2026-06-28T02:00:00Z,betright,3.2,3.2,2.15,h2h,0.3125,0.3125,0.46511627906976744,0.2866666666666667,0.2866666666666667,0.4266666666666667
8756200e539155e571557c4f2e0d7f05,Algeria,Austria,2026-06-28T02:00:00Z,boylesports,3.6,3.2,2.05,h2h,0.2777777777777778,0.3125,0.48780487804878053,0.25765907305577374,0.28986645718774545,0.45247446975648076
8756200e539155e571557c4f2e0d7f05,Algeria,Austria,2026-06-28T02:00:00Z,coral,3.25,3.3,2.2,h2h,0.3076923076923077,0.30303030303030304,0.45454545454545453,0.2888402625820569,0.2844638949671772,0.42669584245076586
8756200e539155e571557c4f2e0d7f05,Algeria,Austria,2026-06-28T02:00:00Z,ladbrokes_au,3.25,3.3,2.2,h2h,0.3076923076923077,0.30303030303030304,0.45454545454545453,0.2888402625820569,0.2844638949671772,0.42669584245076586
8756200e539155e571557c4f2e0d7f05,Algeria,Austria,2026-06-28T02:00:00Z,ladbrokes_uk,3.25,3.3,2.2,h2h,0.3076923076923077,0.30303030303030304,0.45454545454545453,0.2888402625820569,0.2844638949671772,0.42669584245076586
8756200e539155e571557c4f2e0d7f05,Algeria,Austria,2026-06-28T02:00:00Z,neds,3.25,3.3,2.2,h2h,0.3076923076923077,0.30303030303030304,0.45454545454545453,0.2888402625820569,0.2844638949671772,0.42669584245076586
8756200e539155e571557c4f2e0d7f05,Algeria,Austria,2026-06-28T02:00:00Z,bovada,3.8,3.05,2.15,h2h,0.2631578947368421,0.3278688524590164,0.46511627906976744,0.2491688040277382,0.31043982141160825,0.4403913745606535
8756200e539155e571557c4f2e0d7f05,Algeria,Austria,2026-06-28T02:00:00Z,betclic_fr,3.33,3.07,2.12,h2h,0.3003003003003003,0.32573289902280134,0.4716981132075471,0.2735644841978723,0.29673281184980943,0.4297027039523183
8756200e539155e571557c4f2e0d7f05,Algeria,Austria,2026-06-28T02:00:00Z,winamax_de,3.1,3.0,2.05,h2h,0.3225806451612903,0.3333333333333333,0.48780487804878053,0.28204540243063514,0.29144691584498966,0.42650768172437514
8756200e539155e571557c4f2e0d7f05,Algeria,Austria,2026-06-28T02:00:00Z,tab,3.15,3.3,2.3,h2h,0.31746031746031744,0.30303030303030304,0.4347826086956522,0.3008323424494649,0.28715814506539833,0.41200951248513673
8756200e539155e571557c4f2e0d7f05,Algeria,Austria,2026-06-28T02:00:00Z,tipico_de,3.6,3.0,2.1,h2h,0.2777777777777778,0.3333333333333333,0.47619047619047616,0.2554744525547445,0.3065693430656934,0.43795620437956195
54697f453437ab26276d773be1d72e9b,Jordan,Argentina,2026-06-28T02:00:00Z,sportsbet,15.0,6.5,1.18,h2h,0.06666666666666667,0.15384615384615385,0.8474576271186441,0.06242369984536501,0.14405469195084236,0.7935216082037927
54697f453437ab26276d773be1d72e9b,Jordan,Argentina,2026-06-28T02:00:00Z,tipico_de,14.0,6.2,1.17,h2h,0.07142857142857142,0.16129032258064516,0.8547008547008548,0.06568629226506328,0.14832388575982033,0.7859898219751164
54697f453437ab26276d773be1d72e9b,Jordan,Argentina,2026-06-28T02:00:00Z,unibet_uk,14.0,6.0,1.2,h2h,0.07142857142857142,0.16666666666666666,0.8333333333333334,0.06666666666666667,0.15555555555555556,0.7777777777777778
54697f453437ab26276d773be1d72e9b,Jordan,Argentina,2026-06-28T02:00:00Z,betfred_uk,13.0,6.5,1.2,h2h,0.07692307692307693,0.15384615384615385,0.8333333333333334,0.07228915662650603,0.14457831325301207,0.783132530120482
54697f453437ab26276d773be1d72e9b,Jordan,Argentina,2026-06-28T02:00:00Z,winamax_fr,9.0,5.2,1.13,h2h,0.1111111111111111,0.1923076923076923,0.8849557522123894,0.09349839289692262,0.16182414155236607,0.7446774655507112
54697f453437ab26276d773be1d72e9b,Jordan,Argentina,2026-06-28T02:00:00Z,winamax_de,9.5,5.8,1.15,h2h,0.10526315789473684,0.1724137931034483,0.8695652173913044,0.0917532154893734,0.15028543916362885,0.7579613453469978
54697f453437ab26276d773be1d72e9b,Jordan,Argentina,2026-06-28T02:00:00Z,smarkets,14.99,6.8,1.2,h2h,0.066711140760507,0.14705882352941177,0.8333333333333334,0.0637101811367895,0.14044347282948158,0.795846346033729
54697f453437ab26276d773be1d72e9b,Jordan,Argentina,2026-06-28T02:00:00Z,betr_au,13.0,6.25,1.2,h2h,0.07692307692307693,0.16,0.8333333333333334,0.07187350263536177,0.14949688548155246,0.7786296118830858
54697f453437ab26276d773be1d72e9b,Jordan,Argentina,2026-06-28T02:00:00Z,gtbets,12.33,6.4,1.21,h2h,0.08110300081103,0.15625,0.8264462809917356,0.07623900692392736,0.14687921177687882,0.7768817812991938
54697f453437ab26276d773be1d72e9b,Jordan,Argentina,2026-06-28T02:00:00Z,skybet,13.0,6.5,1.17,h2h,0.07692307692307693,0.15384615384615385,0.8547008547008548,0.07086614173228346,0.14173228346456693,0.7874015748031495
54697f453437ab26276d773be1d72e9b,Jordan,Argentina,2026-06-28T02:00:00Z,fanduel,15.0,6.5,1.18,h2h,0.06666666666666667,0.15384615384615385,0.8474576271186441,0.06242369984536501,0.14405469195084236,0.7935216082037927
54697f453437ab26276d773be1d72e9b,Jordan,Argentina,2026-06-28T02:00:00Z,paddypower,15.0,6.5,1.17,h2h,0.06666666666666667,0.15384615384615385,0.8547008547008548,0.062003179650238466,0.14308426073131955,0.7949125596184419
54697f453437ab26276d773be1d72e9b,Jordan,Argentina,2026-06-28T02:00:00Z,marathonbet,13.75,6.65,1.18,h2h,0.07272727272727272,0.15037593984962405,0.8474576271186441,0.06793380631030348,0.14046463710777035,0.7916015565819262
54697f453437ab26276d773be1d72e9b,Jordan,Argentina,2026-06-28T02:00:00Z,pinnacle,13.04,6.98,1.17,h2h,0.07668711656441718,0.14326647564469913,0.8547008547008548,0.07135979084711462,0.13331399321581297,0.7953262159370724
54697f453437ab26276d773be1d72e9b,Jordan,Argentina,2026-06-28T02:00:00Z,betonlineag,14.0,7.25,1.21,h2h,0.07142857142857142,0.13793103448275862,0.8264462809917356,0.06895941829615801,0.13316301464085684,0.7978775670629852
54697f453437ab26276d773be1d72e9b,Jordan,Argentina,2026-06-28T02:00:00Z,leovegas,13.0,6.1,1.23,h2h,0.07692307692307693,0.1639344262295082,0.8130081300813008,0.07299135155117567,0.15555533937135801,0.7714533090774665
54697f453437ab26276d773be1d72e9b,Jordan,Argentina,2026-06-28T02:00:00Z,casumo,13.0,6.1,1.23,h2h,0.07692307692307693,0.1639344262295082,0.8130081300813008,0.07299135155117567,0.15555533937135801,0.7714533090774665
54697f453437ab26276d773be1d72e9b,Jordan,Argentina,2026-06-28T02:00:00Z,leovegas_se,13.0,6.1,1.23,h2h,0.07692307692307693,0.1639344262295082,0.8130081300813008,0.07299135155117567,0.15555533937135801,0.7714533090774665
54697f453437ab26276d773be1d72e9b,Jordan,Argentina,2026-06-28T02:00:00Z,tabtouch,12.5,6.0,1.22,h2h,0.08,0.16666666666666666,0.819672131147541,0.07502306036691607,0.15629804243107512,0.7686788972020089
54697f453437ab26276d773be1d72e9b,Jordan,Argentina,2026-06-28T02:00:00Z,unibet_nl,14.0,6.25,1.24,h2h,0.07142857142857142,0.16,0.8064516129032259,0.06882159666104253,0.15416037652073528,0.7770180268182222
54697f453437ab26276d773be1d72e9b,Jordan,Argentina,2026-06-28T02:00:00Z,betrivers,13.0,6.1,1.23,h2h,0.07692307692307693,0.1639344262295082,0.8130081300813008,0.07299135155117567,0.15555533937135801,0.7714533090774665
54697f453437ab26276d773be1d72e9b,Jordan,Argentina,2026-06-28T02:00:00Z,grosvenor,12.5,6.0,1.22,h2h,0.08,0.16666666666666666,0.819672131147541,0.07502306036691607,0.15629804243107512,0.7686788972020089
54697f453437ab26276d773be1d72e9b,Jordan,Argentina,2026-06-28T02:00:00Z,unibet_se,14.0,6.25,1.23,h2h,0.07142857142857142,0.16,0.8130081300813008,0.06838956475324155,0.1531926250472611,0.7784178101994974
54697f453437ab26276d773be1d72e9b,Jordan,Argentina,2026-06-28T02:00:00Z,unibet,12.5,6.0,1.22,h2h,0.08,0.16666666666666666,0.819672131147541,0.07502306036691607,0.15629804243107512,0.7686788972020089
54697f453437ab26276d773be1d72e9b,Jordan,Argentina,2026-06-28T02:00:00Z,draftkings,13.0,7.0,1.2,h2h,0.07692307692307693,0.14285714285714285,0.8333333333333334,0.07304347826086957,0.13565217391304346,0.7913043478260869
54697f453437ab26276d773be1d72e9b,Jordan,Argentina,2026-06-28T02:00:00Z,mybookieag,12.5,6.2,1.19,h2h,0.08,0.16129032258064516,0.8403361344537815,0.07396268783896223,0.14911832225597224,0.7769189899050655
54697f453437ab26276d773be1d72e9b,Jordan,Argentina,2026-06-28T02:00:00Z,everygame,13.0,7.5,1.18,h2h,0.07692307692307693,0.13333333333333333,0.8474576271186441,0.07272577861779932,0.12605801627085214,0.8012162051113485
54697f453437ab26276d773be1d72e9b,Jordan,Argentina,2026-06-28T02:00:00Z,sport888,13.0,6.0,1.2,h2h,0.07692307692307693,0.16666666666666666,0.8333333333333334,0.07142857142857144,0.15476190476190477,0.7738095238095238
54697f453437ab26276d773be1d72e9b,Jordan,Argentina,2026-06-28T02:00:00Z,williamhill,13.0,6.5,1.2,h2h,0.07692307692307693,0.15384615384615385,0.8333333333333334,0.07228915662650603,0.14457831325301207,0.783132530120482
54697f453437ab26276d773be1d72e9b,Jordan,Argentina,2026-06-28T02:00:00Z,betright,12.0,6.0,1.19,h2h,0.08333333333333333,0.16666666666666666,0.8403361344537815,0.0764290301862556,0.1528580603725112,0.770712909441233
54697f453437ab26276d773be1d72e9b,Jordan,Argentina,2026-06-28T02:00:00Z,boylesports,15.0,6.5,1.18,h2h,0.06666666666666667,0.15384615384615385,0.8474576271186441,0.06242369984536501,0.14405469195084236,0.7935216082037927
54697f453437ab26276d773be1d72e9b,Jordan,Argentina,2026-06-28T02:00:00Z,neds,12.0,6.75,1.19,h2h,0.08333333333333333,0.14814814814814814,0.8403361344537815,0.07774954627949182,0.13822141560798548,0.7840290381125227
54697f453437ab26276d773be1d72e9b,Jordan,Argentina,2026-06-28T02:00:00Z,ladbrokes_uk,13.0,7.0,1.2,h2h,0.07692307692307693,0.14285714285714285,0.8333333333333334,0.07304347826086957,0.13565217391304346,0.7913043478260869
54697f453437ab26276d773be1d72e9b,Jordan,Argentina,2026-06-28T02:00:00Z,coral,13.0,7.0,1.2,h2h,0.07692307692307693,0.14285714285714285,0.8333333333333334,0.07304347826086957,0.13565217391304346,0.7913043478260869
54697f453437ab26276d773be1d72e9b,Jordan,Argentina,2026-06-28T02:00:00Z,ladbrokes_au,12.0,6.75,1.19,h2h,0.08333333333333333,0.14814814814814814,0.8403361344537815,0.07774954627949182,0.13822141560798548,0.7840290381125227
54697f453437ab26276d773be1d72e9b,Jordan,Argentina,2026-06-28T02:00:00Z,bovada,15.0,7.5,1.17,h2h,0.06666666666666667,0.13333333333333333,0.8547008547008548,0.06320907617504051,0.12641815235008103,0.8103727714748785
54697f453437ab26276d773be1d72e9b,Jordan,Argentina,2026-06-28T02:00:00Z,betclic_fr,12.0,6.1,1.17,h2h,0.08333333333333333,0.1639344262295082,0.8547008547008548,0.07562223846911853,0.14876505928351189,0.7756127022473697
54697f453437ab26276d773be1d72e9b,Jordan,Argentina,2026-06-28T02:00:00Z,tab,15.0,6.0,1.22,h2h,0.06666666666666667,0.16666666666666666,0.819672131147541,0.06331084587441618,0.15827711468604044,0.7784120394395433
